#
# There is insufficient memory for the Java Runtime Environment to continue.
# Native memory allocation (mmap) failed to map 65536 bytes. Error detail: Failed to commit metaspace.
# Possible reasons:
#   The system is out of physical RAM or swap space
#   This process is running with CompressedOops enabled, and the Java Heap may be blocking the growth of the native heap
# Possible solutions:
#   Reduce memory load on the system
#   Increase physical memory or swap space
#   Check if swap backing store is full
#   Decrease Java heap size (-Xmx/-Xms)
#   Decrease number of Java threads
#   Decrease Java thread stack sizes (-Xss)
#   Set larger code cache with -XX:ReservedCodeCacheSize=
#   JVM is running with Unscaled Compressed Oops mode in which the Java heap is
#     placed in the first 4GB address space. The Java Heap base address is the
#     maximum limit for the native heap growth. Please use -XX:HeapBaseMinAddress
#     to set the Java Heap base and to place the Java Heap above 4GB virtual address.
# This output file may be truncated or incomplete.
#
#  Out of Memory Error (virtualSpaceNode.cpp:113), pid=14780, tid=42244
#
# JRE version: OpenJDK Runtime Environment Temurin-21.0.12.1+1 (21.0.12.1+1) (build 21.0.12.1+1-LTS)
# Java VM: OpenJDK 64-Bit Server VM Temurin-21.0.12.1+1 (21.0.12.1+1-LTS, mixed mode, sharing, tiered, compressed oops, compressed class ptrs, g1 gc, windows-amd64)
# No core dump will be written. Minidumps are not enabled by default on client versions of Windows
#

---------------  S U M M A R Y ------------

Command Line: --add-opens=java.base/java.util=ALL-UNNAMED --add-opens=java.base/java.lang=ALL-UNNAMED --add-opens=java.base/java.lang.invoke=ALL-UNNAMED --add-opens=java.prefs/java.util.prefs=ALL-UNNAMED --add-exports=jdk.compiler/com.sun.tools.javac.api=ALL-UNNAMED --add-exports=jdk.compiler/com.sun.tools.javac.util=ALL-UNNAMED --add-opens=java.base/java.nio.charset=ALL-UNNAMED --add-opens=java.base/java.net=ALL-UNNAMED --add-opens=java.base/java.util.concurrent.atomic=ALL-UNNAMED -XX:MaxMetaspaceSize=384m -XX:+HeapDumpOnOutOfMemoryError -Xms256m -Xmx512m -Dfile.encoding=utf8 -Duser.country=IN -Duser.language=en -Duser.variant -javaagent:C:\Users\Yogesh\.gradle\wrapper\dists\gradle-8.9-bin\90cnw93cvbtalezasaz0blq0a\gradle-8.9\lib\agents\gradle-instrumentation-agent-8.9.jar org.gradle.launcher.daemon.bootstrap.GradleDaemon 8.9

Host: 11th Gen Intel(R) Core(TM) i5-1135G7 @ 2.40GHz, 8 cores, 15G,  Windows 11 , 64 bit Build 26100 (10.0.26100.9168)
Time: Sat Sep 12 14:45:00 2026 India Standard Time elapsed time: 116.606075 seconds (0d 0h 1m 56s)

---------------  T H R E A D  ---------------

Current thread (0x0000029445201fb0):  JavaThread "Daemon worker"        [_thread_in_vm, id=42244, stack(0x000000f8f8600000,0x000000f8f8700000) (1024K)]

Stack: [0x000000f8f8600000,0x000000f8f8700000]
Native frames: (J=compiled Java code, j=interpreted, Vv=VM code, C=native code)
V  [jvm.dll+0x6d83e9]
V  [jvm.dll+0x8b5736]
V  [jvm.dll+0x8b7cee]
V  [jvm.dll+0x8b83d3]
V  [jvm.dll+0x284596]
V  [jvm.dll+0x8b147e]
V  [jvm.dll+0x679ad4]
V  [jvm.dll+0x1e849b]
V  [jvm.dll+0x1e825e]
V  [jvm.dll+0x67c3d2]
V  [jvm.dll+0x67c202]
V  [jvm.dll+0x67a4ae]
V  [jvm.dll+0x281467]
V  [jvm.dll+0x72e6df]
V  [jvm.dll+0x72f21f]
V  [jvm.dll+0x3ccb91]
V  [jvm.dll+0x3cca18]
V  [jvm.dll+0x3cb967]
V  [jvm.dll+0x3cb908]
V  [jvm.dll+0x3dd3aa]
C  0x000002941f4bab54

The last pc belongs to new (printed below).
Java frames: (J=compiled Java code, j=interpreted, Vv=VM code)
j  org.gradle.api.internal.provider.AbstractMinimalProvider.asSupplier(Lorg/gradle/internal/DisplayName;Ljava/lang/Class;Lorg/gradle/api/internal/provider/ValueSanitizer;)Lorg/gradle/api/internal/provider/ProviderInternal;+68
j  org.gradle.api.internal.provider.DefaultProperty.convention(Lorg/gradle/api/provider/Provider;)Lorg/gradle/api/provider/Property;+31
j  org.gradle.api.internal.cache.DefaultCacheConfigurations$ContextualErrorMessageProperty.lambda$convention$5(Lorg/gradle/api/provider/Provider;)V+2
j  org.gradle.api.internal.cache.DefaultCacheConfigurations$ContextualErrorMessageProperty$$Lambda+0x000002942c1fb158.run()V+8
j  org.gradle.api.internal.cache.DefaultCacheConfigurations$ContextualErrorMessageProperty.onlyIfMutable(Ljava/lang/Runnable;)V+13
j  org.gradle.api.internal.cache.DefaultCacheConfigurations$ContextualErrorMessageProperty.convention(Lorg/gradle/api/provider/Provider;)Lorg/gradle/api/internal/cache/DefaultCacheConfigurations$ContextualErrorMessageProperty;+8
j  org.gradle.api.internal.cache.DefaultCacheConfigurations$ContextualErrorMessageProperty.convention(Lorg/gradle/api/provider/Provider;)Lorg/gradle/api/provider/Property;+2
j  org.gradle.api.internal.cache.DefaultCacheConfigurations.createResourceConfiguration(Lorg/gradle/api/model/ObjectFactory;Ljava/lang/String;I)Lorg/gradle/api/internal/cache/CacheResourceConfigurationInternal;+33
j  org.gradle.api.internal.cache.DefaultCacheConfigurations.<init>(Lorg/gradle/api/model/ObjectFactory;Lorg/gradle/api/internal/provider/PropertyHost;Lorg/gradle/cache/internal/LegacyCacheCleanupEnablement;)V+10
j  org.gradle.api.internal.cache.DefaultCacheConfigurations_Decorated.<init>(Lorg/gradle/api/model/ObjectFactory;Lorg/gradle/api/internal/provider/PropertyHost;Lorg/gradle/cache/internal/LegacyCacheCleanupEnablement;)V+4
j  java.lang.invoke.DirectMethodHandle$Holder.newInvokeSpecial(Ljava/lang/Object;Ljava/lang/Object;Ljava/lang/Object;Ljava/lang/Object;)Ljava/lang/Object;+22 java.base@21.0.12.1
j  java.lang.invoke.LambdaForm$MH+0x000002942c1f0800.invoke(Ljava/lang/Object;Ljava/lang/Object;Ljava/lang/Object;Ljava/lang/Object;)Ljava/lang/Object;+73 java.base@21.0.12.1
j  java.lang.invoke.LambdaForm$MH+0x000002942c002800.invokeExact_MT(Ljava/lang/Object;Ljava/lang/Object;Ljava/lang/Object;Ljava/lang/Object;Ljava/lang/Object;)Ljava/lang/Object;+22 java.base@21.0.12.1
J 1830 c1 jdk.internal.reflect.DirectConstructorHandleAccessor.newInstance([Ljava/lang/Object;)Ljava/lang/Object; java.base@21.0.12.1 (130 bytes) @ 0x00000294182f92ec [0x00000294182f8dc0+0x000000000000052c]
J 1775 c1 java.lang.reflect.Constructor.newInstanceWithCaller([Ljava/lang/Object;ZLjava/lang/Class;)Ljava/lang/Object; java.base@21.0.12.1 (51 bytes) @ 0x00000294182df5cc [0x00000294182df3e0+0x00000000000001ec]
J 1835 c1 java.lang.reflect.Constructor.newInstance([Ljava/lang/Object;)Ljava/lang/Object; java.base@21.0.12.1 (34 bytes) @ 0x00000294182ff744 [0x00000294182ff5e0+0x0000000000000164]
j  org.gradle.internal.instantiation.generator.AsmBackedClassGenerator$InvokeConstructorStrategy.newInstance(Lorg/gradle/internal/service/ServiceLookup;Lorg/gradle/internal/instantiation/InstanceGenerator;Lorg/gradle/api/Describable;[Ljava/lang/Object;)Ljava/lang/Object;+37
j  org.gradle.internal.instantiation.generator.AbstractClassGenerator$GeneratedClassImpl$GeneratedConstructorImpl.newInstance(Lorg/gradle/internal/service/ServiceLookup;Lorg/gradle/internal/instantiation/InstanceGenerator;Lorg/gradle/api/Describable;[Ljava/lang/Object;)Ljava/lang/Object;+9
j  org.gradle.internal.instantiation.generator.DependencyInjectingInstantiator.doCreate(Ljava/lang/Class;Lorg/gradle/api/Describable;[Ljava/lang/Object;)Ljava/lang/Object;+37
j  org.gradle.internal.instantiation.generator.DependencyInjectingInstantiator.newInstance(Ljava/lang/Class;[Ljava/lang/Object;)Ljava/lang/Object;+4
j  org.gradle.api.internal.model.DefaultObjectFactory.newInstance(Ljava/lang/Class;[Ljava/lang/Object;)Ljava/lang/Object;+6
j  org.gradle.internal.service.scopes.GradleUserHomeScopeServices.createCachesConfiguration(Lorg/gradle/api/model/ObjectFactory;Lorg/gradle/cache/internal/LegacyCacheCleanupEnablement;)Lorg/gradle/api/internal/cache/CacheConfigurationsInternal;+11
j  java.lang.invoke.LambdaForm$DMH+0x000002942c095c00.invokeVirtual(Ljava/lang/Object;Ljava/lang/Object;Ljava/lang/Object;Ljava/lang/Object;)Ljava/lang/Object;+14 java.base@21.0.12.1
j  java.lang.invoke.LambdaForm$MH+0x000002942c150800.invoke(Ljava/lang/Object;Ljava/lang/Object;Ljava/lang/Object;Ljava/lang/Object;)Ljava/lang/Object;+73 java.base@21.0.12.1
J 2245 c1 jdk.internal.reflect.DirectMethodHandleAccessor.invoke(Ljava/lang/Object;[Ljava/lang/Object;)Ljava/lang/Object; java.base@21.0.12.1 (92 bytes) @ 0x00000294183c3c64 [0x00000294183c26c0+0x00000000000015a4]
J 2244 c1 java.lang.reflect.Method.invoke(Ljava/lang/Object;[Ljava/lang/Object;)Ljava/lang/Object; java.base@21.0.12.1 (108 bytes) @ 0x00000294183c1e54 [0x00000294183c1940+0x0000000000000514]
j  org.gradle.internal.reflect.JavaMethod.invoke(Ljava/lang/Object;[Ljava/lang/Object;)Ljava/lang/Object;+6
j  org.gradle.internal.service.ReflectionBasedServiceMethod.invoke(Ljava/lang/Object;[Ljava/lang/Object;)Ljava/lang/Object;+6
j  org.gradle.internal.service.DefaultServiceRegistry$FactoryMethodService.invokeMethod([Ljava/lang/Object;)Ljava/lang/Object;+9
j  org.gradle.internal.service.DefaultServiceRegistry$FactoryService.createServiceInstance()Ljava/lang/Object;+7
j  org.gradle.internal.service.DefaultServiceRegistry$ManagedObjectServiceProvider.getInstance()Ljava/lang/Object;+24
j  org.gradle.internal.service.DefaultServiceRegistry$SingletonService.get()Ljava/lang/Object;+1
j  org.gradle.internal.service.DefaultServiceRegistry.applyConfigureMethod(Lorg/gradle/internal/service/ServiceMethod;Ljava/lang/Object;)V+125
j  org.gradle.internal.service.DefaultServiceRegistry.findProviderMethods(Lorg/gradle/internal/service/ServiceRegistrationProvider;)V+196
j  org.gradle.internal.service.DefaultServiceRegistry.addProvider(Lorg/gradle/internal/service/ServiceRegistrationProvider;)Lorg/gradle/internal/service/DefaultServiceRegistry;+6
j  org.gradle.internal.service.DefaultServiceRegistry$1.addProvider(Lorg/gradle/internal/service/ServiceRegistrationProvider;)V+5
j  org.gradle.internal.service.scopes.GradleUserHomeScopeServices.configure(Lorg/gradle/internal/service/ServiceRegistration;)V+13
j  java.lang.invoke.DirectMethodHandle$Holder.invokeVirtual(Ljava/lang/Object;Ljava/lang/Object;Ljava/lang/Object;)V+11 java.base@21.0.12.1
j  java.lang.invoke.LambdaForm$MH+0x000002942c02a400.invoke(Ljava/lang/Object;Ljava/lang/Object;)Ljava/lang/Object;+39 java.base@21.0.12.1
j  java.lang.invoke.LambdaForm$MH+0x000002942c029c00.invoke(Ljava/lang/Object;Ljava/lang/Object;Ljava/lang/Object;)Ljava/lang/Object;+45 java.base@21.0.12.1
j  java.lang.invoke.Invokers$Holder.invokeExact_MT(Ljava/lang/Object;Ljava/lang/Object;Ljava/lang/Object;Ljava/lang/Object;)Ljava/lang/Object;+20 java.base@21.0.12.1
j  java.lang.invoke.MethodHandle.invokeWithArguments([Ljava/lang/Object;)Ljava/lang/Object;+28 java.base@21.0.12.1
j  org.gradle.internal.service.MethodHandleBasedServiceMethod.invoke(Ljava/lang/Object;[Ljava/lang/Object;)Ljava/lang/Object;+9
j  org.gradle.internal.service.DefaultServiceRegistry.applyConfigureMethod(Lorg/gradle/internal/service/ServiceMethod;Ljava/lang/Object;)V+140
j  org.gradle.internal.service.DefaultServiceRegistry.findProviderMethods(Lorg/gradle/internal/service/ServiceRegistrationProvider;)V+196
j  org.gradle.internal.service.DefaultServiceRegistry.addProvider(Lorg/gradle/internal/service/ServiceRegistrationProvider;)Lorg/gradle/internal/service/DefaultServiceRegistry;+6
j  org.gradle.internal.service.ServiceRegistryBuilder.build()Lorg/gradle/internal/service/ServiceRegistry;+93
j  org.gradle.internal.service.scopes.DefaultGradleUserHomeScopeServiceRegistry.getServicesFor(Ljava/io/File;)Lorg/gradle/internal/service/ServiceRegistry;+152
j  org.gradle.internal.session.BuildSessionState.<init>(Lorg/gradle/internal/service/scopes/GradleUserHomeScopeServiceRegistry;Lorg/gradle/internal/session/CrossBuildSessionState;Lorg/gradle/api/internal/StartParameterInternal;Lorg/gradle/initialization/BuildRequestMetaData;Lorg/gradle/internal/classpath/ClassPath;Lorg/gradle/initialization/BuildCancellationToken;Lorg/gradle/initialization/BuildClientMetaData;Lorg/gradle/initialization/BuildEventConsumer;)V+15
j  org.gradle.internal.buildprocess.execution.BuildSessionLifecycleBuildActionExecutor.execute(Lorg/gradle/internal/invocation/BuildAction;Lorg/gradle/launcher/exec/BuildActionParameters;Lorg/gradle/initialization/BuildRequestContext;)Lorg/gradle/launcher/exec/BuildActionResult;+86
j  org.gradle.internal.buildprocess.execution.BuildSessionLifecycleBuildActionExecutor.execute(Lorg/gradle/internal/invocation/BuildAction;Ljava/lang/Object;Ljava/lang/Object;)Lorg/gradle/launcher/exec/BuildActionResult;+10
j  org.gradle.internal.buildprocess.execution.StartParamsValidatingActionExecutor.execute(Lorg/gradle/internal/invocation/BuildAction;Lorg/gradle/launcher/exec/BuildActionParameters;Lorg/gradle/initialization/BuildRequestContext;)Lorg/gradle/launcher/exec/BuildActionResult;+203
j  org.gradle.internal.buildprocess.execution.StartParamsValidatingActionExecutor.execute(Lorg/gradle/internal/invocation/BuildAction;Ljava/lang/Object;Ljava/lang/Object;)Lorg/gradle/launcher/exec/BuildActionResult;+10
j  org.gradle.internal.buildprocess.execution.SessionFailureReportingActionExecutor.execute(Lorg/gradle/internal/invocation/BuildAction;Lorg/gradle/launcher/exec/BuildActionParameters;Lorg/gradle/initialization/BuildRequestContext;)Lorg/gradle/launcher/exec/BuildActionResult;+7
j  org.gradle.internal.buildprocess.execution.SessionFailureReportingActionExecutor.execute(Lorg/gradle/internal/invocation/BuildAction;Ljava/lang/Object;Ljava/lang/Object;)Lorg/gradle/launcher/exec/BuildActionResult;+10
j  org.gradle.internal.buildprocess.execution.SetupLoggingActionExecutor.execute(Lorg/gradle/internal/invocation/BuildAction;Lorg/gradle/launcher/exec/BuildActionParameters;Lorg/gradle/initialization/BuildRequestContext;)Lorg/gradle/launcher/exec/BuildActionResult;+50
j  org.gradle.internal.buildprocess.execution.SetupLoggingActionExecutor.execute(Lorg/gradle/internal/invocation/BuildAction;Ljava/lang/Object;Ljava/lang/Object;)Lorg/gradle/launcher/exec/BuildActionResult;+10
j  org.gradle.launcher.daemon.server.exec.ExecuteBuild.doBuild(Lorg/gradle/launcher/daemon/server/api/DaemonCommandExecution;Lorg/gradle/launcher/daemon/protocol/Build;)V+147
j  org.gradle.launcher.daemon.server.exec.BuildCommandOnly.execute(Lorg/gradle/launcher/daemon/server/api/DaemonCommandExecution;)V+49
j  org.gradle.launcher.daemon.server.api.DaemonCommandExecution.proceed()Z+23
j  org.gradle.launcher.daemon.server.exec.WatchForDisconnection.execute(Lorg/gradle/launcher/daemon/server/api/DaemonCommandExecution;)V+19
j  org.gradle.launcher.daemon.server.api.DaemonCommandExecution.proceed()Z+23
j  org.gradle.launcher.daemon.server.exec.ResetDeprecationLogger.execute(Lorg/gradle/launcher/daemon/server/api/DaemonCommandExecution;)V+7
j  org.gradle.launcher.daemon.server.api.DaemonCommandExecution.proceed()Z+23
j  org.gradle.launcher.daemon.server.exec.RequestStopIfSingleUsedDaemon.execute(Lorg/gradle/launcher/daemon/server/api/DaemonCommandExecution;)V+33
j  org.gradle.launcher.daemon.server.api.DaemonCommandExecution.proceed()Z+23
j  org.gradle.launcher.daemon.server.exec.ForwardClientInput.lambda$execute$0(Lorg/gradle/launcher/daemon/server/api/DaemonCommandExecution;Lorg/gradle/internal/daemon/clientinput/StdinHandler;)Ljava/lang/Object;+11
j  org.gradle.launcher.daemon.server.exec.ForwardClientInput$$Lambda+0x000002942c18b978.apply(Ljava/lang/Object;)Ljava/lang/Object;+8
j  org.gradle.internal.daemon.clientinput.ClientInputForwarder.forwardInput(Ljava/util/function/Function;)Ljava/lang/Object;+46
j  org.gradle.launcher.daemon.server.exec.ForwardClientInput.execute(Lorg/gradle/launcher/daemon/server/api/DaemonCommandExecution;)V+10
j  org.gradle.launcher.daemon.server.api.DaemonCommandExecution.proceed()Z+23
j  org.gradle.launcher.daemon.server.exec.LogAndCheckHealth.execute(Lorg/gradle/launcher/daemon/server/api/DaemonCommandExecution;)V+51
j  org.gradle.launcher.daemon.server.api.DaemonCommandExecution.proceed()Z+23
j  org.gradle.launcher.daemon.server.exec.LogToClient.doBuild(Lorg/gradle/launcher/daemon/server/api/DaemonCommandExecution;Lorg/gradle/launcher/daemon/protocol/Build;)V+87
j  org.gradle.launcher.daemon.server.exec.BuildCommandOnly.execute(Lorg/gradle/launcher/daemon/server/api/DaemonCommandExecution;)V+49
j  org.gradle.launcher.daemon.server.api.DaemonCommandExecution.proceed()Z+23
j  org.gradle.launcher.daemon.server.exec.EstablishBuildEnvironment.doBuild(Lorg/gradle/launcher/daemon/server/api/DaemonCommandExecution;Lorg/gradle/launcher/daemon/protocol/Build;)V+356
j  org.gradle.launcher.daemon.server.exec.BuildCommandOnly.execute(Lorg/gradle/launcher/daemon/server/api/DaemonCommandExecution;)V+49
j  org.gradle.launcher.daemon.server.api.DaemonCommandExecution.proceed()Z+23
j  org.gradle.launcher.daemon.server.exec.StartBuildOrRespondWithBusy$1.run()V+44
j  org.gradle.launcher.daemon.server.DaemonStateCoordinator.lambda$runCommand$0(Ljava/lang/Runnable;)V+1
j  org.gradle.launcher.daemon.server.DaemonStateCoordinator$$Lambda+0x000002942c18a300.run()V+8
j  org.gradle.internal.concurrent.ExecutorPolicy$CatchAndRecordFailures.onExecute(Ljava/lang/Runnable;)V+1
j  org.gradle.internal.concurrent.AbstractManagedExecutor$1.run()V+25
j  java.util.concurrent.ThreadPoolExecutor.runWorker(Ljava/util/concurrent/ThreadPoolExecutor$Worker;)V+92 java.base@21.0.12.1
j  java.util.concurrent.ThreadPoolExecutor$Worker.run()V+5 java.base@21.0.12.1
j  java.lang.Thread.runWith(Ljava/lang/Object;Ljava/lang/Runnable;)V+5 java.base@21.0.12.1
j  java.lang.Thread.run()V+19 java.base@21.0.12.1
v  ~StubRoutines::call_stub 0x000002941f4a10e7
new  187 new  [0x000002941f4ba9c0, 0x000002941f4babc8]  520 bytes
[MachCode]
  0x000002941f4ba9c0: 4883 ec08 | c5fa 1104 | 24eb 1f48 | 83ec 10c5 | fb11 0424 | eb14 4883 | ec10 4889 | 0424 48c7 
  0x000002941f4ba9e0: 4424 0800 | 0000 00eb | 0150 410f | b755 010f | cac1 ea10 | 488b 4de8 | 488b 4908 | 488b 4908 
  0x000002941f4baa00: 488b 4108 | 807c 1004 | 070f 85d3 | 0000 0066 | 8b54 d148 | 488b 4928 | 488b 4cd1 | 0851 80b9 
  0x000002941f4baa20: 3101 0000 | 040f 85b6 | 0000 008b | 5108 f6c2 | 010f 85aa | 0000 0049 | 8b87 b801 | 0000 488d 
  0x000002941f4baa40: 1c10 493b | 9fc8 0100 | 000f 8792 | 0000 0049 | 899f b801 | 0000 4883 | ea10 0f84 | 0f00 0000 
  0x000002941f4baa60: 33c9 c1ea | 0348 894c | d008 48ff | ca75 f648 | c700 0100 | 0000 5933 | f689 700c | 49ba 0000 
  0x000002941f4baa80: 002b 9402 | 0000 492b | ca89 4808 | 49ba 076d | 6488 f97f | 0000 4180 | 3a00 0f84 | 3c00 0000 
  0x000002941f4baaa0: 5048 8bc8 | 4883 ec20 | 40f6 c40f | 0f84 1900 | 0000 4883 | ec08 48b8 | 20eb 0d88 | f97f 0000 
  0x000002941f4baac0: ffd0 4883 | c408 e90c | 0000 0048 | b820 eb0d | 88f9 7f00 | 00ff d048 | 83c4 2058 | e9cb 0000 
  0x000002941f4baae0: 0059 488b | 55e8 488b | 5208 488b | 5208 450f | b745 0141 | 0fc8 41c1 | e810 e805 | 0000 00e9 
  0x000002941f4bab00: a800 0000 | 488d 4424 | 084c 896d | c049 8bcf | c5f8 7749 | 89af b003 | 0000 4989 | 87a0 0300 
  0x000002941f4bab20: 0048 83ec | 2040 f6c4 | 0f0f 8419 | 0000 0048 | 83ec 0848 | b820 d3d7 | 87f9 7f00 | 00ff d048 
  0x000002941f4bab40: 83c4 08e9 | 0c00 0000 | 48b8 20d3 | d787 f97f | 0000 ffd0 | 4883 c420 | 49c7 87a0 | 0300 0000 
  0x000002941f4bab60: 0000 0049 | c787 b003 | 0000 0000 | 0000 49c7 | 87a8 0300 | 0000 0000 | 00c5 f877 | 4983 7f08 
  0x000002941f4bab80: 000f 8405 | 0000 00e9 | 7463 feff | 498b 87f8 | 0300 0049 | c787 f803 | 0000 0000 | 0000 4c8b 
  0x000002941f4baba0: 6dc0 4c8b | 75c8 4e8d | 74f5 00c3 | 410f b65d | 0349 83c5 | 0349 ba50 | 3567 88f9 | 7f00 0041 
  0x000002941f4babc0: ff24 da0f | 1f44 0000 
[/MachCode]

Compiled method (c1) 117439 1830   !   3       jdk.internal.reflect.DirectConstructorHandleAccessor::newInstance (130 bytes)
 total in heap  [0x00000294182f8910,0x00000294182fc298] = 14728
 relocation     [0x00000294182f8a70,0x00000294182f8da8] = 824
 main code      [0x00000294182f8dc0,0x00000294182faf98] = 8664
 stub code      [0x00000294182faf98,0x00000294182fb128] = 400
 oops           [0x00000294182fb128,0x00000294182fb148] = 32
 metadata       [0x00000294182fb148,0x00000294182fb1c8] = 128
 scopes data    [0x00000294182fb1c8,0x00000294182fb5e0] = 1048
 scopes pcs     [0x00000294182fb5e0,0x00000294182fbb60] = 1408
 dependencies   [0x00000294182fbb60,0x00000294182fbb68] = 8
 handler table  [0x00000294182fbb68,0x00000294182fc1f8] = 1680
 nul chk table  [0x00000294182fc1f8,0x00000294182fc298] = 160

[Constant Pool (empty)]

[MachCode]
[Entry Point]
  # {method} {0x000002942b19d200} 'newInstance' '([Ljava/lang/Object;)Ljava/lang/Object;' in 'jdk/internal/reflect/DirectConstructorHandleAccessor'
  # this:     rdx:rdx   = 'jdk/internal/reflect/DirectConstructorHandleAccessor'
  # parm0:    r8:r8     = '[Ljava/lang/Object;'
  #           [sp+0x130]  (sp of caller)
  0x00000294182f8dc0: 448b 5208 | 49bb 0000 | 002b 9402 | 0000 4d03 | d34c 3bd0 

  0x00000294182f8dd4: ;   {runtime_call ic_miss_stub}
  0x00000294182f8dd4: 0f85 a65b | 1f07 660f | 1f44 0000 
[Verified Entry Point]
  0x00000294182f8de0: 8984 2400 | 80ff ff55 | 4881 ec20 | 0100 0090 | 4181 7f20 | 0100 0000 

  0x00000294182f8df8: ;   {runtime_call StubRoutines (final stubs)}
  0x00000294182f8df8: 7405 e8a1 | f41d 0748 | 8994 2498 

  0x00000294182f8e04: ;   {metadata(method data for {method} {0x000002942b19d200} 'newInstance' '([Ljava/lang/Object;)Ljava/lang/Object;' in 'jdk/internal/reflect/DirectConstructorHandleAccessor')}
  0x00000294182f8e04: 0000 0049 | b9c8 c524 | 4094 0200 | 0041 8bb1 | cc00 0000 | 83c6 0241 | 89b1 cc00 | 0000 81e6 
  0x00000294182f8e24: fe07 0000 | 85f6 0f84 | 491c 0000 

  0x00000294182f8e30: ;   {metadata(method data for {method} {0x000002942b19d200} 'newInstance' '([Ljava/lang/Object;)Ljava/lang/Object;' in 'jdk/internal/reflect/DirectConstructorHandleAccessor')}
  0x00000294182f8e30: 4d85 c049 | b9c8 c524 | 4094 0200 | 0048 c7c6 | 1001 0000 | 7407 48c7 | c620 0100 | 0049 8b3c 
  0x00000294182f8e50: 3148 8d7f | 0149 893c | 310f 8419 | 0000 0045 

  0x00000294182f8e60: ;   {metadata(method data for {method} {0x000002942b19d200} 'newInstance' '([Ljava/lang/Object;)Ljava/lang/Object;' in 'jdk/internal/reflect/DirectConstructorHandleAccessor')}
  0x00000294182f8e60: 8b48 0c48 | bec8 c524 | 4094 0200 | 00ff 8630 | 0100 00e9 | 0600 0000 | 41b9 0000 | 0000 8b72 
  0x00000294182f8e80: 0c44 3bce 

  0x00000294182f8e84: ;   {metadata(method data for {method} {0x000002942b19d200} 'newInstance' '([Ljava/lang/Object;)Ljava/lang/Object;' in 'jdk/internal/reflect/DirectConstructorHandleAccessor')}
  0x00000294182f8e84: 48bf c8c5 | 2440 9402 | 0000 48c7 | c358 0100 | 0075 0748 | c7c3 4801 | 0000 488b | 041f 488d 
  0x00000294182f8ea4: 4001 4889 | 041f 0f85 | 7916 0000 

  0x00000294182f8eb0: ;   {metadata(method data for {method} {0x000002942b19d200} 'newInstance' '([Ljava/lang/Object;)Ljava/lang/Object;' in 'jdk/internal/reflect/DirectConstructorHandleAccessor')}
  0x00000294182f8eb0: 4c8b ca48 | bfc8 c524 | 4094 0200 

  0x00000294182f8ebc: ;   {metadata('jdk/internal/reflect/DirectConstructorHandleAccessor')}
  0x00000294182f8ebc: 0049 bac0 | cf19 2b94 | 0200 004c | 8997 b002 | 0000 4883 | 87b8 0200 

  0x00000294182f8ed4: ;   {metadata(method data for {method} {0x000002942b19d258} 'invokeImpl' '([Ljava/lang/Object;)Ljava/lang/Object;' in 'jdk/internal/reflect/DirectConstructorHandleAccessor')}
  0x00000294182f8ed4: 0001 49b9 | f0c9 2440 | 9402 0000 | 418b b9cc | 0000 0083 | c702 4189 | b9cc 0000 | 0081 e7fe 
  0x00000294182f8ef4: ff1f 0085 | ff0f 84a0 

  0x00000294182f8efc: ;   {metadata(method data for {method} {0x000002942b19d258} 'invokeImpl' '([Ljava/lang/Object;)Ljava/lang/Object;' in 'jdk/internal/reflect/DirectConstructorHandleAccessor')}
  0x00000294182f8efc: 1b00 0049 | b9f0 c924 | 4094 0200 | 0048 c7c7 | 1801 0000 | 85f6 488b | df48 c7c7 | 2801 0000 
  0x00000294182f8f1c: 480f 45fb | 83fe 0148 | 8bdf 48c7 | c738 0100 | 0048 0f45 | fb83 fe02 | 488b df48 | c7c7 4801 
  0x00000294182f8f3c: 0000 480f | 45fb 83fe | 0348 8bdf | 48c7 c758 | 0100 0048 | 0f45 fb49 | 8b1c 3949 | c7c2 0100 
  0x00000294182f8f5c: 0000 4903 | da49 891c | 3985 f60f | 842d 0c00 | 0083 fe01 | 0f84 4406 | 0000 83fe | 020f 8406 
  0x00000294182f8f7c: 0400 0083 | fe03 0f84 | ac01 0000 | 8b72 100f | 1f44 0000 

  0x00000294182f8f90: ;   {no_reloc}
  0x00000294182f8f90: e93a 1b00 | 0090 9090 | 9090 483b 

  0x00000294182f8f9c: ;   {metadata(method data for {method} {0x000002942b19d258} 'invokeImpl' '([Ljava/lang/Object;)Ljava/lang/Object;' in 'jdk/internal/reflect/DirectConstructorHandleAccessor')}
  0x00000294182f8f9c: 0648 bff0 | c924 4094 | 0200 0048 | 8dbf 7803 | 0000 4d85 | c075 0ef6 | 4708 0175 | 53f0 4883 
  0x00000294182f8fbc: 4f08 01eb | 4b41 8b58 | 0849 ba00 | 0000 2b94 | 0200 0049 | 03da 4c8b | d348 335f | 0848 f7c3 
  0x00000294182f8fdc: fcff ffff | 742a f6c3 | 0275 2548 | f747 08fe | ffff ff74 | 1749 8bda | 4833 5f08 | 48f7 c3fc 
  0x00000294182f8ffc: ffff ff74 | 0b48 834f | 0802 eb04 | 4889 5f08 

  0x00000294182f900c: ;   {metadata(method data for {method} {0x000002942b19d258} 'invokeImpl' '([Ljava/lang/Object;)Ljava/lang/Object;' in 'jdk/internal/reflect/DirectConstructorHandleAccessor')}
  0x00000294182f900c: 488b fe48 | bbf0 c924 | 4094 0200 | 008b 7f08 | 49ba 0000 | 002b 9402 | 0000 4903 | fa48 3bbb 
  0x00000294182f902c: 5003 0000 | 750d 4883 | 8358 0300 | 0001 e960 | 0000 0048 | 3bbb 6003 | 0000 750d | 4883 8368 
  0x00000294182f904c: 0300 0001 | e94a 0000 | 0048 83bb | 5003 0000 | 0075 1748 | 89bb 5003 | 0000 48c7 | 8358 0300 
  0x00000294182f906c: 0001 0000 | 00e9 2900 | 0000 4883 | bb60 0300 | 0000 7517 | 4889 bb60 | 0300 0048 | c783 6803 
  0x00000294182f908c: 0000 0100 | 0000 e908 | 0000 0048 | 8383 4003 | 0000 0148 | 8bd6 0f1f 

  0x00000294182f90a4: ;   {optimized virtual_call}
  0x00000294182f90a4: 4400 00e8 

  0x00000294182f90a8: ; ImmutableOopMap {[152]=Oop }
                      ;*invokevirtual invokeExact {reexecute=0 rethrow=0 return_oop=0}
                      ; - jdk.internal.reflect.DirectConstructorHandleAccessor::invokeImpl@99
                      ; - jdk.internal.reflect.DirectConstructorHandleAccessor::newInstance@60
  0x00000294182f90a8: d45d 1f07 

  0x00000294182f90ac: ;   {other}
  0x00000294182f90ac: 0f1f 8400 | 9c07 0000 

  0x00000294182f90b4: ;   {metadata(method data for {method} {0x000002942b19d258} 'invokeImpl' '([Ljava/lang/Object;)Ljava/lang/Object;' in 'jdk/internal/reflect/DirectConstructorHandleAccessor')}
  0x00000294182f90b4: 49b8 f0c9 | 2440 9402 | 0000 4d8d | 8088 0300 | 0048 85c0 | 750d 41f6 | 0001 754e | f049 8308 
  0x00000294182f90d4: 01eb 4744 | 8b48 0849 | ba00 0000 | 2b94 0200 | 004d 03ca | 4d8b d14d | 3308 49f7 | c1fc ffff 
  0x00000294182f90f4: ff74 2741 | f6c1 0275 | 2149 f700 | feff ffff | 7415 4d8b | ca4d 3308 | 49f7 c1fc | ffff ff74 
  0x00000294182f9114: 0949 8308 | 02eb 034d | 8908 4881 | c420 0100 

  0x00000294182f9124: ;   {poll_return}
  0x00000294182f9124: 005d 493b | a750 0400 | 000f 87ab | 1900 00c3 | 8b5a 1041 | 8378 0c00 | 0f86 bc19 | 0000 458b 
  0x00000294182f9144: 4810 4183 | 780c 010f | 86bf 1900 | 0041 8b78 | 1441 8378 | 0c02 0f86 | c219 0000 | 418b 7018 
  0x00000294182f9164: 0f1f 4000 

  0x00000294182f9168: ;   {oop(a 'java/lang/invoke/MethodType'{0x00000000e0745e40} = (Ljava/lang/Object;Ljava/lang/Object;Ljava/lang/Object;)Ljava/lang/Object;)}
  0x00000294182f9168: 48b8 405e | 74e0 0000 | 0000 483b 

  0x00000294182f9174: ;   {metadata(method data for {method} {0x000002942b19d258} 'invokeImpl' '([Ljava/lang/Object;)Ljava/lang/Object;' in 'jdk/internal/reflect/DirectConstructorHandleAccessor')}
  0x00000294182f9174: 0349 b8f0 | c924 4094 | 0200 004d | 8d80 f802 | 0000 4d85 | c975 0f41 | f640 0801 | 7553 f049 
  0x00000294182f9194: 8348 0801 | eb4b 418b | 4908 49ba | 0000 002b | 9402 0000 | 4903 ca4c | 8bd1 4933 | 4808 48f7 
  0x00000294182f91b4: c1fc ffff | ff74 2af6 | c102 7525 | 49f7 4008 | feff ffff | 7417 498b | ca49 3348 | 0848 f7c1 
  0x00000294182f91d4: fcff ffff | 740b 4983 | 4808 02eb | 0449 8948 | 0848 85ff | 750f 41f6 | 4018 0175 | 52f0 4983 
  0x00000294182f91f4: 4818 01eb | 4a8b 4f08 | 49ba 0000 | 002b 9402 | 0000 4903 | ca4c 8bd1 | 4933 4818 | 48f7 c1fc 
  0x00000294182f9214: ffff ff74 | 2af6 c102 | 7525 49f7 | 4018 feff | ffff 7417 | 498b ca49 | 3348 1848 | f7c1 fcff 
  0x00000294182f9234: ffff 740b | 4983 4818 | 02eb 0449 | 8948 184c 

  0x00000294182f9244: ;   {metadata(method data for {method} {0x000002942b19d258} 'invokeImpl' '([Ljava/lang/Object;)Ljava/lang/Object;' in 'jdk/internal/reflect/DirectConstructorHandleAccessor')}
  0x00000294182f9244: 8bc3 48b9 | f0c9 2440 | 9402 0000 | 458b 4008 | 49ba 0000 | 002b 9402 | 0000 4d03 | c24c 3b81 
  0x00000294182f9264: d002 0000 | 750d 4883 | 81d8 0200 | 0001 e960 | 0000 004c | 3b81 e002 | 0000 750d | 4883 81e8 
  0x00000294182f9284: 0200 0001 | e94a 0000 | 0048 83b9 | d002 0000 | 0075 174c | 8981 d002 | 0000 48c7 | 81d8 0200 
  0x00000294182f92a4: 0001 0000 | 00e9 2900 | 0000 4883 | b9e0 0200 | 0000 7517 | 4c89 81e0 | 0200 0048 | c781 e802 
  0x00000294182f92c4: 0000 0100 | 0000 e908 | 0000 0048 | 8381 c002 | 0000 014d | 8bc1 4c8b | cf48 8bfe | 488b f048 
  0x00000294182f92e4: ;   {optimized virtual_call}
  0x00000294182f92e4: 8bd3 90e8 

  0x00000294182f92e8: ; ImmutableOopMap {[152]=Oop }
                      ;*invokevirtual invokeExact {reexecute=0 rethrow=0 return_oop=0}
                      ; - jdk.internal.reflect.DirectConstructorHandleAccessor::invokeImpl@88
                      ; - jdk.internal.reflect.DirectConstructorHandleAccessor::newInstance@60
  0x00000294182f92e8: c11c 0000 

  0x00000294182f92ec: ;   {other}
  0x00000294182f92ec: 0f1f 8400 | dc09 0001 

  0x00000294182f92f4: ;   {metadata(method data for {method} {0x000002942b19d258} 'invokeImpl' '([Ljava/lang/Object;)Ljava/lang/Object;' in 'jdk/internal/reflect/DirectConstructorHandleAccessor')}
  0x00000294182f92f4: 49b8 f0c9 | 2440 9402 | 0000 4d8d | 8018 0300 | 0048 85c0 | 750d 41f6 | 0001 754e | f049 8308 
  0x00000294182f9314: 01eb 4744 | 8b48 0849 | ba00 0000 | 2b94 0200 | 004d 03ca | 4d8b d14d | 3308 49f7 | c1fc ffff 
  0x00000294182f9334: ff74 2741 | f6c1 0275 | 2149 f700 | feff ffff | 7415 4d8b | ca4d 3308 | 49f7 c1fc | ffff ff74 
  0x00000294182f9354: 0949 8308 | 02eb 034d 

  0x00000294182f935c: ;   {metadata(method data for {method} {0x000002942b19d258} 'invokeImpl' '([Ljava/lang/Object;)Ljava/lang/Object;' in 'jdk/internal/reflect/DirectConstructorHandleAccessor')}
  0x00000294182f935c: 8908 49b8 | f0c9 2440 | 9402 0000 | 41ff 8028 | 0300 0048 | 81c4 2001 

  0x00000294182f9374: ;   {poll_return}
  0x00000294182f9374: 0000 5d49 | 3ba7 5004 | 0000 0f87 | ce17 0000 | c38b 7210 

  0x00000294182f9388: ; implicit exception: dispatches to 0x00000294182fab68
  0x00000294182f9388: 4183 780c | 000f 86df | 1700 0045 | 8b48 1041 | 8378 0c01 | 0f86 e217 | 0000 418b | 7814 6690 
  0x00000294182f93a8: ;   {oop(a 'java/lang/invoke/MethodType'{0x00000000e0745d20} = (Ljava/lang/Object;Ljava/lang/Object;)Ljava/lang/Object;)}
  0x00000294182f93a8: 48bb 205d | 74e0 0000 | 0000 483b 

  0x00000294182f93b4: ;   {metadata(method data for {method} {0x000002942b19d258} 'invokeImpl' '([Ljava/lang/Object;)Ljava/lang/Object;' in 'jdk/internal/reflect/DirectConstructorHandleAccessor')}
  0x00000294182f93b4: 0649 b8f0 | c924 4094 | 0200 004d | 8d80 7802 | 0000 4d85 | c975 0f41 | f640 0801 | 7550 f049 
  0x00000294182f93d4: 8348 0801 | eb48 418b | 4108 49ba | 0000 002b | 9402 0000 | 4903 c24c | 8bd0 4933 | 4008 48a9 
  0x00000294182f93f4: fcff ffff | 7428 a802 | 7524 49f7 | 4008 feff | ffff 7416 | 498b c249 | 3340 0848 | a9fc ffff 
  0x00000294182f9414: ff74 0b49 | 8348 0802 | eb04 4989 | 4008 4885 | ff75 0f41 | f640 1801 | 754f f049 | 8348 1801 
  0x00000294182f9434: eb47 8b47 | 0849 ba00 | 0000 2b94 | 0200 0049 | 03c2 4c8b | d049 3340 | 1848 a9fc | ffff ff74 
  0x00000294182f9454: 28a8 0275 | 2449 f740 | 18fe ffff | ff74 1649 | 8bc2 4933 | 4018 48a9 | fcff ffff | 740b 4983 
  0x00000294182f9474: 4818 02eb | 0449 8940 | 184c 8bc6 

  0x00000294182f9480: ;   {metadata(method data for {method} {0x000002942b19d258} 'invokeImpl' '([Ljava/lang/Object;)Ljava/lang/Object;' in 'jdk/internal/reflect/DirectConstructorHandleAccessor')}
  0x00000294182f9480: 48b8 f0c9 | 2440 9402 | 0000 458b | 4008 49ba | 0000 002b | 9402 0000 | 4d03 c24c | 3b80 5002 
  0x00000294182f94a0: 0000 750d | 4883 8058 | 0200 0001 | e960 0000 | 004c 3b80 | 6002 0000 | 750d 4883 | 8068 0200 
  0x00000294182f94c0: 0001 e94a | 0000 0048 | 83b8 5002 | 0000 0075 | 174c 8980 | 5002 0000 | 48c7 8058 | 0200 0001 
  0x00000294182f94e0: 0000 00e9 | 2900 0000 | 4883 b860 | 0200 0000 | 7517 4c89 | 8060 0200 | 0048 c780 | 6802 0000 
  0x00000294182f9500: 0100 0000 | e908 0000 | 0048 8380 | 4002 0000 | 014d 8bc1 | 4c8b cf48 | 8bfb 488b 

  0x00000294182f951c: ;   {optimized virtual_call}
  0x00000294182f951c: d666 90e8 

  0x00000294182f9520: ; ImmutableOopMap {[152]=Oop }
                      ;*invokevirtual invokeExact {reexecute=0 rethrow=0 return_oop=0}
                      ; - jdk.internal.reflect.DirectConstructorHandleAccessor::invokeImpl@69
                      ; - jdk.internal.reflect.DirectConstructorHandleAccessor::newInstance@60
  0x00000294182f9520: 991a 0000 

  0x00000294182f9524: ;   {other}
  0x00000294182f9524: 0f1f 8400 | 140c 0002 

  0x00000294182f952c: ;   {metadata(method data for {method} {0x000002942b19d258} 'invokeImpl' '([Ljava/lang/Object;)Ljava/lang/Object;' in 'jdk/internal/reflect/DirectConstructorHandleAccessor')}
  0x00000294182f952c: 48ba f0c9 | 2440 9402 | 0000 488d | 9298 0200 | 0048 85c0 | 750c f602 | 0175 4df0 | 4883 0a01 
  0x00000294182f954c: eb46 8b70 | 0849 ba00 | 0000 2b94 | 0200 0049 | 03f2 4c8b | d648 3332 | 48f7 c6fc | ffff ff74 
  0x00000294182f956c: 2740 f6c6 | 0275 2148 | f702 feff | ffff 7415 | 498b f248 | 3332 48f7 | c6fc ffff | ff74 0948 
  0x00000294182f958c: 830a 02eb | 0348 8932 

  0x00000294182f9594: ;   {metadata(method data for {method} {0x000002942b19d258} 'invokeImpl' '([Ljava/lang/Object;)Ljava/lang/Object;' in 'jdk/internal/reflect/DirectConstructorHandleAccessor')}
  0x00000294182f9594: 48ba f0c9 | 2440 9402 | 0000 ff82 | a802 0000 | 4881 c420 | 0100 005d 

  0x00000294182f95ac: ;   {poll_return}
  0x00000294182f95ac: 493b a750 | 0400 000f | 87fb 1500 | 00c3 8b72 | 1048 89b4 | 24a8 0000 | 0041 8378 | 0c00 0f86 
  0x00000294182f95cc: 0416 0000 | 418b 7810 | 4889 bc24 | a000 0000 

  0x00000294182f95dc: ;   {metadata(method data for {method} {0x000002942b19d258} 'invokeImpl' '([Ljava/lang/Object;)Ljava/lang/Object;' in 'jdk/internal/reflect/DirectConstructorHandleAccessor')}
  0x00000294182f95dc: 48bb f0c9 | 2440 9402 | 0000 488d | 9b08 0200 | 0048 85ff | 750e f643 | 0801 754f | f048 834b 
  0x00000294182f95fc: 0801 eb47 | 8b47 0849 | ba00 0000 | 2b94 0200 | 0049 03c2 | 4c8b d048 | 3343 0848 | a9fc ffff 
  0x00000294182f961c: ff74 28a8 | 0275 2448 | f743 08fe | ffff ff74 | 1649 8bc2 | 4833 4308 | 48a9 fcff | ffff 740b 
  0x00000294182f963c: 4883 4b08 | 02eb 0448 

  0x00000294182f9644: ;   {metadata(method data for {method} {0x000002942b0ae5c8} 'invokeExact_MT' '(Ljava/lang/Object;Ljava/lang/Object;Ljava/lang/Object;)Ljava/lang/Object;' in 'java/lang/invoke/Invokers$Holder')}
  0x00000294182f9644: 8943 0848 | bb98 d124 | 4094 0200 | 0048 8d9b | a002 0000 | 4885 f675 | 0cf6 0301 | 7549 f048 
  0x00000294182f9664: 830b 01eb | 428b 4608 | 49ba 0000 | 002b 9402 | 0000 4903 | c24c 8bd0 | 4833 0348 | a9fc ffff 
  0x00000294182f9684: ff74 24a8 | 0275 2048 | f703 feff | ffff 7414 | 498b c248 | 3303 48a9 | fcff ffff | 7409 4883 
  0x00000294182f96a4: 0b02 eb03 | 4889 0348 | 85ff 750e | f643 1001 | 754f f048 | 834b 1001 | eb47 8b47 | 0849 ba00 
  0x00000294182f96c4: 0000 2b94 | 0200 0049 | 03c2 4c8b | d048 3343 | 1048 a9fc | ffff ff74 | 28a8 0275 | 2448 f743 
  0x00000294182f96e4: 10fe ffff | ff74 1649 | 8bc2 4833 | 4310 48a9 | fcff ffff | 740b 4883 | 4b10 02eb | 0448 8943 
  0x00000294182f9704: ;   {metadata(method data for {method} {0x000002942b19d258} 'invokeImpl' '([Ljava/lang/Object;)Ljava/lang/Object;' in 'jdk/internal/reflect/DirectConstructorHandleAccessor')}
  0x00000294182f9704: 1048 bbf0 | c924 4094 | 0200 0048 | 8383 d001 

  0x00000294182f9714: ;   {metadata(method data for {method} {0x000002942b0ae5c8} 'invokeExact_MT' '(Ljava/lang/Object;Ljava/lang/Object;Ljava/lang/Object;)Ljava/lang/Object;' in 'java/lang/invoke/Invokers$Holder')}
  0x00000294182f9714: 0000 0148 | bb98 d124 | 4094 0200 | 008b 83cc | 0000 0083 | c002 8983 | cc00 0000 | 25fe ff1f 
  0x00000294182f9734: 0085 c00f | 84a9 1400 

  0x00000294182f973c: ;   {metadata(method data for {method} {0x000002942b0ae5c8} 'invokeExact_MT' '(Ljava/lang/Object;Ljava/lang/Object;Ljava/lang/Object;)Ljava/lang/Object;' in 'java/lang/invoke/Invokers$Holder')}
  0x00000294182f973c: 0048 bb98 | d124 4094 | 0200 0048 | 8d9b 9001 | 0000 4885 | f675 0ef6 | 4308 0175 | 4ff0 4883 
  0x00000294182f975c: 4b08 01eb | 478b 4608 | 49ba 0000 | 002b 9402 | 0000 4903 | c24c 8bd0 | 4833 4308 | 48a9 fcff 
  0x00000294182f977c: ffff 7428 | a802 7524 | 48f7 4308 | feff ffff | 7416 498b | c248 3343 | 0848 a9fc | ffff ff74 
  0x00000294182f979c: 0b48 834b | 0802 eb04 | 4889 4308 

  0x00000294182f97a8: ;   {oop(a 'java/lang/invoke/MethodType'{0x00000000e0745c08} = (Ljava/lang/Object;)Ljava/lang/Object;)}
  0x00000294182f97a8: 48b8 085c | 74e0 0000 | 0000 4885 | c075 0cf6 | 4318 0175 | 06f0 4883 

  0x00000294182f97c0: ;   {metadata(method data for {method} {0x000002942b0ae5c8} 'invokeExact_MT' '(Ljava/lang/Object;Ljava/lang/Object;Ljava/lang/Object;)Ljava/lang/Object;' in 'java/lang/invoke/Invokers$Holder')}
  0x00000294182f97c0: 4b18 0148 | bb98 d124 | 4094 0200 | 0048 8383 | 8001 0000 

  0x00000294182f97d4: ;   {metadata(method data for {method} {0x000002942b3dc408} 'checkExactType' '(Ljava/lang/invoke/MethodHandle;Ljava/lang/invoke/MethodType;)V' in 'java/lang/invoke/Invokers')}
  0x00000294182f97d4: 0148 bb98 | b718 4094 | 0200 008b | 8bcc 0000 | 0083 c102 | 898b cc00 | 0000 81e1 | feff 1f00 
  0x00000294182f97f4: 85c9 0f84 | 0b14 0000 

  0x00000294182f97fc: ; implicit exception: dispatches to 0x00000294182fac28
  0x00000294182f97fc: 483b 0648 

  0x00000294182f9800: ;   {metadata(method data for {method} {0x000002942b3dc408} 'checkExactType' '(Ljava/lang/invoke/MethodHandle;Ljava/lang/invoke/MethodType;)V' in 'java/lang/invoke/Invokers')}
  0x00000294182f9800: 8bde 48b9 | 98b7 1840 | 9402 0000 | 8b5b 0849 | ba00 0000 | 2b94 0200 | 0049 03da | 483b 9920 
  0x00000294182f9820: 0100 0075 | 0d48 8381 | 2801 0000 | 01e9 6000 | 0000 483b | 9930 0100 | 0075 0d48 | 8381 3801 
  0x00000294182f9840: 0000 01e9 | 4a00 0000 | 4883 b920 | 0100 0000 | 7517 4889 | 9920 0100 | 0048 c781 | 2801 0000 
  0x00000294182f9860: 0100 0000 | e929 0000 | 0048 83b9 | 3001 0000 | 0075 1748 | 8999 3001 | 0000 48c7 | 8138 0100 
  0x00000294182f9880: 0001 0000 | 00e9 0800 | 0000 4883 | 8110 0100 | 0001 8b5e | 1048 3bd8 

  0x00000294182f9898: ;   {metadata(method data for {method} {0x000002942b3dc408} 'checkExactType' '(Ljava/lang/invoke/MethodHandle;Ljava/lang/invoke/MethodType;)V' in 'java/lang/invoke/Invokers')}
  0x00000294182f9898: 48b8 98b7 | 1840 9402 | 0000 48c7 | c158 0100 | 0075 0748 | c7c1 4801 | 0000 4c8b | 0408 4d8d 
  0x00000294182f98b8: 4001 4c89 | 0408 0f85 | fb07 0000 

  0x00000294182f98c4: ;   {metadata(method data for {method} {0x000002942b0ae5c8} 'invokeExact_MT' '(Ljava/lang/Object;Ljava/lang/Object;Ljava/lang/Object;)Ljava/lang/Object;' in 'java/lang/invoke/Invokers$Holder')}
  0x00000294182f98c4: 48bb 98d1 | 2440 9402 | 0000 488d | 9bc8 0100 | 008b 4608 | 49ba 0000 | 002b 9402 | 0000 4903 
  0x00000294182f98e4: c24c 8bd0 | 4833 4308 | 48a9 fcff | ffff 7428 | a802 7524 | 48f7 4308 | feff ffff | 7416 498b 
  0x00000294182f9904: c248 3343 | 0848 a9fc | ffff ff74 | 0b48 834b | 0802 eb04 | 4889 4308 

  0x00000294182f991c: ;   {metadata(method data for {method} {0x000002942b0ae5c8} 'invokeExact_MT' '(Ljava/lang/Object;Ljava/lang/Object;Ljava/lang/Object;)Ljava/lang/Object;' in 'java/lang/invoke/Invokers$Holder')}
  0x00000294182f991c: 48bb 98d1 | 2440 9402 | 0000 4883 | 83b8 0100 

  0x00000294182f992c: ;   {metadata(method data for {method} {0x000002942b3dc300} 'checkCustomized' '(Ljava/lang/invoke/MethodHandle;)V' in 'java/lang/invoke/Invokers')}
  0x00000294182f992c: 0001 48bb | d00c 2340 | 9402 0000 | 8b83 cc00 | 0000 83c0 | 0289 83cc | 0000 0025 | feff 1f00 
  0x00000294182f994c: 85c0 0f84 | d912 0000 

  0x00000294182f9954: ;   {metadata(method data for {method} {0x000002942b3dc300} 'checkCustomized' '(Ljava/lang/invoke/MethodHandle;)V' in 'java/lang/invoke/Invokers')}
  0x00000294182f9954: 48bb d00c | 2340 9402 | 0000 4883 | 8310 0100 

  0x00000294182f9964: ;   {metadata(method data for {method} {0x000002942b0944d8} 'isCompileConstant' '(Ljava/lang/Object;)Z' in 'java/lang/invoke/MethodHandleImpl')}
  0x00000294182f9964: 0001 48bb | 70d0 2440 | 9402 0000 | 8b83 cc00 | 0000 83c0 | 0289 83cc | 0000 0025 | feff 1f00 
  0x00000294182f9984: 85c0 0f84 | c212 0000 

  0x00000294182f998c: ;   {metadata(method data for {method} {0x000002942b3dc300} 'checkCustomized' '(Ljava/lang/invoke/MethodHandle;)V' in 'java/lang/invoke/Invokers')}
  0x00000294182f998c: 48bb d00c | 2340 9402 | 0000 ff83 | 2001 0000 | 8b5e 148b | 5b1c 4885 

  0x00000294182f99a4: ;   {metadata(method data for {method} {0x000002942b3dc300} 'checkCustomized' '(Ljava/lang/invoke/MethodHandle;)V' in 'java/lang/invoke/Invokers')}
  0x00000294182f99a4: db48 bbd0 | 0c23 4094 | 0200 0048 | c7c0 4001 | 0000 7507 | 48c7 c050 | 0100 0048 | 8b0c 0348 
  0x00000294182f99c4: 8d49 0148 | 890c 030f | 8523 0000 

  0x00000294182f99d0: ;   {metadata(method data for {method} {0x000002942b3dc300} 'checkCustomized' '(Ljava/lang/invoke/MethodHandle;)V' in 'java/lang/invoke/Invokers')}
  0x00000294182f99d0: 0048 bbd0 | 0c23 4094 | 0200 0048 | 8383 6001 | 0000 0148 

  0x00000294182f99e4: ;   {static_call}
  0x00000294182f99e4: 8bd6 90e8 

  0x00000294182f99e8: ; ImmutableOopMap {[152]=Oop [160]=Oop [168]=Oop }
                      ;*invokestatic maybeCustomize {reexecute=0 rethrow=0 return_oop=0}
                      ; - java.lang.invoke.Invokers::checkCustomized@19
                      ; - java.lang.invoke.Invokers$Holder::invokeExact_MT@14
                      ; - jdk.internal.reflect.DirectConstructorHandleAccessor::invokeImpl@53
                      ; - jdk.internal.reflect.DirectConstructorHandleAccessor::newInstance@60
  0x00000294182f99e8: 54c1 f7ff 

  0x00000294182f99ec: ;   {other}
  0x00000294182f99ec: 0f1f 8400 | dc10 0003 | 488b bc24 | a000 0000 

  0x00000294182f99fc: ;   {metadata(method data for {method} {0x000002942b0ae5c8} 'invokeExact_MT' '(Ljava/lang/Object;Ljava/lang/Object;Ljava/lang/Object;)Ljava/lang/Object;' in 'java/lang/invoke/Invokers$Holder')}
  0x00000294182f99fc: 49b8 98d1 | 2440 9402 | 0000 4d8d | 8018 0200 | 0048 85ff | 750f 41f6 | 4008 0175 | 52f0 4983 
  0x00000294182f9a1c: 4808 01eb | 4a8b 5708 | 49ba 0000 | 002b 9402 | 0000 4903 | d24c 8bd2 | 4933 5008 | 48f7 c2fc 
  0x00000294182f9a3c: ffff ff74 | 2af6 c202 | 7525 49f7 | 4008 feff | ffff 7417 | 498b d249 | 3350 0848 | f7c2 fcff 
  0x00000294182f9a5c: ffff 740b | 4983 4808 | 02eb 0449 | 8950 0848 | 8bb4 24a8 

  0x00000294182f9a70: ;   {metadata(method data for {method} {0x000002942b0ae5c8} 'invokeExact_MT' '(Ljava/lang/Object;Ljava/lang/Object;Ljava/lang/Object;)Ljava/lang/Object;' in 'java/lang/invoke/Invokers$Holder')}
  0x00000294182f9a70: 0000 0049 | b898 d124 | 4094 0200 | 0049 8380 | e001 0000 | 014c 8bc7 | 488b 9424 | a800 0000 
  0x00000294182f9a90: 0f1f 8000 

  0x00000294182f9a94: ;   {optimized virtual_call}
  0x00000294182f9a94: 0000 00e8 

  0x00000294182f9a98: ; ImmutableOopMap {[152]=Oop }
                      ;*invokevirtual invokeBasic {reexecute=0 rethrow=0 return_oop=0}
                      ; - java.lang.invoke.Invokers$Holder::invokeExact_MT@19
                      ; - jdk.internal.reflect.DirectConstructorHandleAccessor::invokeImpl@53
                      ; - jdk.internal.reflect.DirectConstructorHandleAccessor::newInstance@60
  0x00000294182f9a98: 649d 7407 

  0x00000294182f9a9c: ;   {other}
  0x00000294182f9a9c: 0f1f 8400 | 8c11 0004 

  0x00000294182f9aa4: ;   {metadata(method data for {method} {0x000002942b0ae5c8} 'invokeExact_MT' '(Ljava/lang/Object;Ljava/lang/Object;Ljava/lang/Object;)Ljava/lang/Object;' in 'java/lang/invoke/Invokers$Holder')}
  0x00000294182f9aa4: 48ba 98d1 | 2440 9402 | 0000 488d | 9228 0200 | 0048 85c0 | 750c f602 | 0175 4df0 | 4883 0a01 
  0x00000294182f9ac4: eb46 8b70 | 0849 ba00 | 0000 2b94 | 0200 0049 | 03f2 4c8b | d648 3332 | 48f7 c6fc | ffff ff74 
  0x00000294182f9ae4: 2740 f6c6 | 0275 2148 | f702 feff | ffff 7415 | 498b f248 | 3332 48f7 | c6fc ffff | ff74 0948 
  0x00000294182f9b04: 830a 02eb | 0348 8932 

  0x00000294182f9b0c: ;   {metadata(method data for {method} {0x000002942b19d258} 'invokeImpl' '([Ljava/lang/Object;)Ljava/lang/Object;' in 'jdk/internal/reflect/DirectConstructorHandleAccessor')}
  0x00000294182f9b0c: 48ba f0c9 | 2440 9402 | 0000 488d | 9218 0200 | 0048 85c0 | 750c f602 | 0175 4df0 | 4883 0a01 
  0x00000294182f9b2c: eb46 8b70 | 0849 ba00 | 0000 2b94 | 0200 0049 | 03f2 4c8b | d648 3332 | 48f7 c6fc | ffff ff74 
  0x00000294182f9b4c: 2740 f6c6 | 0275 2148 | f702 feff | ffff 7415 | 498b f248 | 3332 48f7 | c6fc ffff | ff74 0948 
  0x00000294182f9b6c: 830a 02eb | 0348 8932 

  0x00000294182f9b74: ;   {metadata(method data for {method} {0x000002942b19d258} 'invokeImpl' '([Ljava/lang/Object;)Ljava/lang/Object;' in 'jdk/internal/reflect/DirectConstructorHandleAccessor')}
  0x00000294182f9b74: 48ba f0c9 | 2440 9402 | 0000 ff82 | 2802 0000 | 4881 c420 | 0100 005d 

  0x00000294182f9b8c: ;   {poll_return}
  0x00000294182f9b8c: 493b a750 | 0400 000f | 87db 1000 | 00c3 8b72 | 1048 89b4 | 24b0 0000 

  0x00000294182f9ba4: ;   {metadata(method data for {method} {0x000002942b0ae570} 'invokeExact_MT' '(Ljava/lang/Object;Ljava/lang/Object;)Ljava/lang/Object;' in 'java/lang/invoke/Invokers$Holder')}
  0x00000294182f9ba4: 0048 bfd0 | cd24 4094 | 0200 0048 | 8dbf 8802 | 0000 4885 | f675 0cf6 | 0701 754c | f048 830f 
  0x00000294182f9bc4: 01eb 458b | 5e08 49ba | 0000 002b | 9402 0000 | 4903 da4c | 8bd3 4833 | 1f48 f7c3 | fcff ffff 
  0x00000294182f9be4: 7426 f6c3 | 0275 2148 | f707 feff | ffff 7415 | 498b da48 | 331f 48f7 | c3fc ffff | ff74 0948 
  0x00000294182f9c04: 830f 02eb | 0348 891f 

  0x00000294182f9c0c: ;   {oop(a 'java/lang/invoke/MethodType'{0x00000000e0745c80} = ()Ljava/lang/Object;)}
  0x00000294182f9c0c: 48bb 805c | 74e0 0000 | 0000 4885 | db75 0ef6 | 4710 0175 | 49f0 4883 | 4f10 01eb 

  0x00000294182f9c28: ;   {metadata('java/lang/invoke/MethodType')}
  0x00000294182f9c28: 4148 b810 | d605 2b94 | 0200 004c | 8bd0 4833 | 4710 48a9 | fcff ffff | 7428 a802 | 7524 48f7 
  0x00000294182f9c48: 4710 feff | ffff 7416 | 498b c248 | 3347 1048 | a9fc ffff | ff74 0b48 | 834f 1002 | eb04 4889 
  0x00000294182f9c68: ;   {metadata(method data for {method} {0x000002942b19d258} 'invokeImpl' '([Ljava/lang/Object;)Ljava/lang/Object;' in 'jdk/internal/reflect/DirectConstructorHandleAccessor')}
  0x00000294182f9c68: 4710 48bf | f0c9 2440 | 9402 0000 | 4883 8770 | 0100 0001 

  0x00000294182f9c7c: ;   {metadata(method data for {method} {0x000002942b0ae570} 'invokeExact_MT' '(Ljava/lang/Object;Ljava/lang/Object;)Ljava/lang/Object;' in 'java/lang/invoke/Invokers$Holder')}
  0x00000294182f9c7c: 48bf d0cd | 2440 9402 | 0000 8b87 | cc00 0000 | 83c0 0289 | 87cc 0000 | 0025 feff | 1f00 85c0 
  0x00000294182f9c9c: 0f84 e80f 

  0x00000294182f9ca0: ;   {metadata(method data for {method} {0x000002942b0ae570} 'invokeExact_MT' '(Ljava/lang/Object;Ljava/lang/Object;)Ljava/lang/Object;' in 'java/lang/invoke/Invokers$Holder')}
  0x00000294182f9ca0: 0000 48bf | d0cd 2440 | 9402 0000 | 488d bf90 | 0100 0048 | 85f6 750e | f647 0801 | 754f f048 
  0x00000294182f9cc0: 834f 0801 | eb47 8b46 | 0849 ba00 | 0000 2b94 | 0200 0049 | 03c2 4c8b | d048 3347 | 0848 a9fc 
  0x00000294182f9ce0: ffff ff74 | 28a8 0275 | 2448 f747 | 08fe ffff | ff74 1649 | 8bc2 4833 | 4708 48a9 | fcff ffff 
  0x00000294182f9d00: 740b 4883 | 4f08 02eb | 0448 8947 | 0848 85db | 750c f647 | 1801 7506 | f048 834f 

  0x00000294182f9d1c: ;   {metadata(method data for {method} {0x000002942b0ae570} 'invokeExact_MT' '(Ljava/lang/Object;Ljava/lang/Object;)Ljava/lang/Object;' in 'java/lang/invoke/Invokers$Holder')}
  0x00000294182f9d1c: 1801 48bf | d0cd 2440 | 9402 0000 | 4883 8780 | 0100 0001 

  0x00000294182f9d30: ;   {metadata(method data for {method} {0x000002942b3dc408} 'checkExactType' '(Ljava/lang/invoke/MethodHandle;Ljava/lang/invoke/MethodType;)V' in 'java/lang/invoke/Invokers')}
  0x00000294182f9d30: 48bf 98b7 | 1840 9402 | 0000 8b87 | cc00 0000 | 83c0 0289 | 87cc 0000 | 0025 feff | 1f00 85c0 
  0x00000294182f9d50: 0f84 550f | 0000 483b | 0648 8bfe 

  0x00000294182f9d5c: ;   {metadata(method data for {method} {0x000002942b3dc408} 'checkExactType' '(Ljava/lang/invoke/MethodHandle;Ljava/lang/invoke/MethodType;)V' in 'java/lang/invoke/Invokers')}
  0x00000294182f9d5c: 48b8 98b7 | 1840 9402 | 0000 8b7f | 0849 ba00 | 0000 2b94 | 0200 0049 | 03fa 483b | b820 0100 
  0x00000294182f9d7c: 0075 0d48 | 8380 2801 | 0000 01e9 | 6000 0000 | 483b b830 | 0100 0075 | 0d48 8380 | 3801 0000 
  0x00000294182f9d9c: 01e9 4a00 | 0000 4883 | b820 0100 | 0000 7517 | 4889 b820 | 0100 0048 | c780 2801 | 0000 0100 
  0x00000294182f9dbc: 0000 e929 | 0000 0048 | 83b8 3001 | 0000 0075 | 1748 89b8 | 3001 0000 | 48c7 8038 | 0100 0001 
  0x00000294182f9ddc: 0000 00e9 | 0800 0000 | 4883 8010 | 0100 0001 | 8b7e 1048 

  0x00000294182f9df0: ;   {metadata(method data for {method} {0x000002942b3dc408} 'checkExactType' '(Ljava/lang/invoke/MethodHandle;Ljava/lang/invoke/MethodType;)V' in 'java/lang/invoke/Invokers')}
  0x00000294182f9df0: 3bfb 48bb | 98b7 1840 | 9402 0000 | 48c7 c058 | 0100 0075 | 0748 c7c0 | 4801 0000 | 488b 0c03 
  0x00000294182f9e10: 488d 4901 | 4889 0c03 | 0f85 5e02 

  0x00000294182f9e1c: ;   {metadata(method data for {method} {0x000002942b0ae570} 'invokeExact_MT' '(Ljava/lang/Object;Ljava/lang/Object;)Ljava/lang/Object;' in 'java/lang/invoke/Invokers$Holder')}
  0x00000294182f9e1c: 0000 48bf | d0cd 2440 | 9402 0000 | 488d bfc8 | 0100 008b | 5e08 49ba | 0000 002b | 9402 0000 
  0x00000294182f9e3c: 4903 da4c | 8bd3 4833 | 5f08 48f7 | c3fc ffff | ff74 2af6 | c302 7525 | 48f7 4708 | feff ffff 
  0x00000294182f9e5c: 7417 498b | da48 335f | 0848 f7c3 | fcff ffff | 740b 4883 | 4f08 02eb | 0448 895f 

  0x00000294182f9e78: ;   {metadata(method data for {method} {0x000002942b0ae570} 'invokeExact_MT' '(Ljava/lang/Object;Ljava/lang/Object;)Ljava/lang/Object;' in 'java/lang/invoke/Invokers$Holder')}
  0x00000294182f9e78: 0848 bfd0 | cd24 4094 | 0200 0048 | 8387 b801 

  0x00000294182f9e88: ;   {metadata(method data for {method} {0x000002942b3dc300} 'checkCustomized' '(Ljava/lang/invoke/MethodHandle;)V' in 'java/lang/invoke/Invokers')}
  0x00000294182f9e88: 0000 0148 | bfd0 0c23 | 4094 0200 | 008b 9fcc | 0000 0083 | c302 899f | cc00 0000 | 81e3 feff 
  0x00000294182f9ea8: 1f00 85db | 0f84 1f0e 

  0x00000294182f9eb0: ;   {metadata(method data for {method} {0x000002942b3dc300} 'checkCustomized' '(Ljava/lang/invoke/MethodHandle;)V' in 'java/lang/invoke/Invokers')}
  0x00000294182f9eb0: 0000 48bf | d00c 2340 | 9402 0000 | 4883 8710 | 0100 0001 

  0x00000294182f9ec4: ;   {metadata(method data for {method} {0x000002942b0944d8} 'isCompileConstant' '(Ljava/lang/Object;)Z' in 'java/lang/invoke/MethodHandleImpl')}
  0x00000294182f9ec4: 48bf 70d0 | 2440 9402 | 0000 8b9f | cc00 0000 | 83c3 0289 | 9fcc 0000 | 0081 e3fe | ff1f 0085 
  0x00000294182f9ee4: db0f 8407 

  0x00000294182f9ee8: ;   {metadata(method data for {method} {0x000002942b3dc300} 'checkCustomized' '(Ljava/lang/invoke/MethodHandle;)V' in 'java/lang/invoke/Invokers')}
  0x00000294182f9ee8: 0e00 0048 | bfd0 0c23 | 4094 0200 | 00ff 8720 | 0100 008b | 7e14 8b7f | 1c48 85ff 

  0x00000294182f9f04: ;   {metadata(method data for {method} {0x000002942b3dc300} 'checkCustomized' '(Ljava/lang/invoke/MethodHandle;)V' in 'java/lang/invoke/Invokers')}
  0x00000294182f9f04: 48bf d00c | 2340 9402 | 0000 48c7 | c340 0100 | 0075 0748 | c7c3 5001 | 0000 488b | 041f 488d 
  0x00000294182f9f24: 4001 4889 | 041f 0f85 | 2400 0000 

  0x00000294182f9f30: ;   {metadata(method data for {method} {0x000002942b3dc300} 'checkCustomized' '(Ljava/lang/invoke/MethodHandle;)V' in 'java/lang/invoke/Invokers')}
  0x00000294182f9f30: 48bf d00c | 2340 9402 | 0000 4883 | 8760 0100 | 0001 488b 

  0x00000294182f9f44: ;   {static_call}
  0x00000294182f9f44: d666 90e8 

  0x00000294182f9f48: ; ImmutableOopMap {[152]=Oop [176]=Oop }
                      ;*invokestatic maybeCustomize {reexecute=0 rethrow=0 return_oop=0}
                      ; - java.lang.invoke.Invokers::checkCustomized@19
                      ; - java.lang.invoke.Invokers$Holder::invokeExact_MT@14
                      ; - jdk.internal.reflect.DirectConstructorHandleAccessor::invokeImpl@40
                      ; - jdk.internal.reflect.DirectConstructorHandleAccessor::newInstance@60
  0x00000294182f9f48: f4bb f7ff 

  0x00000294182f9f4c: ;   {other}
  0x00000294182f9f4c: 0f1f 8400 | 3c16 0005 | 488b b424 | b000 0000 

  0x00000294182f9f5c: ;   {metadata(method data for {method} {0x000002942b0ae570} 'invokeExact_MT' '(Ljava/lang/Object;Ljava/lang/Object;)Ljava/lang/Object;' in 'java/lang/invoke/Invokers$Holder')}
  0x00000294182f9f5c: 48ba d0cd | 2440 9402 | 0000 4883 | 82e0 0100 | 0001 488b | 9424 b000 

  0x00000294182f9f74: ;   {optimized virtual_call}
  0x00000294182f9f74: 0000 90e8 

  0x00000294182f9f78: ; ImmutableOopMap {[152]=Oop }
                      ;*invokevirtual invokeBasic {reexecute=0 rethrow=0 return_oop=0}
                      ; - java.lang.invoke.Invokers$Holder::invokeExact_MT@18
                      ; - jdk.internal.reflect.DirectConstructorHandleAccessor::invokeImpl@40
                      ; - jdk.internal.reflect.DirectConstructorHandleAccessor::newInstance@60
  0x00000294182f9f78: 848f 7407 

  0x00000294182f9f7c: ;   {other}
  0x00000294182f9f7c: 0f1f 8400 | 6c16 0006 

  0x00000294182f9f84: ;   {metadata(method data for {method} {0x000002942b0ae570} 'invokeExact_MT' '(Ljava/lang/Object;Ljava/lang/Object;)Ljava/lang/Object;' in 'java/lang/invoke/Invokers$Holder')}
  0x00000294182f9f84: 48ba d0cd | 2440 9402 | 0000 488d | 9218 0200 | 0048 85c0 | 750c f602 | 0175 4ef0 | 4883 0a01 
  0x00000294182f9fa4: eb47 448b | 4008 49ba | 0000 002b | 9402 0000 | 4d03 c24d | 8bd0 4c33 | 0249 f7c0 | fcff ffff 
  0x00000294182f9fc4: 7427 41f6 | c002 7521 | 48f7 02fe | ffff ff74 | 154d 8bc2 | 4c33 0249 | f7c0 fcff | ffff 7409 
  0x00000294182f9fe4: 4883 0a02 | eb03 4c89 

  0x00000294182f9fec: ;   {metadata(method data for {method} {0x000002942b19d258} 'invokeImpl' '([Ljava/lang/Object;)Ljava/lang/Object;' in 'jdk/internal/reflect/DirectConstructorHandleAccessor')}
  0x00000294182f9fec: 0248 baf0 | c924 4094 | 0200 0048 | 8d92 a801 | 0000 4885 | c075 0cf6 | 0201 754e | f048 830a 
  0x00000294182fa00c: 01eb 4744 | 8b40 0849 | ba00 0000 | 2b94 0200 | 004d 03c2 | 4d8b d04c | 3302 49f7 | c0fc ffff 
  0x00000294182fa02c: ff74 2741 | f6c0 0275 | 2148 f702 | feff ffff | 7415 4d8b | c24c 3302 | 49f7 c0fc | ffff ff74 
  0x00000294182fa04c: 0948 830a | 02eb 034c 

  0x00000294182fa054: ;   {metadata(method data for {method} {0x000002942b19d258} 'invokeImpl' '([Ljava/lang/Object;)Ljava/lang/Object;' in 'jdk/internal/reflect/DirectConstructorHandleAccessor')}
  0x00000294182fa054: 8902 48ba | f0c9 2440 | 9402 0000 | ff82 b801 | 0000 4881 | c420 0100 

  0x00000294182fa06c: ;   {poll_return}
  0x00000294182fa06c: 005d 493b | a750 0400 | 000f 879d | 0c00 00c3 

  0x00000294182fa07c: ;   {metadata(method data for {method} {0x000002942b3dc408} 'checkExactType' '(Ljava/lang/invoke/MethodHandle;Ljava/lang/invoke/MethodType;)V' in 'java/lang/invoke/Invokers')}
  0x00000294182fa07c: 48ba 98b7 | 1840 9402 | 0000 4883 | 8268 0100 

  0x00000294182fa08c: ;   {oop(a 'java/lang/invoke/MethodType'{0x00000000e0745c80} = ()Ljava/lang/Object;)}
  0x00000294182fa08c: 0001 49b8 | 805c 74e0 | 0000 0000 | 488b d70f 

  0x00000294182fa09c: ;   {static_call}
  0x00000294182fa09c: 1f40 00e8 

  0x00000294182fa0a0: ; ImmutableOopMap {[152]=Oop [176]=Oop }
                      ;*invokestatic newWrongMethodTypeException {reexecute=0 rethrow=0 return_oop=0}
                      ; - java.lang.invoke.Invokers::checkExactType@12
                      ; - java.lang.invoke.Invokers$Holder::invokeExact_MT@10
                      ; - jdk.internal.reflect.DirectConstructorHandleAccessor::invokeImpl@40
                      ; - jdk.internal.reflect.DirectConstructorHandleAccessor::newInstance@60
  0x00000294182fa0a0: dc57 1f07 

  0x00000294182fa0a4: ;   {other}
  0x00000294182fa0a4: 0f1f 8400 | 9417 0007 

  0x00000294182fa0ac: ; implicit exception: dispatches to 0x00000294182fad2e
                      ; ImmutableOopMap {rax=Oop [152]=Oop [176]=Oop }
                      ;*athrow {reexecute=1 rethrow=0 return_oop=0}
                      ; - (reexecute) java.lang.invoke.Invokers::checkExactType@15
                      ; - java.lang.invoke.Invokers$Holder::invokeExact_MT@10
                      ; - jdk.internal.reflect.DirectConstructorHandleAccessor::invokeImpl@40
                      ; - jdk.internal.reflect.DirectConstructorHandleAccessor::newInstance@60
                      ;   {section_word}
  0x00000294182fa0ac: 483b 0048 | baaf a02f | 1894 0200 

  0x00000294182fa0b8: ;   {runtime_call handle_exception_nofpu Runtime1 stub}
  0x00000294182fa0b8: 00e8 42f8 

  0x00000294182fa0bc: ;   {metadata(method data for {method} {0x000002942b3dc408} 'checkExactType' '(Ljava/lang/invoke/MethodHandle;Ljava/lang/invoke/MethodType;)V' in 'java/lang/invoke/Invokers')}
  0x00000294182fa0bc: 2207 9048 | ba98 b718 | 4094 0200 | 0048 8382 | 6801 0000 

  0x00000294182fa0d0: ;   {oop(a 'java/lang/invoke/MethodType'{0x00000000e0745c08} = (Ljava/lang/Object;)Ljava/lang/Object;)}
  0x00000294182fa0d0: 0149 b808 | 5c74 e000 | 0000 0048 

  0x00000294182fa0dc: ;   {static_call}
  0x00000294182fa0dc: 8bd3 90e8 

  0x00000294182fa0e0: ; ImmutableOopMap {[152]=Oop [160]=Oop [168]=Oop }
                      ;*invokestatic newWrongMethodTypeException {reexecute=0 rethrow=0 return_oop=0}
                      ; - java.lang.invoke.Invokers::checkExactType@12
                      ; - java.lang.invoke.Invokers$Holder::invokeExact_MT@10
                      ; - jdk.internal.reflect.DirectConstructorHandleAccessor::invokeImpl@53
                      ; - jdk.internal.reflect.DirectConstructorHandleAccessor::newInstance@60
  0x00000294182fa0e0: 9c57 1f07 

  0x00000294182fa0e4: ;   {other}
  0x00000294182fa0e4: 0f1f 8400 | d417 0009 

  0x00000294182fa0ec: ; implicit exception: dispatches to 0x00000294182fad33
                      ; ImmutableOopMap {rax=Oop [152]=Oop [160]=Oop [168]=Oop }
                      ;*athrow {reexecute=1 rethrow=0 return_oop=0}
                      ; - (reexecute) java.lang.invoke.Invokers::checkExactType@15
                      ; - java.lang.invoke.Invokers$Holder::invokeExact_MT@10
                      ; - jdk.internal.reflect.DirectConstructorHandleAccessor::invokeImpl@53
                      ; - jdk.internal.reflect.DirectConstructorHandleAccessor::newInstance@60
                      ;   {section_word}
  0x00000294182fa0ec: 483b 0048 | baef a02f | 1894 0200 

  0x00000294182fa0f8: ;   {runtime_call handle_exception_nofpu Runtime1 stub}
  0x00000294182fa0f8: 00e8 02f8 | 2207 9049 | 8b87 0005 | 0000 4d33 | d24d 8997 | 0005 0000 | 4d33 d24d | 8997 0805 
  0x00000294182fa118: 0000 488b | 9424 9800 

  0x00000294182fa120: ;   {metadata(method data for {method} {0x000002942b19d200} 'newInstance' '([Ljava/lang/Object;)Ljava/lang/Object;' in 'jdk/internal/reflect/DirectConstructorHandleAccessor')}
  0x00000294182fa120: 0000 49b8 | c8c5 2440 | 9402 0000 | 4983 8050 | 0300 0001 

  0x00000294182fa134: ;   {metadata(method data for {method} {0x000002942b3c7e88} 'isIllegalArgument' '(Ljava/lang/RuntimeException;)Z' in 'jdk/internal/reflect/DirectConstructorHandleAccessor')}
  0x00000294182fa134: 48ba 50d4 | 2440 9402 | 0000 448b | 82cc 0000 | 0041 83c0 | 0244 8982 | cc00 0000 | 4181 e0fe 
  0x00000294182fa154: ff1f 0045 | 85c0 0f84 | d80b 0000 

  0x00000294182fa160: ;   {oop(a 'java/lang/Class'{0x00000000e0696228} = 'jdk/internal/reflect/DirectConstructorHandleAccessor')}
  0x00000294182fa160: 48ba 2862 | 69e0 0000 | 0000 4c8b | c048 8984 | 24b8 0000 

  0x00000294182fa174: ;   {static_call}
  0x00000294182fa174: 0066 90e8 

  0x00000294182fa178: ; ImmutableOopMap {[184]=Oop }
                      ;*invokestatic isIllegalArgument {reexecute=0 rethrow=0 return_oop=0}
                      ; - jdk.internal.reflect.DirectConstructorHandleAccessor::isIllegalArgument@3
                      ; - jdk.internal.reflect.DirectConstructorHandleAccessor::newInstance@96
  0x00000294182fa178: 0457 1f07 

  0x00000294182fa17c: ;   {other}
  0x00000294182fa17c: 0f1f 8400 | 6c18 000b | 83e0 0185 

  0x00000294182fa188: ;   {metadata(method data for {method} {0x000002942b19d200} 'newInstance' '([Ljava/lang/Object;)Ljava/lang/Object;' in 'jdk/internal/reflect/DirectConstructorHandleAccessor')}
  0x00000294182fa188: c048 b8c8 | c524 4094 | 0200 0048 | c7c2 8803 | 0000 7407 | 48c7 c298 | 0300 004c | 8b04 104d 
  0x00000294182fa1a8: 8d40 014c | 8904 100f | 84c4 0200 | 00e9 1702 | 0000 498b | 8700 0500 | 004d 33d2 | 4d89 9700 
  0x00000294182fa1c8: 0500 004d | 33d2 4d89 | 9708 0500 | 0048 8b94 | 2498 0000 

  0x00000294182fa1dc: ;   {metadata(method data for {method} {0x000002942b19d200} 'newInstance' '([Ljava/lang/Object;)Ljava/lang/Object;' in 'jdk/internal/reflect/DirectConstructorHandleAccessor')}
  0x00000294182fa1dc: 0049 b8c8 | c524 4094 | 0200 0049 | 8380 d802 

  0x00000294182fa1ec: ;   {metadata(method data for {method} {0x000002942b3c7e88} 'isIllegalArgument' '(Ljava/lang/RuntimeException;)Z' in 'jdk/internal/reflect/DirectConstructorHandleAccessor')}
  0x00000294182fa1ec: 0000 0148 | ba50 d424 | 4094 0200 | 0044 8b82 | cc00 0000 | 4183 c002 | 4489 82cc | 0000 0041 
  0x00000294182fa20c: 81e0 feff | 1f00 4585 | c00f 843e 

  0x00000294182fa218: ;   {oop(a 'java/lang/Class'{0x00000000e0696228} = 'jdk/internal/reflect/DirectConstructorHandleAccessor')}
  0x00000294182fa218: 0b00 0048 | ba28 6269 | e000 0000 | 004c 8bc0 | 4889 8424 | c000 0000 | 0f1f 8000 

  0x00000294182fa234: ;   {static_call}
  0x00000294182fa234: 0000 00e8 

  0x00000294182fa238: ; ImmutableOopMap {[192]=Oop }
                      ;*invokestatic isIllegalArgument {reexecute=0 rethrow=0 return_oop=0}
                      ; - jdk.internal.reflect.DirectConstructorHandleAccessor::isIllegalArgument@3
                      ; - jdk.internal.reflect.DirectConstructorHandleAccessor::newInstance@67
  0x00000294182fa238: 4456 1f07 

  0x00000294182fa23c: ;   {other}
  0x00000294182fa23c: 0f1f 8400 | 2c19 000c | 83e0 0185 

  0x00000294182fa248: ;   {metadata(method data for {method} {0x000002942b19d200} 'newInstance' '([Ljava/lang/Object;)Ljava/lang/Object;' in 'jdk/internal/reflect/DirectConstructorHandleAccessor')}
  0x00000294182fa248: c048 bac8 | c524 4094 | 0200 0048 | c7c6 1003 | 0000 7407 | 48c7 c620 | 0300 0048 | 8b3c 3248 
  0x00000294182fa268: 8d7f 0148 | 893c 320f | 84ac 0000 | 0066 6690 

  0x00000294182fa278: ;   {no_reloc}
  0x00000294182fa278: e90c 0b00 | 0000 0000 | 0000 498b | 87b8 0100 | 0048 8d78 | 2849 3bbf | c801 0000 | 0f87 f90a 
  0x00000294182fa298: 0000 4989 | bfb8 0100 | 0048 c700 | 0100 0000 | 488b ca49 | ba00 0000 | 2b94 0200 | 0049 2bca 
  0x00000294182fa2b8: 8948 0848 | 33c9 8948 | 0c48 33c9 | 4889 4810 | 4889 4818 | 4889 4820 

  0x00000294182fa2d0: ;   {metadata(method data for {method} {0x000002942b19d200} 'newInstance' '([Ljava/lang/Object;)Ljava/lang/Object;' in 'jdk/internal/reflect/DirectConstructorHandleAccessor')}
  0x00000294182fa2d0: 4c8b c049 | b9c8 c524 | 4094 0200 | 0049 8381 | 3003 0000 

  0x00000294182fa2e4: ;   {oop("argument type mismatch"{0x00000000efc80b20})}
  0x00000294182fa2e4: 0149 b820 | 0bc8 ef00 | 0000 004c | 8b8c 24c0 | 0000 0048 | 8bd0 4889 | 8424 c800 | 0000 0f1f 
  0x00000294182fa304: ;   {optimized virtual_call}
  0x00000294182fa304: 4400 00e8 

  0x00000294182fa308: ; ImmutableOopMap {[200]=Oop }
                      ;*invokespecial <init> {reexecute=0 rethrow=0 return_oop=0}
                      ; - jdk.internal.reflect.DirectConstructorHandleAccessor::newInstance@80
  0x00000294182fa308: 744b 1f07 

  0x00000294182fa30c: ;   {other}
  0x00000294182fa30c: 0f1f 8400 | fc19 000d | 488b 8424 | c800 0000 | e96a 0c00 | 004c 8b84 | 24c0 0000 | 000f 1f80 
  0x00000294182fa32c: 0000 0000 

  0x00000294182fa330: ;   {no_reloc}
  0x00000294182fa330: e97a 0a00 | 0000 0000 | 0000 80ba | 3101 0000 | 040f 8577 | 0a00 0049 | 8b87 b801 | 0000 488d 
  0x00000294182fa350: 7828 493b | bfc8 0100 | 000f 875f | 0a00 0049 | 89bf b801 | 0000 48c7 | 0001 0000 | 0048 8bca 
  0x00000294182fa370: 49ba 0000 | 002b 9402 | 0000 492b | ca89 4808 | 4833 c989 | 480c 4833 | c948 8948 | 1048 8948 
  0x00000294182fa390: 1848 8948 | 2048 8bd0 

  0x00000294182fa398: ;   {metadata(method data for {method} {0x000002942b19d200} 'newInstance' '([Ljava/lang/Object;)Ljava/lang/Object;' in 'jdk/internal/reflect/DirectConstructorHandleAccessor')}
  0x00000294182fa398: 48be c8c5 | 2440 9402 | 0000 4883 | 8640 0300 | 0001 488b | d048 8984 | 24d0 0000 

  0x00000294182fa3b4: ;   {optimized virtual_call}
  0x00000294182fa3b4: 0066 90e8 

  0x00000294182fa3b8: ; ImmutableOopMap {[208]=Oop }
                      ;*invokespecial <init> {reexecute=0 rethrow=0 return_oop=0}
                      ; - jdk.internal.reflect.DirectConstructorHandleAccessor::newInstance@89
  0x00000294182fa3b8: c44a 1f07 

  0x00000294182fa3bc: ;   {other}
  0x00000294182fa3bc: 0f1f 8400 | ac1a 000e | 488b 8424 | d000 0000 | e9ba 0b00 | 000f 1f80 | 0000 0000 

  0x00000294182fa3d8: ;   {no_reloc}
  0x00000294182fa3d8: e9fd 0900 | 0000 0000 | 0000 498b | 87b8 0100 | 0048 8d78 | 2849 3bbf | c801 0000 | 0f87 ea09 
  0x00000294182fa3f8: 0000 4989 | bfb8 0100 | 0048 c700 | 0100 0000 | 488b ca49 | ba00 0000 | 2b94 0200 | 0049 2bca 
  0x00000294182fa418: 8948 0848 | 33c9 8948 | 0c48 33c9 | 4889 4810 | 4889 4818 | 4889 4820 

  0x00000294182fa430: ;   {metadata(method data for {method} {0x000002942b19d200} 'newInstance' '([Ljava/lang/Object;)Ljava/lang/Object;' in 'jdk/internal/reflect/DirectConstructorHandleAccessor')}
  0x00000294182fa430: 4c8b c048 | bac8 c524 | 4094 0200 | 0048 8382 | a803 0000 | 014c 8b84 | 24b8 0000 | 0048 8bd0 
  0x00000294182fa450: 4889 8424 | d800 0000 | 0f1f 8000 

  0x00000294182fa45c: ;   {optimized virtual_call}
  0x00000294182fa45c: 0000 00e8 

  0x00000294182fa460: ; ImmutableOopMap {[216]=Oop }
                      ;*invokespecial <init> {reexecute=0 rethrow=0 return_oop=0}
                      ; - jdk.internal.reflect.DirectConstructorHandleAccessor::newInstance@107
  0x00000294182fa460: 1c4a 1f07 

  0x00000294182fa464: ;   {other}
  0x00000294182fa464: 0f1f 8400 | 541b 000f | 488b 8424 | d800 0000 | e912 0b00 | 004c 8b84 | 24b8 0000 | 000f 1f80 
  0x00000294182fa484: 0000 0000 

  0x00000294182fa488: ;   {no_reloc}
  0x00000294182fa488: e973 0900 | 0000 0000 | 0000 80ba | 3101 0000 | 040f 8570 | 0900 0049 | 8b87 b801 | 0000 488d 
  0x00000294182fa4a8: 7828 493b | bfc8 0100 | 000f 8758 | 0900 0049 | 89bf b801 | 0000 48c7 | 0001 0000 | 0048 8bca 
  0x00000294182fa4c8: 49ba 0000 | 002b 9402 | 0000 492b | ca89 4808 | 4833 c989 | 480c 4833 | c948 8948 | 1048 8948 
  0x00000294182fa4e8: 1848 8948 | 2048 8bd0 

  0x00000294182fa4f0: ;   {metadata(method data for {method} {0x000002942b19d200} 'newInstance' '([Ljava/lang/Object;)Ljava/lang/Object;' in 'jdk/internal/reflect/DirectConstructorHandleAccessor')}
  0x00000294182fa4f0: 48be c8c5 | 2440 9402 | 0000 4883 | 86b8 0300 | 0001 488b | d048 8984 | 24e0 0000 

  0x00000294182fa50c: ;   {optimized virtual_call}
  0x00000294182fa50c: 0066 90e8 

  0x00000294182fa510: ; ImmutableOopMap {[224]=Oop }
                      ;*invokespecial <init> {reexecute=0 rethrow=0 return_oop=0}
                      ; - jdk.internal.reflect.DirectConstructorHandleAccessor::newInstance@116
  0x00000294182fa510: 6c49 1f07 

  0x00000294182fa514: ;   {other}
  0x00000294182fa514: 0f1f 8400 | 041c 0010 | 488b 8424 | e000 0000 | e962 0a00 | 0044 898c | 24f0 0000 | 000f 1f80 
  0x00000294182fa534: 0000 0000 

  0x00000294182fa538: ;   {no_reloc}
  0x00000294182fa538: e9ee 0800 | 0000 0000 | 0000 498b | 87b8 0100 | 0048 8d78 | 2849 3bbf | c801 0000 | 0f87 db08 
  0x00000294182fa558: 0000 4989 | bfb8 0100 | 0048 c700 | 0100 0000 | 488b ca49 | ba00 0000 | 2b94 0200 | 0049 2bca 
  0x00000294182fa578: 8948 0848 | 33c9 8948 | 0c48 33c9 | 4889 4810 | 4889 4818 | 4889 4820 

  0x00000294182fa590: ;   {metadata('java/lang/StringBuilder')}
  0x00000294182fa590: 48ba 4080 | 002b 9402 | 0000 4889 | 8424 f800 | 0000 498b | 87b8 0100 | 0048 8d78 | 1849 3bbf 
  0x00000294182fa5b0: c801 0000 | 0f87 8808 | 0000 4989 | bfb8 0100 | 0048 c700 | 0100 0000 | 488b ca49 | ba00 0000 
  0x00000294182fa5d0: 2b94 0200 | 0049 2bca | 8948 0848 | 33c9 8948 | 0c48 33c9 | 4889 4810 

  0x00000294182fa5e8: ;   {metadata(method data for {method} {0x000002942b19d200} 'newInstance' '([Ljava/lang/Object;)Ljava/lang/Object;' in 'jdk/internal/reflect/DirectConstructorHandleAccessor')}
  0x00000294182fa5e8: 4c8b c048 | bac8 c524 | 4094 0200 | 0048 8382 | 6801 0000 

  0x00000294182fa5fc: ;   {metadata(method data for {method} {0x000002942b4619d8} '<init>' '()V' in 'java/lang/StringBuilder')}
  0x00000294182fa5fc: 0149 b828 | ca00 4094 | 0200 0041 | 8b90 cc00 | 0000 83c2 | 0241 8990 | cc00 0000 | 81e2 feff 
  0x00000294182fa61c: 1f00 85d2 | 0f84 2908 | 0000 4c8b 

  0x00000294182fa628: ;   {metadata(method data for {method} {0x000002942b4619d8} '<init>' '()V' in 'java/lang/StringBuilder')}
  0x00000294182fa628: c048 ba28 | ca00 4094 | 0200 0048 | 8382 1001 | 0000 0141 | b810 0000 | 0048 8bd0 | 4889 8424 
  0x00000294182fa648: e800 0000 

  0x00000294182fa64c: ;   {optimized virtual_call}
  0x00000294182fa64c: 6666 90e8 

  0x00000294182fa650: ; ImmutableOopMap {[152]=Oop [232]=Oop [248]=Oop }
                      ;*invokespecial <init> {reexecute=0 rethrow=0 return_oop=0}
                      ; - java.lang.StringBuilder::<init>@3
                      ; - jdk.internal.reflect.DirectConstructorHandleAccessor::newInstance@27
  0x00000294182fa650: 2c48 1f07 

  0x00000294182fa654: ;   {other}
  0x00000294182fa654: 0f1f 8400 | 441d 0011 | 488b 8424 | e800 0000 

  0x00000294182fa664: ;   {metadata(method data for {method} {0x000002942b19d200} 'newInstance' '([Ljava/lang/Object;)Ljava/lang/Object;' in 'jdk/internal/reflect/DirectConstructorHandleAccessor')}
  0x00000294182fa664: 49b8 c8c5 | 2440 9402 | 0000 4983 | 8078 0100 

  0x00000294182fa674: ;   {metadata(method data for {method} {0x000002942b4617c8} 'append' '(Ljava/lang/String;)Ljava/lang/StringBuilder;' in 'java/lang/StringBuilder')}
  0x00000294182fa674: 0001 49b8 | 38ce 0040 | 9402 0000 | 418b 90cc | 0000 0083 | c202 4189 | 90cc 0000 | 0081 e2fe 
  0x00000294182fa694: ff1f 0085 | d20f 84d1 | 0700 0048 | 8b84 24e8 

  0x00000294182fa6a4: ;   {metadata(method data for {method} {0x000002942b4617c8} 'append' '(Ljava/lang/String;)Ljava/lang/StringBuilder;' in 'java/lang/StringBuilder')}
  0x00000294182fa6a4: 0000 0049 | b838 ce00 | 4094 0200 | 0049 8380 | 1001 0000 

  0x00000294182fa6b8: ;   {oop("wrong number of arguments: "{0x00000000efc80aa0})}
  0x00000294182fa6b8: 0149 b8a0 | 0ac8 ef00 | 0000 0048 | 8b94 24e8 | 0000 000f 

  0x00000294182fa6cc: ;   {optimized virtual_call}
  0x00000294182fa6cc: 1f40 00e8 

  0x00000294182fa6d0: ; ImmutableOopMap {[152]=Oop [232]=Oop [248]=Oop }
                      ;*invokespecial append {reexecute=0 rethrow=0 return_oop=0}
                      ; - java.lang.StringBuilder::append@2
                      ; - jdk.internal.reflect.DirectConstructorHandleAccessor::newInstance@32
  0x00000294182fa6d0: ac47 1f07 

  0x00000294182fa6d4: ;   {other}
  0x00000294182fa6d4: 0f1f 8400 | c41d 0012 | 488b 8424 | e800 0000 

  0x00000294182fa6e4: ;   {metadata(method data for {method} {0x000002942b19d200} 'newInstance' '([Ljava/lang/Object;)Ljava/lang/Object;' in 'jdk/internal/reflect/DirectConstructorHandleAccessor')}
  0x00000294182fa6e4: 49b8 c8c5 | 2440 9402 | 0000 4983 | 80b0 0100 

  0x00000294182fa6f4: ;   {metadata(method data for {method} {0x000002942b461560} 'append' '(I)Ljava/lang/StringBuilder;' in 'java/lang/StringBuilder')}
  0x00000294182fa6f4: 0001 49b8 | 60d3 0040 | 9402 0000 | 418b 90cc | 0000 0083 | c202 4189 | 90cc 0000 | 0081 e2fe 
  0x00000294182fa714: ff1f 0085 | d20f 8472 | 0700 0048 | 8b84 24e8 

  0x00000294182fa724: ;   {metadata(method data for {method} {0x000002942b461560} 'append' '(I)Ljava/lang/StringBuilder;' in 'java/lang/StringBuilder')}
  0x00000294182fa724: 0000 0049 | b860 d300 | 4094 0200 | 0049 8380 | 1001 0000 | 0144 8b84 | 24f0 0000 | 0048 8b94 
  0x00000294182fa744: 24e8 0000 | 0066 0f1f 

  0x00000294182fa74c: ;   {optimized virtual_call}
  0x00000294182fa74c: 4400 00e8 

  0x00000294182fa750: ; ImmutableOopMap {[152]=Oop [232]=Oop [248]=Oop }
                      ;*invokespecial append {reexecute=0 rethrow=0 return_oop=0}
                      ; - java.lang.StringBuilder::append@2
                      ; - jdk.internal.reflect.DirectConstructorHandleAccessor::newInstance@36
  0x00000294182fa750: 2c47 1f07 

  0x00000294182fa754: ;   {other}
  0x00000294182fa754: 0f1f 8400 | 441e 0013 | 488b 8424 | e800 0000 

  0x00000294182fa764: ;   {metadata(method data for {method} {0x000002942b19d200} 'newInstance' '([Ljava/lang/Object;)Ljava/lang/Object;' in 'jdk/internal/reflect/DirectConstructorHandleAccessor')}
  0x00000294182fa764: 49b8 c8c5 | 2440 9402 | 0000 4983 | 80e8 0100 

  0x00000294182fa774: ;   {metadata(method data for {method} {0x000002942b4617c8} 'append' '(Ljava/lang/String;)Ljava/lang/StringBuilder;' in 'java/lang/StringBuilder')}
  0x00000294182fa774: 0001 49b8 | 38ce 0040 | 9402 0000 | 418b 90cc | 0000 0083 | c202 4189 | 90cc 0000 | 0081 e2fe 
  0x00000294182fa794: ff1f 0085 | d20f 8413 | 0700 0048 | 8b84 24e8 

  0x00000294182fa7a4: ;   {metadata(method data for {method} {0x000002942b4617c8} 'append' '(Ljava/lang/String;)Ljava/lang/StringBuilder;' in 'java/lang/StringBuilder')}
  0x00000294182fa7a4: 0000 0049 | b838 ce00 | 4094 0200 | 0049 8380 | 1001 0000 

  0x00000294182fa7b8: ;   {oop(" expected: "{0x00000000efc80ae8})}
  0x00000294182fa7b8: 0149 b8e8 | 0ac8 ef00 | 0000 0048 | 8b94 24e8 | 0000 000f 

  0x00000294182fa7cc: ;   {optimized virtual_call}
  0x00000294182fa7cc: 1f40 00e8 

  0x00000294182fa7d0: ; ImmutableOopMap {[152]=Oop [232]=Oop [248]=Oop }
                      ;*invokespecial append {reexecute=0 rethrow=0 return_oop=0}
                      ; - java.lang.StringBuilder::append@2
                      ; - jdk.internal.reflect.DirectConstructorHandleAccessor::newInstance@41
  0x00000294182fa7d0: ac46 1f07 

  0x00000294182fa7d4: ;   {other}
  0x00000294182fa7d4: 0f1f 8400 | c41e 0014 | 488b 9424 | 9800 0000 | 448b 420c | 488b 8424 | e800 0000 

  0x00000294182fa7f0: ;   {metadata(method data for {method} {0x000002942b19d200} 'newInstance' '([Ljava/lang/Object;)Ljava/lang/Object;' in 'jdk/internal/reflect/DirectConstructorHandleAccessor')}
  0x00000294182fa7f0: 48ba c8c5 | 2440 9402 | 0000 4883 | 8220 0200 

  0x00000294182fa800: ;   {metadata(method data for {method} {0x000002942b461560} 'append' '(I)Ljava/lang/StringBuilder;' in 'java/lang/StringBuilder')}
  0x00000294182fa800: 0001 48ba | 60d3 0040 | 9402 0000 | 8bb2 cc00 | 0000 83c6 | 0289 b2cc | 0000 0081 | e6fe ff1f 
  0x00000294182fa820: 0085 f60f | 84aa 0600 | 0048 8b84 | 24e8 0000 

  0x00000294182fa830: ;   {metadata(method data for {method} {0x000002942b461560} 'append' '(I)Ljava/lang/StringBuilder;' in 'java/lang/StringBuilder')}
  0x00000294182fa830: 0048 ba60 | d300 4094 | 0200 0048 | 8382 1001 | 0000 0148 | 8b94 24e8 | 0000 000f 

  0x00000294182fa84c: ;   {optimized virtual_call}
  0x00000294182fa84c: 1f40 00e8 

  0x00000294182fa850: ; ImmutableOopMap {[232]=Oop [248]=Oop }
                      ;*invokespecial append {reexecute=0 rethrow=0 return_oop=0}
                      ; - java.lang.StringBuilder::append@2
                      ; - jdk.internal.reflect.DirectConstructorHandleAccessor::newInstance@48
  0x00000294182fa850: 2c46 1f07 

  0x00000294182fa854: ;   {other}
  0x00000294182fa854: 0f1f 8400 | 441f 0015 | 488b 8424 | e800 0000 

  0x00000294182fa864: ;   {metadata(method data for {method} {0x000002942b19d200} 'newInstance' '([Ljava/lang/Object;)Ljava/lang/Object;' in 'jdk/internal/reflect/DirectConstructorHandleAccessor')}
  0x00000294182fa864: 48ba c8c5 | 2440 9402 | 0000 4883 | 8258 0200 

  0x00000294182fa874: ;   {metadata(method data for {method} {0x000002942b008958} 'toString' '()Ljava/lang/String;' in 'java/lang/StringBuilder')}
  0x00000294182fa874: 0001 48ba | 10d7 0040 | 9402 0000 | 8bb2 cc00 | 0000 83c6 | 0289 b2cc | 0000 0081 | e6fe ff1f 
  0x00000294182fa894: 0085 f60f | 8457 0600 

  0x00000294182fa89c: ;   {metadata('java/lang/String')}
  0x00000294182fa89c: 0048 ba78 | e800 2b94 | 0200 0049 | 8b87 b801 | 0000 488d | 7818 493b | bfc8 0100 | 000f 8756 
  0x00000294182fa8bc: 0600 0049 | 89bf b801 | 0000 48c7 | 0001 0000 | 0048 8bca | 49ba 0000 | 002b 9402 | 0000 492b 
  0x00000294182fa8dc: ca89 4808 | 4833 c989 | 480c 4833 | c948 8948 | 104c 8bc0 

  0x00000294182fa8f0: ;   {metadata(method data for {method} {0x000002942b008958} 'toString' '()Ljava/lang/String;' in 'java/lang/StringBuilder')}
  0x00000294182fa8f0: 49b9 10d7 | 0040 9402 | 0000 4983 | 8110 0100 

  0x00000294182fa900: ;   {metadata(method data for {method} {0x000002942b455ab8} '<init>' '(Ljava/lang/StringBuilder;)V' in 'java/lang/String')}
  0x00000294182fa900: 0001 49b8 | 58d8 0040 | 9402 0000 | 458b 88cc | 0000 0041 | 83c1 0245 | 8988 cc00 | 0000 4181 
  0x00000294182fa920: e1fe ff1f | 0045 85c9 | 0f84 f405 | 0000 4c8b 

  0x00000294182fa930: ;   {metadata(method data for {method} {0x000002942b455ab8} '<init>' '(Ljava/lang/StringBuilder;)V' in 'java/lang/String')}
  0x00000294182fa930: c049 b958 | d800 4094 | 0200 0049 | 8381 1001 | 0000 014c | 8b84 24e8 

  0x00000294182fa948: ;   {oop(nullptr)}
  0x00000294182fa948: 0000 0049 | b900 0000 | 0000 0000 | 0048 8bd0 | 4889 8424 | 0001 0000 | 0f1f 8000 

  0x00000294182fa964: ;   {optimized virtual_call}
  0x00000294182fa964: 0000 00e8 

  0x00000294182fa968: ; ImmutableOopMap {[248]=Oop [256]=Oop }
                      ;*invokespecial <init> {reexecute=0 rethrow=0 return_oop=0}
                      ; - java.lang.String::<init>@3
                      ; - java.lang.StringBuilder::toString@5
                      ; - jdk.internal.reflect.DirectConstructorHandleAccessor::newInstance@51
  0x00000294182fa968: 1445 1f07 

  0x00000294182fa96c: ;   {other}
  0x00000294182fa96c: 0f1f 8400 | 5c20 0016 | 488b 8424 | f800 0000 

  0x00000294182fa97c: ;   {metadata(method data for {method} {0x000002942b19d200} 'newInstance' '([Ljava/lang/Object;)Ljava/lang/Object;' in 'jdk/internal/reflect/DirectConstructorHandleAccessor')}
  0x00000294182fa97c: 49b8 c8c5 | 2440 9402 | 0000 4983 | 8090 0200 | 0001 4c8b | 8424 0001 | 0000 488b | 9424 f800 
  0x00000294182fa99c: ;   {optimized virtual_call}
  0x00000294182fa99c: 0000 90e8 

  0x00000294182fa9a0: ; ImmutableOopMap {[248]=Oop }
                      ;*invokespecial <init> {reexecute=0 rethrow=0 return_oop=0}
                      ; - jdk.internal.reflect.DirectConstructorHandleAccessor::newInstance@54
  0x00000294182fa9a0: dc44 1f07 

  0x00000294182fa9a4: ;   {other}
  0x00000294182fa9a4: 0f1f 8400 | 9420 0017 | 488b 8424 | f800 0000 | e9d2 0500 | 0049 8b87 | 0005 0000 | 4d33 d24d 
  0x00000294182fa9c4: 8997 0005 | 0000 4d33 | d24d 8997 | 0805 0000 | 4c8b c090 

  0x00000294182fa9d8: ;   {no_reloc}
  0x00000294182fa9d8: e975 0500 | 0000 0000 | 0000 80ba | 3101 0000 | 040f 8572 | 0500 0049 | 8b87 b801 | 0000 488d 
  0x00000294182fa9f8: 7828 493b | bfc8 0100 | 000f 875a | 0500 0049 | 89bf b801 | 0000 48c7 | 0001 0000 | 0048 8bca 
  0x00000294182faa18: 49ba 0000 | 002b 9402 | 0000 492b | ca89 4808 | 4833 c989 | 480c 4833 | c948 8948 | 1048 8948 
  0x00000294182faa38: 1848 8948 | 2048 8bd0 

  0x00000294182faa40: ;   {metadata(method data for {method} {0x000002942b19d200} 'newInstance' '([Ljava/lang/Object;)Ljava/lang/Object;' in 'jdk/internal/reflect/DirectConstructorHandleAccessor')}
  0x00000294182faa40: 48be c8c5 | 2440 9402 | 0000 4883 | 86c8 0300 | 0001 488b | d048 8984 | 2408 0100 

  0x00000294182faa5c: ;   {optimized virtual_call}
  0x00000294182faa5c: 0066 90e8 

  0x00000294182faa60: ; ImmutableOopMap {[264]=Oop }
                      ;*invokespecial <init> {reexecute=0 rethrow=0 return_oop=0}
                      ; - jdk.internal.reflect.DirectConstructorHandleAccessor::newInstance@126
  0x00000294182faa60: 1c44 1f07 

  0x00000294182faa64: ;   {other}
  0x00000294182faa64: 0f1f 8400 | 5421 0018 | 488b 8424 | 0801 0000 | e912 0500 

  0x00000294182faa78: ;   {metadata({method} {0x000002942b19d200} 'newInstance' '([Ljava/lang/Object;)Ljava/lang/Object;' in 'jdk/internal/reflect/DirectConstructorHandleAccessor')}
  0x00000294182faa78: 0049 baf8 | d119 2b94 | 0200 004c | 8954 2408 | 48c7 0424 | ffff ffff 

  0x00000294182faa90: ;   {runtime_call counter_overflow Runtime1 stub}
  0x00000294182faa90: e86b 5f2c 

  0x00000294182faa94: ; ImmutableOopMap {rdx=Oop r8=Oop [152]=Oop }
                      ;*synchronization entry
                      ; - jdk.internal.reflect.DirectConstructorHandleAccessor::newInstance@-1
  0x00000294182faa94: 07e9 96e3 

  0x00000294182faa98: ;   {runtime_call throw_null_pointer_exception Runtime1 stub}
  0x00000294182faa98: ffff e801 

  0x00000294182faa9c: ; ImmutableOopMap {rdx=Oop r8=Oop [152]=Oop }
                      ;*arraylength {reexecute=0 rethrow=0 return_oop=0}
                      ; - jdk.internal.reflect.DirectConstructorHandleAccessor::newInstance@5
                      ;   {metadata({method} {0x000002942b19d258} 'invokeImpl' '([Ljava/lang/Object;)Ljava/lang/Object;' in 'jdk/internal/reflect/DirectConstructorHandleAccessor')}
  0x00000294182faa9c: 0f23 0749 | ba50 d219 | 2b94 0200 | 004c 8954 | 2408 48c7 | 0424 ffff 

  0x00000294182faab4: ;   {runtime_call counter_overflow Runtime1 stub}
  0x00000294182faab4: ffff e845 

  0x00000294182faab8: ; ImmutableOopMap {rdx=Oop r8=Oop [152]=Oop }
                      ;*synchronization entry
                      ; - jdk.internal.reflect.DirectConstructorHandleAccessor::invokeImpl@-1
                      ; - jdk.internal.reflect.DirectConstructorHandleAccessor::newInstance@60
  0x00000294182faab8: 5f2c 07e9 | 3fe4 ffff | 49b9 0000 | 0000 0000 | 0000 b800 

  0x00000294182faacc: ;   {runtime_call load_appendix_patching Runtime1 stub}
  0x00000294182faacc: 0f05 0ae8 

  0x00000294182faad0: ; ImmutableOopMap {rdx=Oop r8=Oop rsi=Oop [152]=Oop }
                      ;*invokevirtual invokeExact {reexecute=1 rethrow=0 return_oop=0}
                      ; - (reexecute) jdk.internal.reflect.DirectConstructorHandleAccessor::invokeImpl@99
                      ; - jdk.internal.reflect.DirectConstructorHandleAccessor::newInstance@60
  0x00000294182faad0: ac55 2c07 | e9b7 e4ff 

  0x00000294182faad8: ;   {runtime_call throw_null_pointer_exception Runtime1 stub}
  0x00000294182faad8: ffe8 c20e 

  0x00000294182faadc: ; ImmutableOopMap {rdx=Oop r8=Oop rsi=Oop r9=Oop [152]=Oop }
                      ;*invokevirtual invokeExact {reexecute=0 rethrow=0 return_oop=0}
                      ; - jdk.internal.reflect.DirectConstructorHandleAccessor::invokeImpl@99
                      ; - jdk.internal.reflect.DirectConstructorHandleAccessor::newInstance@60
                      ;   {internal_word}
  0x00000294182faadc: 2307 49ba | 2691 2f18 | 9402 0000 | 4d89 9768 

  0x00000294182faaec: ;   {runtime_call SafepointBlob}
  0x00000294182faaec: 0400 00e9 | 8cbe 1f07 

  0x00000294182faaf4: ;   {runtime_call throw_null_pointer_exception Runtime1 stub}
  0x00000294182faaf4: e8a7 0e23 

  0x00000294182faaf8: ; ImmutableOopMap {rdx=Oop r8=Oop rbx=Oop [152]=Oop }
                      ;*aaload {reexecute=0 rethrow=0 return_oop=0}
                      ; - jdk.internal.reflect.DirectConstructorHandleAccessor::invokeImpl@81
                      ; - jdk.internal.reflect.DirectConstructorHandleAccessor::newInstance@60
                      ;   {runtime_call throw_null_pointer_exception Runtime1 stub}
  0x00000294182faaf8: 07e8 a20e 

  0x00000294182faafc: ; ImmutableOopMap {rdx=Oop r8=Oop rbx=Oop [152]=Oop }
                      ;*aaload {reexecute=0 rethrow=0 return_oop=0}
                      ; - jdk.internal.reflect.DirectConstructorHandleAccessor::invokeImpl@81
                      ; - jdk.internal.reflect.DirectConstructorHandleAccessor::newInstance@60
  0x00000294182faafc: 2307 48c7 | 0424 0000 | 0000 4c89 

  0x00000294182fab08: ;   {runtime_call throw_range_check_failed Runtime1 stub}
  0x00000294182fab08: 4424 08e8 

  0x00000294182fab0c: ; ImmutableOopMap {rdx=Oop r8=Oop rbx=Oop [152]=Oop }
                      ;*aaload {reexecute=0 rethrow=0 return_oop=0}
                      ; - jdk.internal.reflect.DirectConstructorHandleAccessor::invokeImpl@81
                      ; - jdk.internal.reflect.DirectConstructorHandleAccessor::newInstance@60
  0x00000294182fab0c: 9017 2307 | 48c7 0424 | 0100 0000 | 4c89 4424 

  0x00000294182fab1c: ;   {runtime_call throw_range_check_failed Runtime1 stub}
  0x00000294182fab1c: 08e8 7e17 

  0x00000294182fab20: ; ImmutableOopMap {rdx=Oop r8=Oop rbx=Oop r9=Oop [152]=Oop }
                      ;*aaload {reexecute=0 rethrow=0 return_oop=0}
                      ; - jdk.internal.reflect.DirectConstructorHandleAccessor::invokeImpl@84
                      ; - jdk.internal.reflect.DirectConstructorHandleAccessor::newInstance@60
  0x00000294182fab20: 2307 48c7 | 0424 0200 | 0000 4c89 

  0x00000294182fab2c: ;   {runtime_call throw_range_check_failed Runtime1 stub}
  0x00000294182fab2c: 4424 08e8 

  0x00000294182fab30: ; ImmutableOopMap {rdx=Oop r8=Oop rbx=Oop r9=Oop rdi=Oop [152]=Oop }
                      ;*aaload {reexecute=0 rethrow=0 return_oop=0}
                      ; - jdk.internal.reflect.DirectConstructorHandleAccessor::invokeImpl@87
                      ; - jdk.internal.reflect.DirectConstructorHandleAccessor::newInstance@60
  0x00000294182fab30: 6c17 2307 | 48b8 405e | 74e0 0000 | 0000 b800 

  0x00000294182fab40: ;   {runtime_call load_appendix_patching Runtime1 stub}
  0x00000294182fab40: 0f05 0ae8 

  0x00000294182fab44: ; ImmutableOopMap {rdx=Oop rbx=Oop r9=Oop rdi=Oop rsi=Oop [152]=Oop }
                      ;*invokevirtual invokeExact {reexecute=1 rethrow=0 return_oop=0}
                      ; - (reexecute) jdk.internal.reflect.DirectConstructorHandleAccessor::invokeImpl@88
                      ; - jdk.internal.reflect.DirectConstructorHandleAccessor::newInstance@60
  0x00000294182fab44: 3855 2c07 | e91b e6ff 

  0x00000294182fab4c: ;   {runtime_call throw_null_pointer_exception Runtime1 stub}
  0x00000294182fab4c: ffe8 4e0e 

  0x00000294182fab50: ; ImmutableOopMap {rdx=Oop rbx=Oop r9=Oop rdi=Oop rsi=Oop rax=Oop [152]=Oop }
                      ;*invokevirtual invokeExact {reexecute=0 rethrow=0 return_oop=0}
                      ; - jdk.internal.reflect.DirectConstructorHandleAccessor::invokeImpl@88
                      ; - jdk.internal.reflect.DirectConstructorHandleAccessor::newInstance@60
                      ;   {internal_word}
  0x00000294182fab50: 2307 49ba | 7793 2f18 | 9402 0000 | 4d89 9768 

  0x00000294182fab60: ;   {runtime_call SafepointBlob}
  0x00000294182fab60: 0400 00e9 | 18be 1f07 

  0x00000294182fab68: ;   {runtime_call throw_null_pointer_exception Runtime1 stub}
  0x00000294182fab68: e833 0e23 

  0x00000294182fab6c: ; ImmutableOopMap {rdx=Oop r8=Oop rsi=Oop [152]=Oop }
                      ;*aaload {reexecute=0 rethrow=0 return_oop=0}
                      ; - jdk.internal.reflect.DirectConstructorHandleAccessor::invokeImpl@65
                      ; - jdk.internal.reflect.DirectConstructorHandleAccessor::newInstance@60
                      ;   {runtime_call throw_null_pointer_exception Runtime1 stub}
  0x00000294182fab6c: 07e8 2e0e 

  0x00000294182fab70: ; ImmutableOopMap {rdx=Oop r8=Oop rsi=Oop [152]=Oop }
                      ;*aaload {reexecute=0 rethrow=0 return_oop=0}
                      ; - jdk.internal.reflect.DirectConstructorHandleAccessor::invokeImpl@65
                      ; - jdk.internal.reflect.DirectConstructorHandleAccessor::newInstance@60
  0x00000294182fab70: 2307 48c7 | 0424 0000 | 0000 4c89 

  0x00000294182fab7c: ;   {runtime_call throw_range_check_failed Runtime1 stub}
  0x00000294182fab7c: 4424 08e8 

  0x00000294182fab80: ; ImmutableOopMap {rdx=Oop r8=Oop rsi=Oop [152]=Oop }
                      ;*aaload {reexecute=0 rethrow=0 return_oop=0}
                      ; - jdk.internal.reflect.DirectConstructorHandleAccessor::invokeImpl@65
                      ; - jdk.internal.reflect.DirectConstructorHandleAccessor::newInstance@60
  0x00000294182fab80: 1c17 2307 | 48c7 0424 | 0100 0000 | 4c89 4424 

  0x00000294182fab90: ;   {runtime_call throw_range_check_failed Runtime1 stub}
  0x00000294182fab90: 08e8 0a17 

  0x00000294182fab94: ; ImmutableOopMap {rdx=Oop r8=Oop rsi=Oop r9=Oop [152]=Oop }
                      ;*aaload {reexecute=0 rethrow=0 return_oop=0}
                      ; - jdk.internal.reflect.DirectConstructorHandleAccessor::invokeImpl@68
                      ; - jdk.internal.reflect.DirectConstructorHandleAccessor::newInstance@60
  0x00000294182fab94: 2307 48bb | 205d 74e0 | 0000 0000 | b800 0f05 

  0x00000294182faba4: ;   {runtime_call load_appendix_patching Runtime1 stub}
  0x00000294182faba4: 0ae8 d654 

  0x00000294182faba8: ; ImmutableOopMap {rdx=Oop rsi=Oop r9=Oop rdi=Oop [152]=Oop }
                      ;*invokevirtual invokeExact {reexecute=1 rethrow=0 return_oop=0}
                      ; - (reexecute) jdk.internal.reflect.DirectConstructorHandleAccessor::invokeImpl@69
                      ; - jdk.internal.reflect.DirectConstructorHandleAccessor::newInstance@60
  0x00000294182faba8: 2c07 e9f9 

  0x00000294182fabac: ;   {runtime_call throw_null_pointer_exception Runtime1 stub}
  0x00000294182fabac: e7ff ffe8 

  0x00000294182fabb0: ; ImmutableOopMap {rdx=Oop rsi=Oop r9=Oop rdi=Oop rbx=Oop [152]=Oop }
                      ;*invokevirtual invokeExact {reexecute=0 rethrow=0 return_oop=0}
                      ; - jdk.internal.reflect.DirectConstructorHandleAccessor::invokeImpl@69
                      ; - jdk.internal.reflect.DirectConstructorHandleAccessor::newInstance@60
  0x00000294182fabb0: ec0d 2307 

  0x00000294182fabb4: ;   {internal_word}
  0x00000294182fabb4: 49ba ac95 | 2f18 9402 | 0000 4d89 | 9768 0400 

  0x00000294182fabc4: ;   {runtime_call SafepointBlob}
  0x00000294182fabc4: 00e9 b6bd 

  0x00000294182fabc8: ;   {runtime_call throw_null_pointer_exception Runtime1 stub}
  0x00000294182fabc8: 1f07 e8d1 

  0x00000294182fabcc: ; ImmutableOopMap {rdx=Oop r8=Oop rsi=Oop [152]=Oop [168]=Oop }
                      ;*aaload {reexecute=0 rethrow=0 return_oop=0}
                      ; - jdk.internal.reflect.DirectConstructorHandleAccessor::invokeImpl@52
                      ; - jdk.internal.reflect.DirectConstructorHandleAccessor::newInstance@60
                      ;   {runtime_call throw_null_pointer_exception Runtime1 stub}
  0x00000294182fabcc: 0d23 07e8 

  0x00000294182fabd0: ; ImmutableOopMap {rdx=Oop r8=Oop rsi=Oop [152]=Oop [168]=Oop }
                      ;*aaload {reexecute=0 rethrow=0 return_oop=0}
                      ; - jdk.internal.reflect.DirectConstructorHandleAccessor::invokeImpl@52
                      ; - jdk.internal.reflect.DirectConstructorHandleAccessor::newInstance@60
  0x00000294182fabd0: cc0d 2307 | 48c7 0424 | 0000 0000 | 4c89 4424 

  0x00000294182fabe0: ;   {runtime_call throw_range_check_failed Runtime1 stub}
  0x00000294182fabe0: 08e8 ba16 

  0x00000294182fabe4: ; ImmutableOopMap {rdx=Oop r8=Oop rsi=Oop [152]=Oop [168]=Oop }
                      ;*aaload {reexecute=0 rethrow=0 return_oop=0}
                      ; - jdk.internal.reflect.DirectConstructorHandleAccessor::invokeImpl@52
                      ; - jdk.internal.reflect.DirectConstructorHandleAccessor::newInstance@60
                      ;   {metadata({method} {0x000002942b0ae5c8} 'invokeExact_MT' '(Ljava/lang/Object;Ljava/lang/Object;Ljava/lang/Object;)Ljava/lang/Object;' in 'java/lang/invoke/Invokers$Holder')}
  0x00000294182fabe4: 2307 49ba | c0e5 0a2b | 9402 0000 | 4c89 5424 | 0848 c704 | 24ff ffff 

  0x00000294182fabfc: ;   {runtime_call counter_overflow Runtime1 stub}
  0x00000294182fabfc: ffe8 fe5d 

  0x00000294182fac00: ; ImmutableOopMap {rdx=Oop rsi=Oop rdi=Oop [152]=Oop [160]=Oop [168]=Oop }
                      ;*synchronization entry
                      ; - java.lang.invoke.Invokers$Holder::invokeExact_MT@-1
                      ; - jdk.internal.reflect.DirectConstructorHandleAccessor::invokeImpl@53
                      ; - jdk.internal.reflect.DirectConstructorHandleAccessor::newInstance@60
  0x00000294182fac00: 2c07 e936 

  0x00000294182fac04: ;   {metadata({method} {0x000002942b3dc408} 'checkExactType' '(Ljava/lang/invoke/MethodHandle;Ljava/lang/invoke/MethodType;)V' in 'java/lang/invoke/Invokers')}
  0x00000294182fac04: ebff ff49 | ba00 c43d | 2b94 0200 | 004c 8954 | 2408 48c7 | 0424 ffff 

  0x00000294182fac1c: ;   {runtime_call counter_overflow Runtime1 stub}
  0x00000294182fac1c: ffff e8dd 

  0x00000294182fac20: ; ImmutableOopMap {rdx=Oop rsi=Oop rdi=Oop rax=Oop [152]=Oop [160]=Oop [168]=Oop }
                      ;*synchronization entry
                      ; - java.lang.invoke.Invokers::checkExactType@-1
                      ; - java.lang.invoke.Invokers$Holder::invokeExact_MT@10
                      ; - jdk.internal.reflect.DirectConstructorHandleAccessor::invokeImpl@53
                      ; - jdk.internal.reflect.DirectConstructorHandleAccessor::newInstance@60
  0x00000294182fac20: 5d2c 07e9 | d4eb ffff 

  0x00000294182fac28: ;   {runtime_call throw_null_pointer_exception Runtime1 stub}
  0x00000294182fac28: e873 0d23 

  0x00000294182fac2c: ; ImmutableOopMap {rdx=Oop rsi=Oop rdi=Oop rax=Oop [152]=Oop [160]=Oop [168]=Oop }
                      ;*invokevirtual type {reexecute=0 rethrow=0 return_oop=0}
                      ; - java.lang.invoke.Invokers::checkExactType@1
                      ; - java.lang.invoke.Invokers$Holder::invokeExact_MT@10
                      ; - jdk.internal.reflect.DirectConstructorHandleAccessor::invokeImpl@53
                      ; - jdk.internal.reflect.DirectConstructorHandleAccessor::newInstance@60
                      ;   {metadata({method} {0x000002942b3dc300} 'checkCustomized' '(Ljava/lang/invoke/MethodHandle;)V' in 'java/lang/invoke/Invokers')}
  0x00000294182fac2c: 0749 baf8 | c23d 2b94 | 0200 004c | 8954 2408 | 48c7 0424 | ffff ffff 

  0x00000294182fac44: ;   {runtime_call counter_overflow Runtime1 stub}
  0x00000294182fac44: e8b7 5d2c 

  0x00000294182fac48: ; ImmutableOopMap {rdx=Oop rsi=Oop rdi=Oop [152]=Oop [160]=Oop [168]=Oop }
                      ;*synchronization entry
                      ; - java.lang.invoke.Invokers::checkCustomized@-1
                      ; - java.lang.invoke.Invokers$Holder::invokeExact_MT@14
                      ; - jdk.internal.reflect.DirectConstructorHandleAccessor::invokeImpl@53
                      ; - jdk.internal.reflect.DirectConstructorHandleAccessor::newInstance@60
  0x00000294182fac48: 07e9 06ed 

  0x00000294182fac4c: ;   {metadata({method} {0x000002942b0944d8} 'isCompileConstant' '(Ljava/lang/Object;)Z' in 'java/lang/invoke/MethodHandleImpl')}
  0x00000294182fac4c: ffff 49ba | d044 092b | 9402 0000 | 4c89 5424 | 0848 c704 | 24ff ffff 

  0x00000294182fac64: ;   {runtime_call counter_overflow Runtime1 stub}
  0x00000294182fac64: ffe8 965d 

  0x00000294182fac68: ; ImmutableOopMap {rdx=Oop rsi=Oop rdi=Oop [152]=Oop [160]=Oop [168]=Oop }
                      ;*synchronization entry
                      ; - java.lang.invoke.MethodHandleImpl::isCompileConstant@-1
                      ; - java.lang.invoke.Invokers::checkCustomized@1
                      ; - java.lang.invoke.Invokers$Holder::invokeExact_MT@14
                      ; - jdk.internal.reflect.DirectConstructorHandleAccessor::invokeImpl@53
                      ; - jdk.internal.reflect.DirectConstructorHandleAccessor::newInstance@60
  0x00000294182fac68: 2c07 e91d 

  0x00000294182fac6c: ;   {runtime_call throw_null_pointer_exception Runtime1 stub}
  0x00000294182fac6c: edff ffe8 

  0x00000294182fac70: ; ImmutableOopMap {rdx=Oop rsi=Oop rdi=Oop [152]=Oop [160]=Oop [168]=Oop }
                      ;*getfield customized {reexecute=1 rethrow=0 return_oop=0}
                      ; - (reexecute) java.lang.invoke.Invokers::checkCustomized@12
                      ; - java.lang.invoke.Invokers$Holder::invokeExact_MT@14
                      ; - jdk.internal.reflect.DirectConstructorHandleAccessor::invokeImpl@53
                      ; - jdk.internal.reflect.DirectConstructorHandleAccessor::newInstance@60
  0x00000294182fac70: 2c0d 2307 

  0x00000294182fac74: ;   {internal_word}
  0x00000294182fac74: 49ba 8c9b | 2f18 9402 | 0000 4d89 | 9768 0400 

  0x00000294182fac84: ;   {runtime_call SafepointBlob}
  0x00000294182fac84: 00e9 f6bc 

  0x00000294182fac88: ;   {metadata({method} {0x000002942b0ae570} 'invokeExact_MT' '(Ljava/lang/Object;Ljava/lang/Object;)Ljava/lang/Object;' in 'java/lang/invoke/Invokers$Holder')}
  0x00000294182fac88: 1f07 49ba | 68e5 0a2b | 9402 0000 | 4c89 5424 | 0848 c704 | 24ff ffff 

  0x00000294182faca0: ;   {runtime_call counter_overflow Runtime1 stub}
  0x00000294182faca0: ffe8 5a5d 

  0x00000294182faca4: ; ImmutableOopMap {rdx=Oop rsi=Oop rbx=Oop [152]=Oop [176]=Oop }
                      ;*synchronization entry
                      ; - java.lang.invoke.Invokers$Holder::invokeExact_MT@-1
                      ; - jdk.internal.reflect.DirectConstructorHandleAccessor::invokeImpl@40
                      ; - jdk.internal.reflect.DirectConstructorHandleAccessor::newInstance@60
  0x00000294182faca4: 2c07 e9f7 

  0x00000294182faca8: ;   {metadata({method} {0x000002942b3dc408} 'checkExactType' '(Ljava/lang/invoke/MethodHandle;Ljava/lang/invoke/MethodType;)V' in 'java/lang/invoke/Invokers')}
  0x00000294182faca8: efff ff49 | ba00 c43d | 2b94 0200 | 004c 8954 | 2408 48c7 | 0424 ffff 

  0x00000294182facc0: ;   {runtime_call counter_overflow Runtime1 stub}
  0x00000294182facc0: ffff e839 

  0x00000294182facc4: ; ImmutableOopMap {rdx=Oop rsi=Oop rbx=Oop [152]=Oop [176]=Oop }
                      ;*synchronization entry
                      ; - java.lang.invoke.Invokers::checkExactType@-1
                      ; - java.lang.invoke.Invokers$Holder::invokeExact_MT@10
                      ; - jdk.internal.reflect.DirectConstructorHandleAccessor::invokeImpl@40
                      ; - jdk.internal.reflect.DirectConstructorHandleAccessor::newInstance@60
  0x00000294182facc4: 5d2c 07e9 | 8af0 ffff 

  0x00000294182faccc: ;   {runtime_call throw_null_pointer_exception Runtime1 stub}
  0x00000294182faccc: e8cf 0c23 

  0x00000294182facd0: ; ImmutableOopMap {rdx=Oop rsi=Oop rbx=Oop [152]=Oop [176]=Oop }
                      ;*invokevirtual type {reexecute=0 rethrow=0 return_oop=0}
                      ; - java.lang.invoke.Invokers::checkExactType@1
                      ; - java.lang.invoke.Invokers$Holder::invokeExact_MT@10
                      ; - jdk.internal.reflect.DirectConstructorHandleAccessor::invokeImpl@40
                      ; - jdk.internal.reflect.DirectConstructorHandleAccessor::newInstance@60
                      ;   {metadata({method} {0x000002942b3dc300} 'checkCustomized' '(Ljava/lang/invoke/MethodHandle;)V' in 'java/lang/invoke/Invokers')}
  0x00000294182facd0: 0749 baf8 | c23d 2b94 | 0200 004c | 8954 2408 | 48c7 0424 | ffff ffff 

  0x00000294182face8: ;   {runtime_call counter_overflow Runtime1 stub}
  0x00000294182face8: e813 5d2c 

  0x00000294182facec: ; ImmutableOopMap {rdx=Oop rsi=Oop [152]=Oop [176]=Oop }
                      ;*synchronization entry
                      ; - java.lang.invoke.Invokers::checkCustomized@-1
                      ; - java.lang.invoke.Invokers$Holder::invokeExact_MT@14
                      ; - jdk.internal.reflect.DirectConstructorHandleAccessor::invokeImpl@40
                      ; - jdk.internal.reflect.DirectConstructorHandleAccessor::newInstance@60
  0x00000294182facec: 07e9 c0f1 

  0x00000294182facf0: ;   {metadata({method} {0x000002942b0944d8} 'isCompileConstant' '(Ljava/lang/Object;)Z' in 'java/lang/invoke/MethodHandleImpl')}
  0x00000294182facf0: ffff 49ba | d044 092b | 9402 0000 | 4c89 5424 | 0848 c704 | 24ff ffff 

  0x00000294182fad08: ;   {runtime_call counter_overflow Runtime1 stub}
  0x00000294182fad08: ffe8 f25c 

  0x00000294182fad0c: ; ImmutableOopMap {rdx=Oop rsi=Oop [152]=Oop [176]=Oop }
                      ;*synchronization entry
                      ; - java.lang.invoke.MethodHandleImpl::isCompileConstant@-1
                      ; - java.lang.invoke.Invokers::checkCustomized@1
                      ; - java.lang.invoke.Invokers$Holder::invokeExact_MT@14
                      ; - jdk.internal.reflect.DirectConstructorHandleAccessor::invokeImpl@40
                      ; - jdk.internal.reflect.DirectConstructorHandleAccessor::newInstance@60
  0x00000294182fad0c: 2c07 e9d8 

  0x00000294182fad10: ;   {runtime_call throw_null_pointer_exception Runtime1 stub}
  0x00000294182fad10: f1ff ffe8 

  0x00000294182fad14: ; ImmutableOopMap {rdx=Oop rsi=Oop [152]=Oop [176]=Oop }
                      ;*getfield customized {reexecute=1 rethrow=0 return_oop=0}
                      ; - (reexecute) java.lang.invoke.Invokers::checkCustomized@12
                      ; - java.lang.invoke.Invokers$Holder::invokeExact_MT@14
                      ; - jdk.internal.reflect.DirectConstructorHandleAccessor::invokeImpl@40
                      ; - jdk.internal.reflect.DirectConstructorHandleAccessor::newInstance@60
  0x00000294182fad14: 880c 2307 

  0x00000294182fad18: ;   {internal_word}
  0x00000294182fad18: 49ba 6ea0 | 2f18 9402 | 0000 4d89 | 9768 0400 

  0x00000294182fad28: ;   {runtime_call SafepointBlob}
  0x00000294182fad28: 00e9 52bc 

  0x00000294182fad2c: ;   {runtime_call throw_null_pointer_exception Runtime1 stub}
  0x00000294182fad2c: 1f07 e86d 

  0x00000294182fad30: ; ImmutableOopMap {rax=Oop [152]=Oop [176]=Oop }
                      ;*athrow {reexecute=1 rethrow=0 return_oop=0}
                      ; - (reexecute) java.lang.invoke.Invokers::checkExactType@15
                      ; - java.lang.invoke.Invokers$Holder::invokeExact_MT@10
                      ; - jdk.internal.reflect.DirectConstructorHandleAccessor::invokeImpl@40
                      ; - jdk.internal.reflect.DirectConstructorHandleAccessor::newInstance@60
                      ;   {runtime_call throw_null_pointer_exception Runtime1 stub}
  0x00000294182fad30: 0c23 07e8 

  0x00000294182fad34: ; ImmutableOopMap {rax=Oop [152]=Oop [160]=Oop [168]=Oop }
                      ;*athrow {reexecute=1 rethrow=0 return_oop=0}
                      ; - (reexecute) java.lang.invoke.Invokers::checkExactType@15
                      ; - java.lang.invoke.Invokers$Holder::invokeExact_MT@10
                      ; - jdk.internal.reflect.DirectConstructorHandleAccessor::invokeImpl@53
                      ; - jdk.internal.reflect.DirectConstructorHandleAccessor::newInstance@60
  0x00000294182fad34: 680c 2307 

  0x00000294182fad38: ;   {metadata({method} {0x000002942b3c7e88} 'isIllegalArgument' '(Ljava/lang/RuntimeException;)Z' in 'jdk/internal/reflect/DirectConstructorHandleAccessor')}
  0x00000294182fad38: 49ba 807e | 3c2b 9402 | 0000 4c89 | 5424 0848 | c704 24ff 

  0x00000294182fad4c: ;   {runtime_call counter_overflow Runtime1 stub}
  0x00000294182fad4c: ffff ffe8 

  0x00000294182fad50: ; ImmutableOopMap {rax=Oop }
                      ;*synchronization entry
                      ; - jdk.internal.reflect.DirectConstructorHandleAccessor::isIllegalArgument@-1
                      ; - jdk.internal.reflect.DirectConstructorHandleAccessor::newInstance@96
  0x00000294182fad50: ac5c 2c07 | e907 f4ff 

  0x00000294182fad58: ;   {metadata({method} {0x000002942b3c7e88} 'isIllegalArgument' '(Ljava/lang/RuntimeException;)Z' in 'jdk/internal/reflect/DirectConstructorHandleAccessor')}
  0x00000294182fad58: ff49 ba80 | 7e3c 2b94 | 0200 004c | 8954 2408 | 48c7 0424 | ffff ffff 

  0x00000294182fad70: ;   {runtime_call counter_overflow Runtime1 stub}
  0x00000294182fad70: e88b 5c2c 

  0x00000294182fad74: ; ImmutableOopMap {rax=Oop }
                      ;*synchronization entry
                      ; - jdk.internal.reflect.DirectConstructorHandleAccessor::isIllegalArgument@-1
                      ; - jdk.internal.reflect.DirectConstructorHandleAccessor::newInstance@67
  0x00000294182fad74: 07e9 a1f4 

  0x00000294182fad78: ;   {metadata(nullptr)}
  0x00000294182fad78: ffff 48ba | 0000 0000 | 0000 0000 | b800 0f05 

  0x00000294182fad88: ;   {runtime_call load_klass_patching Runtime1 stub}
  0x00000294182fad88: 0ae8 f245 

  0x00000294182fad8c: ; ImmutableOopMap {[192]=Oop }
                      ;*new {reexecute=1 rethrow=0 return_oop=0}
                      ; - (reexecute) jdk.internal.reflect.DirectConstructorHandleAccessor::newInstance@73
  0x00000294182fad8c: 2c07 e9e5 | f4ff ff48 

  0x00000294182fad94: ;   {runtime_call fast_new_instance Runtime1 stub}
  0x00000294182fad94: 8bd2 e8e5 

  0x00000294182fad98: ; ImmutableOopMap {[192]=Oop }
                      ;*new {reexecute=0 rethrow=0 return_oop=0}
                      ; - jdk.internal.reflect.DirectConstructorHandleAccessor::newInstance@73
  0x00000294182fad98: ff22 07e9 | 30f5 ffff 

  0x00000294182fada0: ;   {metadata(nullptr)}
  0x00000294182fada0: 48ba 0000 | 0000 0000 | 0000 b800 

  0x00000294182fadac: ;   {runtime_call load_klass_patching Runtime1 stub}
  0x00000294182fadac: 0f05 0ae8 

  0x00000294182fadb0: ; ImmutableOopMap {r8=Oop }
                      ;*new {reexecute=1 rethrow=0 return_oop=0}
                      ; - (reexecute) jdk.internal.reflect.DirectConstructorHandleAccessor::newInstance@84
  0x00000294182fadb0: cc45 2c07 | e977 f5ff 

  0x00000294182fadb8: ;   {runtime_call throw_null_pointer_exception Runtime1 stub}
  0x00000294182fadb8: ffe8 e20b 

  0x00000294182fadbc: ; ImmutableOopMap {r8=Oop }
                      ;*new {reexecute=0 rethrow=0 return_oop=0}
                      ; - jdk.internal.reflect.DirectConstructorHandleAccessor::newInstance@84
  0x00000294182fadbc: 2307 488b 

  0x00000294182fadc0: ;   {runtime_call fast_new_instance_init_check Runtime1 stub}
  0x00000294182fadc0: d2e8 bafb 

  0x00000294182fadc4: ; ImmutableOopMap {r8=Oop }
                      ;*new {reexecute=0 rethrow=0 return_oop=0}
                      ; - jdk.internal.reflect.DirectConstructorHandleAccessor::newInstance@84
  0x00000294182fadc4: 2207 e9ca 

  0x00000294182fadc8: ;   {metadata(nullptr)}
  0x00000294182fadc8: f5ff ff48 | ba00 0000 | 0000 0000 | 00b8 000f 

  0x00000294182fadd8: ;   {runtime_call load_klass_patching Runtime1 stub}
  0x00000294182fadd8: 050a e8a1 

  0x00000294182faddc: ; ImmutableOopMap {[184]=Oop }
                      ;*new {reexecute=1 rethrow=0 return_oop=0}
                      ; - (reexecute) jdk.internal.reflect.DirectConstructorHandleAccessor::newInstance@102
  0x00000294182faddc: 452c 07e9 | f4f5 ffff 

  0x00000294182fade4: ;   {runtime_call fast_new_instance Runtime1 stub}
  0x00000294182fade4: 488b d2e8 

  0x00000294182fade8: ; ImmutableOopMap {[184]=Oop }
                      ;*new {reexecute=0 rethrow=0 return_oop=0}
                      ; - jdk.internal.reflect.DirectConstructorHandleAccessor::newInstance@102
  0x00000294182fade8: 94ff 2207 | e93f f6ff 

  0x00000294182fadf0: ;   {metadata(nullptr)}
  0x00000294182fadf0: ff48 ba00 | 0000 0000 | 0000 00b8 | 000f 050a 

  0x00000294182fae00: ;   {runtime_call load_klass_patching Runtime1 stub}
  0x00000294182fae00: e87b 452c 

  0x00000294182fae04: ; ImmutableOopMap {r8=Oop }
                      ;*new {reexecute=1 rethrow=0 return_oop=0}
                      ; - (reexecute) jdk.internal.reflect.DirectConstructorHandleAccessor::newInstance@111
  0x00000294182fae04: 07e9 7ef6 

  0x00000294182fae08: ;   {runtime_call throw_null_pointer_exception Runtime1 stub}
  0x00000294182fae08: ffff e891 

  0x00000294182fae0c: ; ImmutableOopMap {r8=Oop }
                      ;*new {reexecute=0 rethrow=0 return_oop=0}
                      ; - jdk.internal.reflect.DirectConstructorHandleAccessor::newInstance@111
  0x00000294182fae0c: 0b23 0748 

  0x00000294182fae10: ;   {runtime_call fast_new_instance_init_check Runtime1 stub}
  0x00000294182fae10: 8bd2 e869 

  0x00000294182fae14: ; ImmutableOopMap {r8=Oop }
                      ;*new {reexecute=0 rethrow=0 return_oop=0}
                      ; - jdk.internal.reflect.DirectConstructorHandleAccessor::newInstance@111
  0x00000294182fae14: fb22 07e9 | d1f6 ffff 

  0x00000294182fae1c: ;   {metadata(nullptr)}
  0x00000294182fae1c: 48ba 0000 | 0000 0000 | 0000 b800 

  0x00000294182fae28: ;   {runtime_call load_klass_patching Runtime1 stub}
  0x00000294182fae28: 0f05 0ae8 

  0x00000294182fae2c: ; ImmutableOopMap {[152]=Oop }
                      ;*new {reexecute=1 rethrow=0 return_oop=0}
                      ; - (reexecute) jdk.internal.reflect.DirectConstructorHandleAccessor::newInstance@19
  0x00000294182fae2c: 5045 2c07 | e903 f7ff | ff48 8bd2 

  0x00000294182fae38: ;   {runtime_call fast_new_instance Runtime1 stub}
  0x00000294182fae38: e843 ff22 

  0x00000294182fae3c: ; ImmutableOopMap {[152]=Oop }
                      ;*new {reexecute=0 rethrow=0 return_oop=0}
                      ; - jdk.internal.reflect.DirectConstructorHandleAccessor::newInstance@19
  0x00000294182fae3c: 07e9 4ef7 | ffff 488b 

  0x00000294182fae44: ;   {runtime_call fast_new_instance Runtime1 stub}
  0x00000294182fae44: d2e8 36ff 

  0x00000294182fae48: ; ImmutableOopMap {[152]=Oop [248]=Oop }
                      ;*new {reexecute=0 rethrow=0 return_oop=0}
                      ; - jdk.internal.reflect.DirectConstructorHandleAccessor::newInstance@23
  0x00000294182fae48: 2207 e999 

  0x00000294182fae4c: ;   {metadata({method} {0x000002942b4619d8} '<init>' '()V' in 'java/lang/StringBuilder')}
  0x00000294182fae4c: f7ff ff49 | bad0 1946 | 2b94 0200 | 004c 8954 | 2408 48c7 | 0424 ffff 

  0x00000294182fae64: ;   {runtime_call counter_overflow Runtime1 stub}
  0x00000294182fae64: ffff e895 

  0x00000294182fae68: ; ImmutableOopMap {rax=Oop [152]=Oop [248]=Oop }
                      ;*synchronization entry
                      ; - java.lang.StringBuilder::<init>@-1
                      ; - jdk.internal.reflect.DirectConstructorHandleAccessor::newInstance@27
  0x00000294182fae68: 5b2c 07e9 | b6f7 ffff 

  0x00000294182fae70: ;   {metadata({method} {0x000002942b4617c8} 'append' '(Ljava/lang/String;)Ljava/lang/StringBuilder;' in 'java/lang/StringBuilder')}
  0x00000294182fae70: 49ba c017 | 462b 9402 | 0000 4c89 | 5424 0848 | c704 24ff 

  0x00000294182fae84: ;   {runtime_call counter_overflow Runtime1 stub}
  0x00000294182fae84: ffff ffe8 

  0x00000294182fae88: ; ImmutableOopMap {[152]=Oop [232]=Oop [248]=Oop }
                      ;*synchronization entry
                      ; - java.lang.StringBuilder::append@-1
                      ; - jdk.internal.reflect.DirectConstructorHandleAccessor::newInstance@32
  0x00000294182fae88: 745b 2c07 | e90e f8ff 

  0x00000294182fae90: ;   {metadata({method} {0x000002942b461560} 'append' '(I)Ljava/lang/StringBuilder;' in 'java/lang/StringBuilder')}
  0x00000294182fae90: ff49 ba58 | 1546 2b94 | 0200 004c | 8954 2408 | 48c7 0424 | ffff ffff 

  0x00000294182faea8: ;   {runtime_call counter_overflow Runtime1 stub}
  0x00000294182faea8: e853 5b2c 

  0x00000294182faeac: ; ImmutableOopMap {[152]=Oop [232]=Oop [248]=Oop }
                      ;*synchronization entry
                      ; - java.lang.StringBuilder::append@-1
                      ; - jdk.internal.reflect.DirectConstructorHandleAccessor::newInstance@36
  0x00000294182faeac: 07e9 6df8 

  0x00000294182faeb0: ;   {metadata({method} {0x000002942b4617c8} 'append' '(Ljava/lang/String;)Ljava/lang/StringBuilder;' in 'java/lang/StringBuilder')}
  0x00000294182faeb0: ffff 49ba | c017 462b | 9402 0000 | 4c89 5424 | 0848 c704 | 24ff ffff 

  0x00000294182faec8: ;   {runtime_call counter_overflow Runtime1 stub}
  0x00000294182faec8: ffe8 325b 

  0x00000294182faecc: ; ImmutableOopMap {[152]=Oop [232]=Oop [248]=Oop }
                      ;*synchronization entry
                      ; - java.lang.StringBuilder::append@-1
                      ; - jdk.internal.reflect.DirectConstructorHandleAccessor::newInstance@41
  0x00000294182faecc: 2c07 e9cc 

  0x00000294182faed0: ;   {metadata({method} {0x000002942b461560} 'append' '(I)Ljava/lang/StringBuilder;' in 'java/lang/StringBuilder')}
  0x00000294182faed0: f8ff ff49 | ba58 1546 | 2b94 0200 | 004c 8954 | 2408 48c7 | 0424 ffff 

  0x00000294182faee8: ;   {runtime_call counter_overflow Runtime1 stub}
  0x00000294182faee8: ffff e811 

  0x00000294182faeec: ; ImmutableOopMap {[232]=Oop [248]=Oop }
                      ;*synchronization entry
                      ; - java.lang.StringBuilder::append@-1
                      ; - jdk.internal.reflect.DirectConstructorHandleAccessor::newInstance@48
  0x00000294182faeec: 5b2c 07e9 | 35f9 ffff 

  0x00000294182faef4: ;   {metadata({method} {0x000002942b008958} 'toString' '()Ljava/lang/String;' in 'java/lang/StringBuilder')}
  0x00000294182faef4: 49ba 5089 | 002b 9402 | 0000 4c89 | 5424 0848 | c704 24ff 

  0x00000294182faf08: ;   {runtime_call counter_overflow Runtime1 stub}
  0x00000294182faf08: ffff ffe8 

  0x00000294182faf0c: ; ImmutableOopMap {[232]=Oop [248]=Oop }
                      ;*synchronization entry
                      ; - java.lang.StringBuilder::toString@-1
                      ; - jdk.internal.reflect.DirectConstructorHandleAccessor::newInstance@51
  0x00000294182faf0c: f05a 2c07 | e988 f9ff | ff48 8bd2 

  0x00000294182faf18: ;   {runtime_call fast_new_instance Runtime1 stub}
  0x00000294182faf18: e863 fe22 

  0x00000294182faf1c: ; ImmutableOopMap {[232]=Oop [248]=Oop }
                      ;*new {reexecute=0 rethrow=0 return_oop=0}
                      ; - java.lang.StringBuilder::toString@0
                      ; - jdk.internal.reflect.DirectConstructorHandleAccessor::newInstance@51
  0x00000294182faf1c: 07e9 cbf9 

  0x00000294182faf20: ;   {metadata({method} {0x000002942b455ab8} '<init>' '(Ljava/lang/StringBuilder;)V' in 'java/lang/String')}
  0x00000294182faf20: ffff 49ba | b05a 452b | 9402 0000 | 4c89 5424 | 0848 c704 | 24ff ffff 

  0x00000294182faf38: ;   {runtime_call counter_overflow Runtime1 stub}
  0x00000294182faf38: ffe8 c25a 

  0x00000294182faf3c: ; ImmutableOopMap {rax=Oop [232]=Oop [248]=Oop }
                      ;*synchronization entry
                      ; - java.lang.String::<init>@-1
                      ; - java.lang.StringBuilder::toString@5
                      ; - jdk.internal.reflect.DirectConstructorHandleAccessor::newInstance@51
  0x00000294182faf3c: 2c07 e9eb 

  0x00000294182faf40: ;   {metadata(nullptr)}
  0x00000294182faf40: f9ff ff48 | ba00 0000 | 0000 0000 | 00b8 000f 

  0x00000294182faf50: ;   {runtime_call load_klass_patching Runtime1 stub}
  0x00000294182faf50: 050a e829 

  0x00000294182faf54: ; ImmutableOopMap {r8=Oop }
                      ;*new {reexecute=1 rethrow=0 return_oop=0}
                      ; - (reexecute) jdk.internal.reflect.DirectConstructorHandleAccessor::newInstance@121
  0x00000294182faf54: 442c 07e9 | 7cfa ffff 

  0x00000294182faf5c: ;   {runtime_call throw_null_pointer_exception Runtime1 stub}
  0x00000294182faf5c: e83f 0a23 

  0x00000294182faf60: ; ImmutableOopMap {r8=Oop }
                      ;*new {reexecute=0 rethrow=0 return_oop=0}
                      ; - jdk.internal.reflect.DirectConstructorHandleAccessor::newInstance@121
  0x00000294182faf60: 0748 8bd2 

  0x00000294182faf64: ;   {runtime_call fast_new_instance_init_check Runtime1 stub}
  0x00000294182faf64: e817 fa22 

  0x00000294182faf68: ; ImmutableOopMap {r8=Oop }
                      ;*new {reexecute=0 rethrow=0 return_oop=0}
                      ; - jdk.internal.reflect.DirectConstructorHandleAccessor::newInstance@121
  0x00000294182faf68: 07e9 cffa | ffff 498b | 8700 0500 | 0049 c787 | 0005 0000 | 0000 0000 | 49c7 8708 | 0500 0000 
  0x00000294182faf88: 0000 0048 | 81c4 2001 

  0x00000294182faf90: ;   {runtime_call unwind_exception Runtime1 stub}
  0x00000294182faf90: 0000 5de9 | e818 2307 
[Stub Code]
  0x00000294182faf98: ;   {no_reloc}
  0x00000294182faf98: 0f1f 4400 

  0x00000294182faf9c: ;   {static_stub}
  0x00000294182faf9c: 0048 bb00 | 0000 0000 

  0x00000294182fafa4: ;   {runtime_call nmethod}
  0x00000294182fafa4: 0000 00e9 | fbff ffff 

  0x00000294182fafac: ;   {static_stub}
  0x00000294182fafac: 9048 bbb0 | 5240 4094 

  0x00000294182fafb4: ;   {runtime_call I2C/C2I adapters}
  0x00000294182fafb4: 0200 00e9 | b7ec 1f07 

  0x00000294182fafbc: ;   {static_stub}
  0x00000294182fafbc: 9048 bb10 | e50a 2b94 

  0x00000294182fafc4: ;   {runtime_call I2C/C2I adapters}
  0x00000294182fafc4: 0200 00e9 | 2366 1e07 

  0x00000294182fafcc: ;   {static_stub}
  0x00000294182fafcc: 9048 bb00 | 0000 0000 

  0x00000294182fafd4: ;   {runtime_call nmethod}
  0x00000294182fafd4: 0000 00e9 | fbff ffff 

  0x00000294182fafdc: ;   {static_stub}
  0x00000294182fafdc: 9048 bb00 | 0000 0000 

  0x00000294182fafe4: ;   {runtime_call nmethod}
  0x00000294182fafe4: 0000 00e9 | fbff ffff 

  0x00000294182fafec: ;   {static_stub}
  0x00000294182fafec: 9048 bb00 | 0000 0000 

  0x00000294182faff4: ;   {runtime_call nmethod}
  0x00000294182faff4: 0000 00e9 | fbff ffff 

  0x00000294182faffc: ;   {static_stub}
  0x00000294182faffc: 9048 bb00 | 0000 0000 

  0x00000294182fb004: ;   {runtime_call nmethod}
  0x00000294182fb004: 0000 00e9 | fbff ffff 

  0x00000294182fb00c: ;   {static_stub}
  0x00000294182fb00c: 9048 bb00 | 0000 0000 

  0x00000294182fb014: ;   {runtime_call nmethod}
  0x00000294182fb014: 0000 00e9 | fbff ffff 

  0x00000294182fb01c: ;   {static_stub}
  0x00000294182fb01c: 9048 bb00 | 0000 0000 

  0x00000294182fb024: ;   {runtime_call nmethod}
  0x00000294182fb024: 0000 00e9 | fbff ffff 

  0x00000294182fb02c: ;   {static_stub}
  0x00000294182fb02c: 9048 bb00 | 0000 0000 

  0x00000294182fb034: ;   {runtime_call nmethod}
  0x00000294182fb034: 0000 00e9 | fbff ffff 

  0x00000294182fb03c: ;   {static_stub}
  0x00000294182fb03c: 9048 bb00 | 0000 0000 

  0x00000294182fb044: ;   {runtime_call nmethod}
  0x00000294182fb044: 0000 00e9 | fbff ffff 

  0x00000294182fb04c: ;   {static_stub}
  0x00000294182fb04c: 9048 bb00 | 0000 0000 

  0x00000294182fb054: ;   {runtime_call nmethod}
  0x00000294182fb054: 0000 00e9 | fbff ffff 

  0x00000294182fb05c: ;   {static_stub}
  0x00000294182fb05c: 48bb 0000 | 0000 0000 

  0x00000294182fb064: ;   {runtime_call nmethod}
  0x00000294182fb064: 0000 e9fb 

  0x00000294182fb068: ;   {static_stub}
  0x00000294182fb068: ffff ff48 | bb00 0000 | 0000 0000 

  0x00000294182fb074: ;   {runtime_call nmethod}
  0x00000294182fb074: 00e9 fbff 

  0x00000294182fb078: ;   {static_stub}
  0x00000294182fb078: ffff 48bb | 0000 0000 | 0000 0000 

  0x00000294182fb084: ;   {runtime_call nmethod}
  0x00000294182fb084: e9fb ffff 

  0x00000294182fb088: ;   {static_stub}
  0x00000294182fb088: ff48 bb00 | 0000 0000 

  0x00000294182fb090: ;   {runtime_call nmethod}
  0x00000294182fb090: 0000 00e9 | fbff ffff 

  0x00000294182fb098: ;   {static_stub}
  0x00000294182fb098: 48bb 0000 | 0000 0000 

  0x00000294182fb0a0: ;   {runtime_call nmethod}
  0x00000294182fb0a0: 0000 e9fb 

  0x00000294182fb0a4: ;   {static_stub}
  0x00000294182fb0a4: ffff ff48 | bb00 0000 | 0000 0000 

  0x00000294182fb0b0: ;   {runtime_call nmethod}
  0x00000294182fb0b0: 00e9 fbff 

  0x00000294182fb0b4: ;   {static_stub}
  0x00000294182fb0b4: ffff 48bb | 0000 0000 | 0000 0000 

  0x00000294182fb0c0: ;   {runtime_call nmethod}
  0x00000294182fb0c0: e9fb ffff 

  0x00000294182fb0c4: ;   {static_stub}
  0x00000294182fb0c4: ff48 bb00 | 0000 0000 

  0x00000294182fb0cc: ;   {runtime_call nmethod}
  0x00000294182fb0cc: 0000 00e9 | fbff ffff 

  0x00000294182fb0d4: ;   {static_stub}
  0x00000294182fb0d4: 48bb 0000 | 0000 0000 

  0x00000294182fb0dc: ;   {runtime_call nmethod}
  0x00000294182fb0dc: 0000 e9fb 

  0x00000294182fb0e0: ;   {runtime_call handle_exception_from_callee Runtime1 stub}
  0x00000294182fb0e0: ffff ffe8 | 981c 2c07 

  0x00000294182fb0e8: ;   {external_word}
  0x00000294182fb0e8: 48b9 5063 | 3a88 f97f | 0000 4883 

  0x00000294182fb0f4: ;   {runtime_call}
  0x00000294182fb0f4: e4f0 48b8 | c0c9 fc87 | f97f 0000 

  0x00000294182fb100: ;   {section_word}
  0x00000294182fb100: ffd0 f449 | ba03 b12f | 1894 0200 

  0x00000294182fb10c: ;   {runtime_call DeoptimizationBlob}
  0x00000294182fb10c: 0041 52e9 | 0ccd 1f07 
[Deopt MH Handler Code]
  0x00000294182fb114: ;   {section_word}
  0x00000294182fb114: 49ba 14b1 | 2f18 9402 | 0000 4152 

  0x00000294182fb120: ;   {runtime_call DeoptimizationBlob}
  0x00000294182fb120: e9fb cc1f | 07f4 f4f4 
[/MachCode]


Compiled method (c1) 118066 1775       3       java.lang.reflect.Constructor::newInstanceWithCaller (51 bytes)
 total in heap  [0x00000294182df210,0x00000294182df7a0] = 1424
 relocation     [0x00000294182df370,0x00000294182df3d8] = 104
 main code      [0x00000294182df3e0,0x00000294182df650] = 624
 stub code      [0x00000294182df650,0x00000294182df6b8] = 104
 metadata       [0x00000294182df6b8,0x00000294182df6c0] = 8
 scopes data    [0x00000294182df6c0,0x00000294182df718] = 88
 scopes pcs     [0x00000294182df718,0x00000294182df788] = 112
 dependencies   [0x00000294182df788,0x00000294182df790] = 8
 nul chk table  [0x00000294182df790,0x00000294182df7a0] = 16

[Constant Pool (empty)]

[MachCode]
[Entry Point]
  # {method} {0x000002942b431388} 'newInstanceWithCaller' '([Ljava/lang/Object;ZLjava/lang/Class;)Ljava/lang/Object;' in 'java/lang/reflect/Constructor'
  # this:     rdx:rdx   = 'java/lang/reflect/Constructor'
  # parm0:    r8:r8     = '[Ljava/lang/Object;'
  # parm1:    r9        = boolean
  # parm2:    rdi:rdi   = 'java/lang/Class'
  #           [sp+0x60]  (sp of caller)
  0x00000294182df3e0: 448b 5208 | 49bb 0000 | 002b 9402 | 0000 4d03 | d34c 3bd0 

  0x00000294182df3f4: ;   {runtime_call ic_miss_stub}
  0x00000294182df3f4: 0f85 86f5 | 2007 660f | 1f44 0000 
[Verified Entry Point]
  0x00000294182df400: 8984 2400 | 80ff ff55 | 4883 ec50 | 4181 7f20 | 0100 0000 

  0x00000294182df414: ;   {runtime_call StubRoutines (final stubs)}
  0x00000294182df414: 7405 e885 

  0x00000294182df418: ;   {metadata(method data for {method} {0x000002942b431388} 'newInstanceWithCaller' '([Ljava/lang/Object;ZLjava/lang/Class;)Ljava/lang/Object;' in 'java/lang/reflect/Constructor')}
  0x00000294182df418: 8e1f 0748 | be40 df23 | 4094 0200 | 008b 9ecc | 0000 0083 | c302 899e | cc00 0000 | 81e3 fe07 
  0x00000294182df438: 0000 85db | 0f84 a501 | 0000 4585 

  0x00000294182df444: ;   {metadata(method data for {method} {0x000002942b431388} 'newInstanceWithCaller' '([Ljava/lang/Object;ZLjava/lang/Class;)Ljava/lang/Object;' in 'java/lang/reflect/Constructor')}
  0x00000294182df444: c949 b940 | df23 4094 | 0200 0048 | c7c6 1001 | 0000 7407 | 48c7 c620 | 0100 0049 | 8b1c 3148 
  0x00000294182df464: 8d5b 0149 | 891c 314c | 8944 2438 | 0f84 4b00 | 0000 8b72 | 248b 5a20 

  0x00000294182df47c: ;   {metadata(method data for {method} {0x000002942b431388} 'newInstanceWithCaller' '([Ljava/lang/Object;ZLjava/lang/Class;)Ljava/lang/Object;' in 'java/lang/reflect/Constructor')}
  0x00000294182df47c: 4c8b ca48 | b840 df23 | 4094 0200 | 0048 8380 | 3001 0000 | 014c 8bc7 | 4c8b ce48 | 8bfe 488b 
  0x00000294182df49c: f348 8bda | 488b d348 | 895c 2430 | 0f1f 8000 

  0x00000294182df4ac: ;   {optimized virtual_call}
  0x00000294182df4ac: 0000 00e8 

  0x00000294182df4b0: ; ImmutableOopMap {[48]=Oop [56]=Oop }
                      ;*invokevirtual checkAccess {reexecute=0 rethrow=0 return_oop=0}
                      ; - java.lang.reflect.Constructor::newInstanceWithCaller@18
  0x00000294182df4b0: b001 0000 

  0x00000294182df4b4: ;   {other}
  0x00000294182df4b4: 0f1f 8400 | a402 0000 | 488b 5424 | 308b 7240 

  0x00000294182df4c4: ;   {metadata(method data for {method} {0x000002942b431388} 'newInstanceWithCaller' '([Ljava/lang/Object;ZLjava/lang/Class;)Ljava/lang/Object;' in 'java/lang/reflect/Constructor')}
  0x00000294182df4c4: 4885 f648 | bf40 df23 | 4094 0200 | 0048 c7c3 | 6801 0000 | 7507 48c7 | c378 0100 | 0048 8b04 
  0x00000294182df4e4: 1f48 8d40 | 0148 8904 | 1f0f 852c | 0000 0048 

  0x00000294182df4f4: ;   {metadata(method data for {method} {0x000002942b431388} 'newInstanceWithCaller' '([Ljava/lang/Object;ZLjava/lang/Class;)Ljava/lang/Object;' in 'java/lang/reflect/Constructor')}
  0x00000294182df4f4: 8bf2 48bf | 40df 2340 | 9402 0000 | 4883 8788 | 0100 0001 | 0f1f 8000 

  0x00000294182df50c: ;   {optimized virtual_call}
  0x00000294182df50c: 0000 00e8 

  0x00000294182df510: ; ImmutableOopMap {[56]=Oop }
                      ;*invokevirtual acquireConstructorAccessor {reexecute=0 rethrow=0 return_oop=0}
                      ; - java.lang.reflect.Constructor::newInstanceWithCaller@33
  0x00000294182df510: 5f01 0000 

  0x00000294182df514: ;   {other}
  0x00000294182df514: 0f1f 8400 | 0403 0001 | 488b f04c | 8b44 2438 

  0x00000294182df524: ; implicit exception: dispatches to 0x00000294182df608
  0x00000294182df524: 483b 0648 

  0x00000294182df528: ;   {metadata(method data for {method} {0x000002942b431388} 'newInstanceWithCaller' '([Ljava/lang/Object;ZLjava/lang/Class;)Ljava/lang/Object;' in 'java/lang/reflect/Constructor')}
  0x00000294182df528: 8bd6 48bf | 40df 2340 | 9402 0000 | 8b52 0849 | ba00 0000 | 2b94 0200 | 0049 03d2 | 483b 97d0 
  0x00000294182df548: 0100 0075 | 0d48 8387 | d801 0000 | 01e9 6000 | 0000 483b | 97e0 0100 | 0075 0d48 | 8387 e801 
  0x00000294182df568: 0000 01e9 | 4a00 0000 | 4883 bfd0 | 0100 0000 | 7517 4889 | 97d0 0100 | 0048 c787 | d801 0000 
  0x00000294182df588: 0100 0000 | e929 0000 | 0048 83bf | e001 0000 | 0075 1748 | 8997 e001 | 0000 48c7 | 87e8 0100 
  0x00000294182df5a8: 0001 0000 | 00e9 0800 | 0000 4883 | 87c0 0100 | 0001 488b | d648 b8c0 | cf19 2b94 

  0x00000294182df5c4: ;   {virtual_call}
  0x00000294182df5c4: 0200 00e8 

  0x00000294182df5c8: ; ImmutableOopMap {}
                      ;*invokeinterface newInstance {reexecute=0 rethrow=0 return_oop=0}
                      ; - java.lang.reflect.Constructor::newInstanceWithCaller@41
  0x00000294182df5c8: f497 0100 

  0x00000294182df5cc: ;   {other}
  0x00000294182df5cc: 0f1f 8400 | bc03 0002 | 4883 c450 

  0x00000294182df5d8: ;   {poll_return}
  0x00000294182df5d8: 5d49 3ba7 | 5004 0000 | 0f87 2700 

  0x00000294182df5e4: ;   {metadata({method} {0x000002942b431388} 'newInstanceWithCaller' '([Ljava/lang/Object;ZLjava/lang/Class;)Ljava/lang/Object;' in 'java/lang/reflect/Constructor')}
  0x00000294182df5e4: 0000 c349 | ba80 1343 | 2b94 0200 | 004c 8954 | 2408 48c7 | 0424 ffff 

  0x00000294182df5fc: ;   {runtime_call counter_overflow Runtime1 stub}
  0x00000294182df5fc: ffff e8fd 

  0x00000294182df600: ; ImmutableOopMap {rdx=Oop r8=Oop rdi=Oop }
                      ;*synchronization entry
                      ; - java.lang.reflect.Constructor::newInstanceWithCaller@-1
  0x00000294182df600: 132e 07e9 | 3afe ffff 

  0x00000294182df608: ;   {runtime_call throw_null_pointer_exception Runtime1 stub}
  0x00000294182df608: e893 c324 

  0x00000294182df60c: ; ImmutableOopMap {rsi=Oop r8=Oop }
                      ;*invokeinterface newInstance {reexecute=0 rethrow=0 return_oop=0}
                      ; - java.lang.reflect.Constructor::newInstanceWithCaller@41
                      ;   {internal_word}
  0x00000294182df60c: 0749 bad9 | f52d 1894 | 0200 004d | 8997 6804 

  0x00000294182df61c: ;   {runtime_call SafepointBlob}
  0x00000294182df61c: 0000 e95d | 7321 0749 | 8b87 0005 | 0000 49c7 | 8700 0500 | 0000 0000 | 0049 c787 | 0805 0000 
  0x00000294182df63c: 0000 0000 | 4883 c450 

  0x00000294182df644: ;   {runtime_call unwind_exception Runtime1 stub}
  0x00000294182df644: 5de9 36d2 | 2407 f4f4 | f4f4 f4f4 
[Stub Code]
  0x00000294182df650: ;   {no_reloc}
  0x00000294182df650: 0f1f 4400 

  0x00000294182df654: ;   {static_stub}
  0x00000294182df654: 0048 bb00 | 0000 0000 

  0x00000294182df65c: ;   {runtime_call nmethod}
  0x00000294182df65c: 0000 00e9 | fbff ffff 

  0x00000294182df664: ;   {static_stub}
  0x00000294182df664: 48bb 703d | 432b 9402 

  0x00000294182df66c: ;   {runtime_call I2C/C2I adapters}
  0x00000294182df66c: 0000 e97f 

  0x00000294182df670: ;   {static_stub}
  0x00000294182df670: f71e 0748 | bb28 1343 | 2b94 0200 

  0x00000294182df67c: ;   {runtime_call I2C/C2I adapters}
  0x00000294182df67c: 00e9 e147 

  0x00000294182df680: ;   {runtime_call handle_exception_from_callee Runtime1 stub}
  0x00000294182df680: 2107 e8f9 

  0x00000294182df684: ;   {external_word}
  0x00000294182df684: d62d 0748 | b950 633a | 88f9 7f00 | 0048 83e4 

  0x00000294182df694: ;   {runtime_call}
  0x00000294182df694: f048 b8c0 | c9fc 87f9 | 7f00 00ff 

  0x00000294182df6a0: ;   {section_word}
  0x00000294182df6a0: d0f4 49ba | a2f6 2d18 | 9402 0000 

  0x00000294182df6ac: ;   {runtime_call DeoptimizationBlob}
  0x00000294182df6ac: 4152 e96d | 8721 07f4 | f4f4 f4f4 
[/MachCode]


---------------  P R O C E S S  ---------------

Threads class SMR info:
_java_thread_list=0x0000029445248ec0, length=21, elements={
0x0000029414d68220, 0x000002942a70b8b0, 0x000002942a70f040, 0x000002942a71aaf0,
0x000002942a71b550, 0x000002942a71d9f0, 0x000002942a71e450, 0x000002942a7203b0,
0x000002942a791010, 0x000002942a96b940, 0x000002942a9a1fa0, 0x00000294453eeab0,
0x00000294452b3810, 0x000002942a8038f0, 0x00000294453d72f0, 0x00000294451323e0,
0x000002944461bf20, 0x0000029445201fb0, 0x0000029445073580, 0x0000029445074fc0,
0x0000029445075650
}

Java Threads: ( => current thread )
  0x0000029414d68220 JavaThread "main"                              [_thread_blocked, id=37972, stack(0x000000f8f6800000,0x000000f8f6900000) (1024K)]
  0x000002942a70b8b0 JavaThread "Reference Handler"          daemon [_thread_blocked, id=42592, stack(0x000000f8f7100000,0x000000f8f7200000) (1024K)]
  0x000002942a70f040 JavaThread "Finalizer"                  daemon [_thread_blocked, id=40084, stack(0x000000f8f7200000,0x000000f8f7300000) (1024K)]
  0x000002942a71aaf0 JavaThread "Signal Dispatcher"          daemon [_thread_blocked, id=38168, stack(0x000000f8f7300000,0x000000f8f7400000) (1024K)]
  0x000002942a71b550 JavaThread "Attach Listener"            daemon [_thread_blocked, id=13452, stack(0x000000f8f7400000,0x000000f8f7500000) (1024K)]
  0x000002942a71d9f0 JavaThread "Service Thread"             daemon [_thread_blocked, id=33580, stack(0x000000f8f7500000,0x000000f8f7600000) (1024K)]
  0x000002942a71e450 JavaThread "Monitor Deflation Thread"   daemon [_thread_blocked, id=38576, stack(0x000000f8f7600000,0x000000f8f7700000) (1024K)]
  0x000002942a7203b0 JavaThread "C2 CompilerThread0"         daemon [_thread_blocked, id=36372, stack(0x000000f8f7700000,0x000000f8f7800000) (1024K)]
  0x000002942a791010 JavaThread "C1 CompilerThread0"         daemon [_thread_blocked, id=34216, stack(0x000000f8f7800000,0x000000f8f7900000) (1024K)]
  0x000002942a96b940 JavaThread "Common-Cleaner"             daemon [_thread_blocked, id=41436, stack(0x000000f8f7900000,0x000000f8f7a00000) (1024K)]
  0x000002942a9a1fa0 JavaThread "Notification Thread"        daemon [_thread_blocked, id=23796, stack(0x000000f8f7a00000,0x000000f8f7b00000) (1024K)]
  0x00000294453eeab0 JavaThread "Daemon health stats"               [_thread_blocked, id=36136, stack(0x000000f8f6900000,0x000000f8f6a00000) (1024K)]
  0x00000294452b3810 JavaThread "Incoming local TCP Connector on port 50387"        [_thread_in_native, id=12528, stack(0x000000f8f8100000,0x000000f8f8200000) (1024K)]
  0x000002942a8038f0 JavaThread "Daemon periodic checks"            [_thread_blocked, id=39388, stack(0x000000f8f8200000,0x000000f8f8300000) (1024K)]
  0x00000294453d72f0 JavaThread "Daemon"                            [_thread_blocked, id=31368, stack(0x000000f8f8300000,0x000000f8f8400000) (1024K)]
  0x00000294451323e0 JavaThread "Handler for socket connection from /127.0.0.1:50387 to /127.0.0.1:50392"        [_thread_in_native, id=34728, stack(0x000000f8f8400000,0x000000f8f8500000) (1024K)]
  0x000002944461bf20 JavaThread "Cancel handler"                    [_thread_blocked, id=43524, stack(0x000000f8f8500000,0x000000f8f8600000) (1024K)]
=>0x0000029445201fb0 JavaThread "Daemon worker"                     [_thread_in_vm, id=42244, stack(0x000000f8f8600000,0x000000f8f8700000) (1024K)]
  0x0000029445073580 JavaThread "Asynchronous log dispatcher for DefaultDaemonConnection: socket connection from /127.0.0.1:50387 to /127.0.0.1:50392"        [_thread_blocked, id=42012, stack(0x000000f8f8700000,0x000000f8f8800000) (1024K)]
  0x0000029445074fc0 JavaThread "Stdin handler"                     [_thread_blocked, id=43332, stack(0x000000f8f8800000,0x000000f8f8900000) (1024K)]
  0x0000029445075650 JavaThread "Daemon client event forwarder"        [_thread_blocked, id=35036, stack(0x000000f8f8900000,0x000000f8f8a00000) (1024K)]
Total: 21

Other Threads:
  0x000002942a6ec2d0 VMThread "VM Thread"                           [id=39124, stack(0x000000f8f7000000,0x000000f8f7100000) (1024K)] _threads_hazard_ptr=0x0000029445248ec0
  0x000002942a6ddd50 WatcherThread "VM Periodic Task Thread"        [id=4564, stack(0x000000f8f6f00000,0x000000f8f7000000) (1024K)]
  0x0000029414d93bf0 WorkerThread "GC Thread#0"                     [id=39904, stack(0x000000f8f6a00000,0x000000f8f6b00000) (1024K)]
  0x00000294447fea40 WorkerThread "GC Thread#1"                     [id=43164, stack(0x000000f8f7b00000,0x000000f8f7c00000) (1024K)]
  0x0000029444290650 WorkerThread "GC Thread#2"                     [id=43168, stack(0x000000f8f7c00000,0x000000f8f7d00000) (1024K)]
  0x0000029444290a00 WorkerThread "GC Thread#3"                     [id=43172, stack(0x000000f8f7d00000,0x000000f8f7e00000) (1024K)]
  0x0000029444290db0 WorkerThread "GC Thread#4"                     [id=43176, stack(0x000000f8f7e00000,0x000000f8f7f00000) (1024K)]
  0x0000029444291160 WorkerThread "GC Thread#5"                     [id=43180, stack(0x000000f8f7f00000,0x000000f8f8000000) (1024K)]
  0x0000029414d99b00 ConcurrentGCThread "G1 Main Marker"            [id=31032, stack(0x000000f8f6b00000,0x000000f8f6c00000) (1024K)]
  0x0000029414d9a520 WorkerThread "G1 Conc#0"                       [id=32268, stack(0x000000f8f6c00000,0x000000f8f6d00000) (1024K)]
  0x0000029414e2e600 ConcurrentGCThread "G1 Refine#0"               [id=34208, stack(0x000000f8f6d00000,0x000000f8f6e00000) (1024K)]
  0x000002942a5abaf0 ConcurrentGCThread "G1 Service"                [id=33464, stack(0x000000f8f6e00000,0x000000f8f6f00000) (1024K)]
Total: 12

Threads with active compile tasks:
Total: 0

VM state: synchronizing (normal execution)

VM Mutex/Monitor currently owned by a thread:  ([mutex/lock_event])
[0x00007ff98865d530] Metaspace_lock - owner thread: 0x0000029445201fb0
[0x00007ff98865f5b0] Threads_lock - owner thread: 0x000002942a6ec2d0

Heap address: 0x00000000e0000000, size: 512 MB, Compressed Oops mode: 32-bit

CDS archive(s) mapped at: [0x000002942b000000-0x000002942bba0000-0x000002942bba0000), size 12189696, SharedBaseAddress: 0x000002942b000000, ArchiveRelocationMode: 1.
Compressed class space mapped at: 0x000002942c000000-0x0000029440000000, reserved size: 335544320
Narrow klass base: 0x000002942b000000, Narrow klass shift: 0, Narrow klass range: 0x100000000

GC Precious Log:
 CardTable entry size: 512
 Card Set container configuration: InlinePtr #cards 5 size 8 Array Of Cards #cards 12 size 40 Howl #buckets 4 coarsen threshold 1843 Howl Bitmap #cards 512 size 80 coarsen threshold 460 Card regions per heap region 1 cards per card region 2048
 CPUs: 8 total, 8 available
 Memory: 16026M
 Large Page Support: Disabled
 NUMA Support: Disabled
 Compressed Oops: Enabled (32-bit)
 Heap Region Size: 1M
 Heap Min Capacity: 256M
 Heap Initial Capacity: 256M
 Heap Max Capacity: 512M
 Pre-touch: Disabled
 Parallel Workers: 8
 Concurrent Workers: 2
 Concurrent Refinement Workers: 8
 Periodic GC: Disabled

Heap:
 garbage-first heap   total 262144K, used 89618K [0x00000000e0000000, 0x0000000100000000)
  region size 1024K, 78 young (79872K), 2 survivors (2048K)
 Metaspace       used 13567K, committed 13952K, reserved 393216K
  class space    used 1869K, committed 2048K, reserved 327680K

Heap Regions: E=young(eden), S=young(survivor), O=old, HS=humongous(starts), HC=humongous(continues), CS=collection set, F=free, TAMS=top-at-mark-start, PB=parsable bottom
|   0|0x00000000e0000000, 0x00000000e0100000, 0x00000000e0100000|100%|HS|  |TAMS 0x00000000e0000000| PB 0x00000000e0000000| Complete 
|   1|0x00000000e0100000, 0x00000000e0200000, 0x00000000e0200000|100%|HC|  |TAMS 0x00000000e0100000| PB 0x00000000e0100000| Complete 
|   2|0x00000000e0200000, 0x00000000e0300000, 0x00000000e0300000|100%|HC|  |TAMS 0x00000000e0200000| PB 0x00000000e0200000| Complete 
|   3|0x00000000e0300000, 0x00000000e0400000, 0x00000000e0400000|100%|HC|  |TAMS 0x00000000e0300000| PB 0x00000000e0300000| Complete 
|   4|0x00000000e0400000, 0x00000000e0500000, 0x00000000e0500000|100%| O|  |TAMS 0x00000000e0400000| PB 0x00000000e0400000| Untracked 
|   5|0x00000000e0500000, 0x00000000e0600000, 0x00000000e0600000|100%| O|  |TAMS 0x00000000e0500000| PB 0x00000000e0500000| Untracked 
|   6|0x00000000e0600000, 0x00000000e0700000, 0x00000000e0700000|100%| O|  |TAMS 0x00000000e0600000| PB 0x00000000e0600000| Untracked 
|   7|0x00000000e0700000, 0x00000000e0800000, 0x00000000e0800000|100%| O|  |TAMS 0x00000000e0700000| PB 0x00000000e0700000| Untracked 
|   8|0x00000000e0800000, 0x00000000e0900000, 0x00000000e0900000|100%| O|  |TAMS 0x00000000e0800000| PB 0x00000000e0800000| Untracked 
|   9|0x00000000e0900000, 0x00000000e09fa8b0, 0x00000000e0a00000| 97%| O|  |TAMS 0x00000000e0900000| PB 0x00000000e0900000| Untracked 
|  10|0x00000000e0a00000, 0x00000000e0b00000, 0x00000000e0b00000|100%|HS|  |TAMS 0x00000000e0a00000| PB 0x00000000e0a00000| Complete 
|  11|0x00000000e0b00000, 0x00000000e0c00000, 0x00000000e0c00000|100%|HS|  |TAMS 0x00000000e0b00000| PB 0x00000000e0b00000| Complete 
|  12|0x00000000e0c00000, 0x00000000e0c00000, 0x00000000e0d00000|  0%| F|  |TAMS 0x00000000e0c00000| PB 0x00000000e0c00000| Untracked 
|  13|0x00000000e0d00000, 0x00000000e0d00000, 0x00000000e0e00000|  0%| F|  |TAMS 0x00000000e0d00000| PB 0x00000000e0d00000| Untracked 
|  14|0x00000000e0e00000, 0x00000000e0e00000, 0x00000000e0f00000|  0%| F|  |TAMS 0x00000000e0e00000| PB 0x00000000e0e00000| Untracked 
|  15|0x00000000e0f00000, 0x00000000e0f00000, 0x00000000e1000000|  0%| F|  |TAMS 0x00000000e0f00000| PB 0x00000000e0f00000| Untracked 
|  16|0x00000000e1000000, 0x00000000e1000000, 0x00000000e1100000|  0%| F|  |TAMS 0x00000000e1000000| PB 0x00000000e1000000| Untracked 
|  17|0x00000000e1100000, 0x00000000e1100000, 0x00000000e1200000|  0%| F|  |TAMS 0x00000000e1100000| PB 0x00000000e1100000| Untracked 
|  18|0x00000000e1200000, 0x00000000e1200000, 0x00000000e1300000|  0%| F|  |TAMS 0x00000000e1200000| PB 0x00000000e1200000| Untracked 
|  19|0x00000000e1300000, 0x00000000e1300000, 0x00000000e1400000|  0%| F|  |TAMS 0x00000000e1300000| PB 0x00000000e1300000| Untracked 
|  20|0x00000000e1400000, 0x00000000e1400000, 0x00000000e1500000|  0%| F|  |TAMS 0x00000000e1400000| PB 0x00000000e1400000| Untracked 
|  21|0x00000000e1500000, 0x00000000e1500000, 0x00000000e1600000|  0%| F|  |TAMS 0x00000000e1500000| PB 0x00000000e1500000| Untracked 
|  22|0x00000000e1600000, 0x00000000e1600000, 0x00000000e1700000|  0%| F|  |TAMS 0x00000000e1600000| PB 0x00000000e1600000| Untracked 
|  23|0x00000000e1700000, 0x00000000e1700000, 0x00000000e1800000|  0%| F|  |TAMS 0x00000000e1700000| PB 0x00000000e1700000| Untracked 
|  24|0x00000000e1800000, 0x00000000e1800000, 0x00000000e1900000|  0%| F|  |TAMS 0x00000000e1800000| PB 0x00000000e1800000| Untracked 
|  25|0x00000000e1900000, 0x00000000e1900000, 0x00000000e1a00000|  0%| F|  |TAMS 0x00000000e1900000| PB 0x00000000e1900000| Untracked 
|  26|0x00000000e1a00000, 0x00000000e1a00000, 0x00000000e1b00000|  0%| F|  |TAMS 0x00000000e1a00000| PB 0x00000000e1a00000| Untracked 
|  27|0x00000000e1b00000, 0x00000000e1b00000, 0x00000000e1c00000|  0%| F|  |TAMS 0x00000000e1b00000| PB 0x00000000e1b00000| Untracked 
|  28|0x00000000e1c00000, 0x00000000e1c00000, 0x00000000e1d00000|  0%| F|  |TAMS 0x00000000e1c00000| PB 0x00000000e1c00000| Untracked 
|  29|0x00000000e1d00000, 0x00000000e1d00000, 0x00000000e1e00000|  0%| F|  |TAMS 0x00000000e1d00000| PB 0x00000000e1d00000| Untracked 
|  30|0x00000000e1e00000, 0x00000000e1e00000, 0x00000000e1f00000|  0%| F|  |TAMS 0x00000000e1e00000| PB 0x00000000e1e00000| Untracked 
|  31|0x00000000e1f00000, 0x00000000e1f00000, 0x00000000e2000000|  0%| F|  |TAMS 0x00000000e1f00000| PB 0x00000000e1f00000| Untracked 
|  32|0x00000000e2000000, 0x00000000e2000000, 0x00000000e2100000|  0%| F|  |TAMS 0x00000000e2000000| PB 0x00000000e2000000| Untracked 
|  33|0x00000000e2100000, 0x00000000e2100000, 0x00000000e2200000|  0%| F|  |TAMS 0x00000000e2100000| PB 0x00000000e2100000| Untracked 
|  34|0x00000000e2200000, 0x00000000e2200000, 0x00000000e2300000|  0%| F|  |TAMS 0x00000000e2200000| PB 0x00000000e2200000| Untracked 
|  35|0x00000000e2300000, 0x00000000e2300000, 0x00000000e2400000|  0%| F|  |TAMS 0x00000000e2300000| PB 0x00000000e2300000| Untracked 
|  36|0x00000000e2400000, 0x00000000e2400000, 0x00000000e2500000|  0%| F|  |TAMS 0x00000000e2400000| PB 0x00000000e2400000| Untracked 
|  37|0x00000000e2500000, 0x00000000e2500000, 0x00000000e2600000|  0%| F|  |TAMS 0x00000000e2500000| PB 0x00000000e2500000| Untracked 
|  38|0x00000000e2600000, 0x00000000e2600000, 0x00000000e2700000|  0%| F|  |TAMS 0x00000000e2600000| PB 0x00000000e2600000| Untracked 
|  39|0x00000000e2700000, 0x00000000e2700000, 0x00000000e2800000|  0%| F|  |TAMS 0x00000000e2700000| PB 0x00000000e2700000| Untracked 
|  40|0x00000000e2800000, 0x00000000e2800000, 0x00000000e2900000|  0%| F|  |TAMS 0x00000000e2800000| PB 0x00000000e2800000| Untracked 
|  41|0x00000000e2900000, 0x00000000e2900000, 0x00000000e2a00000|  0%| F|  |TAMS 0x00000000e2900000| PB 0x00000000e2900000| Untracked 
|  42|0x00000000e2a00000, 0x00000000e2a00000, 0x00000000e2b00000|  0%| F|  |TAMS 0x00000000e2a00000| PB 0x00000000e2a00000| Untracked 
|  43|0x00000000e2b00000, 0x00000000e2b00000, 0x00000000e2c00000|  0%| F|  |TAMS 0x00000000e2b00000| PB 0x00000000e2b00000| Untracked 
|  44|0x00000000e2c00000, 0x00000000e2c00000, 0x00000000e2d00000|  0%| F|  |TAMS 0x00000000e2c00000| PB 0x00000000e2c00000| Untracked 
|  45|0x00000000e2d00000, 0x00000000e2d00000, 0x00000000e2e00000|  0%| F|  |TAMS 0x00000000e2d00000| PB 0x00000000e2d00000| Untracked 
|  46|0x00000000e2e00000, 0x00000000e2e00000, 0x00000000e2f00000|  0%| F|  |TAMS 0x00000000e2e00000| PB 0x00000000e2e00000| Untracked 
|  47|0x00000000e2f00000, 0x00000000e2f00000, 0x00000000e3000000|  0%| F|  |TAMS 0x00000000e2f00000| PB 0x00000000e2f00000| Untracked 
|  48|0x00000000e3000000, 0x00000000e3000000, 0x00000000e3100000|  0%| F|  |TAMS 0x00000000e3000000| PB 0x00000000e3000000| Untracked 
|  49|0x00000000e3100000, 0x00000000e3100000, 0x00000000e3200000|  0%| F|  |TAMS 0x00000000e3100000| PB 0x00000000e3100000| Untracked 
|  50|0x00000000e3200000, 0x00000000e3200000, 0x00000000e3300000|  0%| F|  |TAMS 0x00000000e3200000| PB 0x00000000e3200000| Untracked 
|  51|0x00000000e3300000, 0x00000000e3300000, 0x00000000e3400000|  0%| F|  |TAMS 0x00000000e3300000| PB 0x00000000e3300000| Untracked 
|  52|0x00000000e3400000, 0x00000000e3400000, 0x00000000e3500000|  0%| F|  |TAMS 0x00000000e3400000| PB 0x00000000e3400000| Untracked 
|  53|0x00000000e3500000, 0x00000000e3500000, 0x00000000e3600000|  0%| F|  |TAMS 0x00000000e3500000| PB 0x00000000e3500000| Untracked 
|  54|0x00000000e3600000, 0x00000000e3600000, 0x00000000e3700000|  0%| F|  |TAMS 0x00000000e3600000| PB 0x00000000e3600000| Untracked 
|  55|0x00000000e3700000, 0x00000000e3700000, 0x00000000e3800000|  0%| F|  |TAMS 0x00000000e3700000| PB 0x00000000e3700000| Untracked 
|  56|0x00000000e3800000, 0x00000000e3800000, 0x00000000e3900000|  0%| F|  |TAMS 0x00000000e3800000| PB 0x00000000e3800000| Untracked 
|  57|0x00000000e3900000, 0x00000000e3900000, 0x00000000e3a00000|  0%| F|  |TAMS 0x00000000e3900000| PB 0x00000000e3900000| Untracked 
|  58|0x00000000e3a00000, 0x00000000e3a00000, 0x00000000e3b00000|  0%| F|  |TAMS 0x00000000e3a00000| PB 0x00000000e3a00000| Untracked 
|  59|0x00000000e3b00000, 0x00000000e3b00000, 0x00000000e3c00000|  0%| F|  |TAMS 0x00000000e3b00000| PB 0x00000000e3b00000| Untracked 
|  60|0x00000000e3c00000, 0x00000000e3c00000, 0x00000000e3d00000|  0%| F|  |TAMS 0x00000000e3c00000| PB 0x00000000e3c00000| Untracked 
|  61|0x00000000e3d00000, 0x00000000e3d00000, 0x00000000e3e00000|  0%| F|  |TAMS 0x00000000e3d00000| PB 0x00000000e3d00000| Untracked 
|  62|0x00000000e3e00000, 0x00000000e3e00000, 0x00000000e3f00000|  0%| F|  |TAMS 0x00000000e3e00000| PB 0x00000000e3e00000| Untracked 
|  63|0x00000000e3f00000, 0x00000000e3f00000, 0x00000000e4000000|  0%| F|  |TAMS 0x00000000e3f00000| PB 0x00000000e3f00000| Untracked 
|  64|0x00000000e4000000, 0x00000000e4000000, 0x00000000e4100000|  0%| F|  |TAMS 0x00000000e4000000| PB 0x00000000e4000000| Untracked 
|  65|0x00000000e4100000, 0x00000000e4100000, 0x00000000e4200000|  0%| F|  |TAMS 0x00000000e4100000| PB 0x00000000e4100000| Untracked 
|  66|0x00000000e4200000, 0x00000000e4200000, 0x00000000e4300000|  0%| F|  |TAMS 0x00000000e4200000| PB 0x00000000e4200000| Untracked 
|  67|0x00000000e4300000, 0x00000000e4300000, 0x00000000e4400000|  0%| F|  |TAMS 0x00000000e4300000| PB 0x00000000e4300000| Untracked 
|  68|0x00000000e4400000, 0x00000000e4400000, 0x00000000e4500000|  0%| F|  |TAMS 0x00000000e4400000| PB 0x00000000e4400000| Untracked 
|  69|0x00000000e4500000, 0x00000000e4500000, 0x00000000e4600000|  0%| F|  |TAMS 0x00000000e4500000| PB 0x00000000e4500000| Untracked 
|  70|0x00000000e4600000, 0x00000000e4600000, 0x00000000e4700000|  0%| F|  |TAMS 0x00000000e4600000| PB 0x00000000e4600000| Untracked 
|  71|0x00000000e4700000, 0x00000000e4700000, 0x00000000e4800000|  0%| F|  |TAMS 0x00000000e4700000| PB 0x00000000e4700000| Untracked 
|  72|0x00000000e4800000, 0x00000000e4800000, 0x00000000e4900000|  0%| F|  |TAMS 0x00000000e4800000| PB 0x00000000e4800000| Untracked 
|  73|0x00000000e4900000, 0x00000000e4900000, 0x00000000e4a00000|  0%| F|  |TAMS 0x00000000e4900000| PB 0x00000000e4900000| Untracked 
|  74|0x00000000e4a00000, 0x00000000e4a00000, 0x00000000e4b00000|  0%| F|  |TAMS 0x00000000e4a00000| PB 0x00000000e4a00000| Untracked 
|  75|0x00000000e4b00000, 0x00000000e4b00000, 0x00000000e4c00000|  0%| F|  |TAMS 0x00000000e4b00000| PB 0x00000000e4b00000| Untracked 
|  76|0x00000000e4c00000, 0x00000000e4c00000, 0x00000000e4d00000|  0%| F|  |TAMS 0x00000000e4c00000| PB 0x00000000e4c00000| Untracked 
|  77|0x00000000e4d00000, 0x00000000e4d00000, 0x00000000e4e00000|  0%| F|  |TAMS 0x00000000e4d00000| PB 0x00000000e4d00000| Untracked 
|  78|0x00000000e4e00000, 0x00000000e4e00000, 0x00000000e4f00000|  0%| F|  |TAMS 0x00000000e4e00000| PB 0x00000000e4e00000| Untracked 
|  79|0x00000000e4f00000, 0x00000000e4f00000, 0x00000000e5000000|  0%| F|  |TAMS 0x00000000e4f00000| PB 0x00000000e4f00000| Untracked 
|  80|0x00000000e5000000, 0x00000000e5000000, 0x00000000e5100000|  0%| F|  |TAMS 0x00000000e5000000| PB 0x00000000e5000000| Untracked 
|  81|0x00000000e5100000, 0x00000000e5100000, 0x00000000e5200000|  0%| F|  |TAMS 0x00000000e5100000| PB 0x00000000e5100000| Untracked 
|  82|0x00000000e5200000, 0x00000000e5200000, 0x00000000e5300000|  0%| F|  |TAMS 0x00000000e5200000| PB 0x00000000e5200000| Untracked 
|  83|0x00000000e5300000, 0x00000000e5300000, 0x00000000e5400000|  0%| F|  |TAMS 0x00000000e5300000| PB 0x00000000e5300000| Untracked 
|  84|0x00000000e5400000, 0x00000000e5400000, 0x00000000e5500000|  0%| F|  |TAMS 0x00000000e5400000| PB 0x00000000e5400000| Untracked 
|  85|0x00000000e5500000, 0x00000000e5500000, 0x00000000e5600000|  0%| F|  |TAMS 0x00000000e5500000| PB 0x00000000e5500000| Untracked 
|  86|0x00000000e5600000, 0x00000000e5600000, 0x00000000e5700000|  0%| F|  |TAMS 0x00000000e5600000| PB 0x00000000e5600000| Untracked 
|  87|0x00000000e5700000, 0x00000000e5700000, 0x00000000e5800000|  0%| F|  |TAMS 0x00000000e5700000| PB 0x00000000e5700000| Untracked 
|  88|0x00000000e5800000, 0x00000000e5800000, 0x00000000e5900000|  0%| F|  |TAMS 0x00000000e5800000| PB 0x00000000e5800000| Untracked 
|  89|0x00000000e5900000, 0x00000000e5900000, 0x00000000e5a00000|  0%| F|  |TAMS 0x00000000e5900000| PB 0x00000000e5900000| Untracked 
|  90|0x00000000e5a00000, 0x00000000e5a00000, 0x00000000e5b00000|  0%| F|  |TAMS 0x00000000e5a00000| PB 0x00000000e5a00000| Untracked 
|  91|0x00000000e5b00000, 0x00000000e5b00000, 0x00000000e5c00000|  0%| F|  |TAMS 0x00000000e5b00000| PB 0x00000000e5b00000| Untracked 
|  92|0x00000000e5c00000, 0x00000000e5c00000, 0x00000000e5d00000|  0%| F|  |TAMS 0x00000000e5c00000| PB 0x00000000e5c00000| Untracked 
|  93|0x00000000e5d00000, 0x00000000e5d00000, 0x00000000e5e00000|  0%| F|  |TAMS 0x00000000e5d00000| PB 0x00000000e5d00000| Untracked 
|  94|0x00000000e5e00000, 0x00000000e5e00000, 0x00000000e5f00000|  0%| F|  |TAMS 0x00000000e5e00000| PB 0x00000000e5e00000| Untracked 
|  95|0x00000000e5f00000, 0x00000000e5f00000, 0x00000000e6000000|  0%| F|  |TAMS 0x00000000e5f00000| PB 0x00000000e5f00000| Untracked 
|  96|0x00000000e6000000, 0x00000000e6000000, 0x00000000e6100000|  0%| F|  |TAMS 0x00000000e6000000| PB 0x00000000e6000000| Untracked 
|  97|0x00000000e6100000, 0x00000000e6100000, 0x00000000e6200000|  0%| F|  |TAMS 0x00000000e6100000| PB 0x00000000e6100000| Untracked 
|  98|0x00000000e6200000, 0x00000000e6200000, 0x00000000e6300000|  0%| F|  |TAMS 0x00000000e6200000| PB 0x00000000e6200000| Untracked 
|  99|0x00000000e6300000, 0x00000000e6300000, 0x00000000e6400000|  0%| F|  |TAMS 0x00000000e6300000| PB 0x00000000e6300000| Untracked 
| 100|0x00000000e6400000, 0x00000000e6400000, 0x00000000e6500000|  0%| F|  |TAMS 0x00000000e6400000| PB 0x00000000e6400000| Untracked 
| 101|0x00000000e6500000, 0x00000000e6500000, 0x00000000e6600000|  0%| F|  |TAMS 0x00000000e6500000| PB 0x00000000e6500000| Untracked 
| 102|0x00000000e6600000, 0x00000000e6600000, 0x00000000e6700000|  0%| F|  |TAMS 0x00000000e6600000| PB 0x00000000e6600000| Untracked 
| 103|0x00000000e6700000, 0x00000000e6700000, 0x00000000e6800000|  0%| F|  |TAMS 0x00000000e6700000| PB 0x00000000e6700000| Untracked 
| 104|0x00000000e6800000, 0x00000000e6800000, 0x00000000e6900000|  0%| F|  |TAMS 0x00000000e6800000| PB 0x00000000e6800000| Untracked 
| 105|0x00000000e6900000, 0x00000000e6900000, 0x00000000e6a00000|  0%| F|  |TAMS 0x00000000e6900000| PB 0x00000000e6900000| Untracked 
| 106|0x00000000e6a00000, 0x00000000e6a00000, 0x00000000e6b00000|  0%| F|  |TAMS 0x00000000e6a00000| PB 0x00000000e6a00000| Untracked 
| 107|0x00000000e6b00000, 0x00000000e6b00000, 0x00000000e6c00000|  0%| F|  |TAMS 0x00000000e6b00000| PB 0x00000000e6b00000| Untracked 
| 108|0x00000000e6c00000, 0x00000000e6c00000, 0x00000000e6d00000|  0%| F|  |TAMS 0x00000000e6c00000| PB 0x00000000e6c00000| Untracked 
| 109|0x00000000e6d00000, 0x00000000e6d00000, 0x00000000e6e00000|  0%| F|  |TAMS 0x00000000e6d00000| PB 0x00000000e6d00000| Untracked 
| 110|0x00000000e6e00000, 0x00000000e6e00000, 0x00000000e6f00000|  0%| F|  |TAMS 0x00000000e6e00000| PB 0x00000000e6e00000| Untracked 
| 111|0x00000000e6f00000, 0x00000000e6f00000, 0x00000000e7000000|  0%| F|  |TAMS 0x00000000e6f00000| PB 0x00000000e6f00000| Untracked 
| 112|0x00000000e7000000, 0x00000000e7000000, 0x00000000e7100000|  0%| F|  |TAMS 0x00000000e7000000| PB 0x00000000e7000000| Untracked 
| 113|0x00000000e7100000, 0x00000000e7100000, 0x00000000e7200000|  0%| F|  |TAMS 0x00000000e7100000| PB 0x00000000e7100000| Untracked 
| 114|0x00000000e7200000, 0x00000000e7200000, 0x00000000e7300000|  0%| F|  |TAMS 0x00000000e7200000| PB 0x00000000e7200000| Untracked 
| 115|0x00000000e7300000, 0x00000000e7300000, 0x00000000e7400000|  0%| F|  |TAMS 0x00000000e7300000| PB 0x00000000e7300000| Untracked 
| 116|0x00000000e7400000, 0x00000000e7400000, 0x00000000e7500000|  0%| F|  |TAMS 0x00000000e7400000| PB 0x00000000e7400000| Untracked 
| 117|0x00000000e7500000, 0x00000000e7500000, 0x00000000e7600000|  0%| F|  |TAMS 0x00000000e7500000| PB 0x00000000e7500000| Untracked 
| 118|0x00000000e7600000, 0x00000000e7600000, 0x00000000e7700000|  0%| F|  |TAMS 0x00000000e7600000| PB 0x00000000e7600000| Untracked 
| 119|0x00000000e7700000, 0x00000000e7700000, 0x00000000e7800000|  0%| F|  |TAMS 0x00000000e7700000| PB 0x00000000e7700000| Untracked 
| 120|0x00000000e7800000, 0x00000000e7800000, 0x00000000e7900000|  0%| F|  |TAMS 0x00000000e7800000| PB 0x00000000e7800000| Untracked 
| 121|0x00000000e7900000, 0x00000000e7900000, 0x00000000e7a00000|  0%| F|  |TAMS 0x00000000e7900000| PB 0x00000000e7900000| Untracked 
| 122|0x00000000e7a00000, 0x00000000e7a00000, 0x00000000e7b00000|  0%| F|  |TAMS 0x00000000e7a00000| PB 0x00000000e7a00000| Untracked 
| 123|0x00000000e7b00000, 0x00000000e7b00000, 0x00000000e7c00000|  0%| F|  |TAMS 0x00000000e7b00000| PB 0x00000000e7b00000| Untracked 
| 124|0x00000000e7c00000, 0x00000000e7c00000, 0x00000000e7d00000|  0%| F|  |TAMS 0x00000000e7c00000| PB 0x00000000e7c00000| Untracked 
| 125|0x00000000e7d00000, 0x00000000e7d00000, 0x00000000e7e00000|  0%| F|  |TAMS 0x00000000e7d00000| PB 0x00000000e7d00000| Untracked 
| 126|0x00000000e7e00000, 0x00000000e7e00000, 0x00000000e7f00000|  0%| F|  |TAMS 0x00000000e7e00000| PB 0x00000000e7e00000| Untracked 
| 127|0x00000000e7f00000, 0x00000000e7f00000, 0x00000000e8000000|  0%| F|  |TAMS 0x00000000e7f00000| PB 0x00000000e7f00000| Untracked 
| 128|0x00000000e8000000, 0x00000000e8000000, 0x00000000e8100000|  0%| F|  |TAMS 0x00000000e8000000| PB 0x00000000e8000000| Untracked 
| 129|0x00000000e8100000, 0x00000000e8100000, 0x00000000e8200000|  0%| F|  |TAMS 0x00000000e8100000| PB 0x00000000e8100000| Untracked 
| 130|0x00000000e8200000, 0x00000000e8200000, 0x00000000e8300000|  0%| F|  |TAMS 0x00000000e8200000| PB 0x00000000e8200000| Untracked 
| 131|0x00000000e8300000, 0x00000000e8300000, 0x00000000e8400000|  0%| F|  |TAMS 0x00000000e8300000| PB 0x00000000e8300000| Untracked 
| 132|0x00000000e8400000, 0x00000000e8400000, 0x00000000e8500000|  0%| F|  |TAMS 0x00000000e8400000| PB 0x00000000e8400000| Untracked 
| 133|0x00000000e8500000, 0x00000000e8500000, 0x00000000e8600000|  0%| F|  |TAMS 0x00000000e8500000| PB 0x00000000e8500000| Untracked 
| 134|0x00000000e8600000, 0x00000000e8600000, 0x00000000e8700000|  0%| F|  |TAMS 0x00000000e8600000| PB 0x00000000e8600000| Untracked 
| 135|0x00000000e8700000, 0x00000000e8700000, 0x00000000e8800000|  0%| F|  |TAMS 0x00000000e8700000| PB 0x00000000e8700000| Untracked 
| 136|0x00000000e8800000, 0x00000000e8800000, 0x00000000e8900000|  0%| F|  |TAMS 0x00000000e8800000| PB 0x00000000e8800000| Untracked 
| 137|0x00000000e8900000, 0x00000000e8900000, 0x00000000e8a00000|  0%| F|  |TAMS 0x00000000e8900000| PB 0x00000000e8900000| Untracked 
| 138|0x00000000e8a00000, 0x00000000e8a00000, 0x00000000e8b00000|  0%| F|  |TAMS 0x00000000e8a00000| PB 0x00000000e8a00000| Untracked 
| 139|0x00000000e8b00000, 0x00000000e8b00000, 0x00000000e8c00000|  0%| F|  |TAMS 0x00000000e8b00000| PB 0x00000000e8b00000| Untracked 
| 140|0x00000000e8c00000, 0x00000000e8c00000, 0x00000000e8d00000|  0%| F|  |TAMS 0x00000000e8c00000| PB 0x00000000e8c00000| Untracked 
| 141|0x00000000e8d00000, 0x00000000e8d00000, 0x00000000e8e00000|  0%| F|  |TAMS 0x00000000e8d00000| PB 0x00000000e8d00000| Untracked 
| 142|0x00000000e8e00000, 0x00000000e8e00000, 0x00000000e8f00000|  0%| F|  |TAMS 0x00000000e8e00000| PB 0x00000000e8e00000| Untracked 
| 143|0x00000000e8f00000, 0x00000000e8f00000, 0x00000000e9000000|  0%| F|  |TAMS 0x00000000e8f00000| PB 0x00000000e8f00000| Untracked 
| 144|0x00000000e9000000, 0x00000000e9000000, 0x00000000e9100000|  0%| F|  |TAMS 0x00000000e9000000| PB 0x00000000e9000000| Untracked 
| 145|0x00000000e9100000, 0x00000000e9100000, 0x00000000e9200000|  0%| F|  |TAMS 0x00000000e9100000| PB 0x00000000e9100000| Untracked 
| 146|0x00000000e9200000, 0x00000000e9200000, 0x00000000e9300000|  0%| F|  |TAMS 0x00000000e9200000| PB 0x00000000e9200000| Untracked 
| 147|0x00000000e9300000, 0x00000000e9300000, 0x00000000e9400000|  0%| F|  |TAMS 0x00000000e9300000| PB 0x00000000e9300000| Untracked 
| 148|0x00000000e9400000, 0x00000000e9400000, 0x00000000e9500000|  0%| F|  |TAMS 0x00000000e9400000| PB 0x00000000e9400000| Untracked 
| 149|0x00000000e9500000, 0x00000000e9500000, 0x00000000e9600000|  0%| F|  |TAMS 0x00000000e9500000| PB 0x00000000e9500000| Untracked 
| 150|0x00000000e9600000, 0x00000000e9600000, 0x00000000e9700000|  0%| F|  |TAMS 0x00000000e9600000| PB 0x00000000e9600000| Untracked 
| 151|0x00000000e9700000, 0x00000000e9700000, 0x00000000e9800000|  0%| F|  |TAMS 0x00000000e9700000| PB 0x00000000e9700000| Untracked 
| 152|0x00000000e9800000, 0x00000000e9800000, 0x00000000e9900000|  0%| F|  |TAMS 0x00000000e9800000| PB 0x00000000e9800000| Untracked 
| 153|0x00000000e9900000, 0x00000000e9900000, 0x00000000e9a00000|  0%| F|  |TAMS 0x00000000e9900000| PB 0x00000000e9900000| Untracked 
| 154|0x00000000e9a00000, 0x00000000e9a00000, 0x00000000e9b00000|  0%| F|  |TAMS 0x00000000e9a00000| PB 0x00000000e9a00000| Untracked 
| 155|0x00000000e9b00000, 0x00000000e9b00000, 0x00000000e9c00000|  0%| F|  |TAMS 0x00000000e9b00000| PB 0x00000000e9b00000| Untracked 
| 156|0x00000000e9c00000, 0x00000000e9c00000, 0x00000000e9d00000|  0%| F|  |TAMS 0x00000000e9c00000| PB 0x00000000e9c00000| Untracked 
| 157|0x00000000e9d00000, 0x00000000e9d00000, 0x00000000e9e00000|  0%| F|  |TAMS 0x00000000e9d00000| PB 0x00000000e9d00000| Untracked 
| 158|0x00000000e9e00000, 0x00000000e9e00000, 0x00000000e9f00000|  0%| F|  |TAMS 0x00000000e9e00000| PB 0x00000000e9e00000| Untracked 
| 159|0x00000000e9f00000, 0x00000000e9f00000, 0x00000000ea000000|  0%| F|  |TAMS 0x00000000e9f00000| PB 0x00000000e9f00000| Untracked 
| 160|0x00000000ea000000, 0x00000000ea000000, 0x00000000ea100000|  0%| F|  |TAMS 0x00000000ea000000| PB 0x00000000ea000000| Untracked 
| 161|0x00000000ea100000, 0x00000000ea100000, 0x00000000ea200000|  0%| F|  |TAMS 0x00000000ea100000| PB 0x00000000ea100000| Untracked 
| 162|0x00000000ea200000, 0x00000000ea200000, 0x00000000ea300000|  0%| F|  |TAMS 0x00000000ea200000| PB 0x00000000ea200000| Untracked 
| 163|0x00000000ea300000, 0x00000000ea300000, 0x00000000ea400000|  0%| F|  |TAMS 0x00000000ea300000| PB 0x00000000ea300000| Untracked 
| 164|0x00000000ea400000, 0x00000000ea400000, 0x00000000ea500000|  0%| F|  |TAMS 0x00000000ea400000| PB 0x00000000ea400000| Untracked 
| 165|0x00000000ea500000, 0x00000000ea500000, 0x00000000ea600000|  0%| F|  |TAMS 0x00000000ea500000| PB 0x00000000ea500000| Untracked 
| 166|0x00000000ea600000, 0x00000000ea600000, 0x00000000ea700000|  0%| F|  |TAMS 0x00000000ea600000| PB 0x00000000ea600000| Untracked 
| 167|0x00000000ea700000, 0x00000000ea700000, 0x00000000ea800000|  0%| F|  |TAMS 0x00000000ea700000| PB 0x00000000ea700000| Untracked 
| 168|0x00000000ea800000, 0x00000000ea800000, 0x00000000ea900000|  0%| F|  |TAMS 0x00000000ea800000| PB 0x00000000ea800000| Untracked 
| 169|0x00000000ea900000, 0x00000000ea900000, 0x00000000eaa00000|  0%| F|  |TAMS 0x00000000ea900000| PB 0x00000000ea900000| Untracked 
| 170|0x00000000eaa00000, 0x00000000eaa00000, 0x00000000eab00000|  0%| F|  |TAMS 0x00000000eaa00000| PB 0x00000000eaa00000| Untracked 
| 171|0x00000000eab00000, 0x00000000eab00000, 0x00000000eac00000|  0%| F|  |TAMS 0x00000000eab00000| PB 0x00000000eab00000| Untracked 
| 172|0x00000000eac00000, 0x00000000eac00000, 0x00000000ead00000|  0%| F|  |TAMS 0x00000000eac00000| PB 0x00000000eac00000| Untracked 
| 173|0x00000000ead00000, 0x00000000ead00000, 0x00000000eae00000|  0%| F|  |TAMS 0x00000000ead00000| PB 0x00000000ead00000| Untracked 
| 174|0x00000000eae00000, 0x00000000eae00000, 0x00000000eaf00000|  0%| F|  |TAMS 0x00000000eae00000| PB 0x00000000eae00000| Untracked 
| 175|0x00000000eaf00000, 0x00000000eaf00000, 0x00000000eb000000|  0%| F|  |TAMS 0x00000000eaf00000| PB 0x00000000eaf00000| Untracked 
| 176|0x00000000eb000000, 0x00000000eb000000, 0x00000000eb100000|  0%| F|  |TAMS 0x00000000eb000000| PB 0x00000000eb000000| Untracked 
| 177|0x00000000eb100000, 0x00000000eb100000, 0x00000000eb200000|  0%| F|  |TAMS 0x00000000eb100000| PB 0x00000000eb100000| Untracked 
| 178|0x00000000eb200000, 0x00000000eb300000, 0x00000000eb300000|100%| E|  |TAMS 0x00000000eb200000| PB 0x00000000eb200000| Complete 
| 179|0x00000000eb300000, 0x00000000eb400000, 0x00000000eb400000|100%| E|CS|TAMS 0x00000000eb300000| PB 0x00000000eb300000| Complete 
| 180|0x00000000eb400000, 0x00000000eb500000, 0x00000000eb500000|100%| E|CS|TAMS 0x00000000eb400000| PB 0x00000000eb400000| Complete 
| 181|0x00000000eb500000, 0x00000000eb600000, 0x00000000eb600000|100%| E|CS|TAMS 0x00000000eb500000| PB 0x00000000eb500000| Complete 
| 182|0x00000000eb600000, 0x00000000eb700000, 0x00000000eb700000|100%| E|CS|TAMS 0x00000000eb600000| PB 0x00000000eb600000| Complete 
| 183|0x00000000eb700000, 0x00000000eb800000, 0x00000000eb800000|100%| E|CS|TAMS 0x00000000eb700000| PB 0x00000000eb700000| Complete 
| 184|0x00000000eb800000, 0x00000000eb900000, 0x00000000eb900000|100%| E|CS|TAMS 0x00000000eb800000| PB 0x00000000eb800000| Complete 
| 185|0x00000000eb900000, 0x00000000eba00000, 0x00000000eba00000|100%| E|CS|TAMS 0x00000000eb900000| PB 0x00000000eb900000| Complete 
| 186|0x00000000eba00000, 0x00000000ebb00000, 0x00000000ebb00000|100%| E|CS|TAMS 0x00000000eba00000| PB 0x00000000eba00000| Complete 
| 187|0x00000000ebb00000, 0x00000000ebc00000, 0x00000000ebc00000|100%| E|CS|TAMS 0x00000000ebb00000| PB 0x00000000ebb00000| Complete 
| 188|0x00000000ebc00000, 0x00000000ebd00000, 0x00000000ebd00000|100%| E|CS|TAMS 0x00000000ebc00000| PB 0x00000000ebc00000| Complete 
| 189|0x00000000ebd00000, 0x00000000ebe00000, 0x00000000ebe00000|100%| E|CS|TAMS 0x00000000ebd00000| PB 0x00000000ebd00000| Complete 
| 190|0x00000000ebe00000, 0x00000000ebf00000, 0x00000000ebf00000|100%| E|CS|TAMS 0x00000000ebe00000| PB 0x00000000ebe00000| Complete 
| 191|0x00000000ebf00000, 0x00000000ec000000, 0x00000000ec000000|100%| E|CS|TAMS 0x00000000ebf00000| PB 0x00000000ebf00000| Complete 
| 192|0x00000000ec000000, 0x00000000ec100000, 0x00000000ec100000|100%| E|CS|TAMS 0x00000000ec000000| PB 0x00000000ec000000| Complete 
| 193|0x00000000ec100000, 0x00000000ec200000, 0x00000000ec200000|100%| E|CS|TAMS 0x00000000ec100000| PB 0x00000000ec100000| Complete 
| 194|0x00000000ec200000, 0x00000000ec300000, 0x00000000ec300000|100%| E|CS|TAMS 0x00000000ec200000| PB 0x00000000ec200000| Complete 
| 195|0x00000000ec300000, 0x00000000ec400000, 0x00000000ec400000|100%| E|CS|TAMS 0x00000000ec300000| PB 0x00000000ec300000| Complete 
| 196|0x00000000ec400000, 0x00000000ec500000, 0x00000000ec500000|100%| E|CS|TAMS 0x00000000ec400000| PB 0x00000000ec400000| Complete 
| 197|0x00000000ec500000, 0x00000000ec600000, 0x00000000ec600000|100%| E|CS|TAMS 0x00000000ec500000| PB 0x00000000ec500000| Complete 
| 198|0x00000000ec600000, 0x00000000ec700000, 0x00000000ec700000|100%| E|CS|TAMS 0x00000000ec600000| PB 0x00000000ec600000| Complete 
| 199|0x00000000ec700000, 0x00000000ec800000, 0x00000000ec800000|100%| E|CS|TAMS 0x00000000ec700000| PB 0x00000000ec700000| Complete 
| 200|0x00000000ec800000, 0x00000000ec900000, 0x00000000ec900000|100%| E|CS|TAMS 0x00000000ec800000| PB 0x00000000ec800000| Complete 
| 201|0x00000000ec900000, 0x00000000eca00000, 0x00000000eca00000|100%| E|CS|TAMS 0x00000000ec900000| PB 0x00000000ec900000| Complete 
| 202|0x00000000eca00000, 0x00000000ecb00000, 0x00000000ecb00000|100%| E|CS|TAMS 0x00000000eca00000| PB 0x00000000eca00000| Complete 
| 203|0x00000000ecb00000, 0x00000000ecc00000, 0x00000000ecc00000|100%| E|CS|TAMS 0x00000000ecb00000| PB 0x00000000ecb00000| Complete 
| 204|0x00000000ecc00000, 0x00000000ecd00000, 0x00000000ecd00000|100%| E|CS|TAMS 0x00000000ecc00000| PB 0x00000000ecc00000| Complete 
| 205|0x00000000ecd00000, 0x00000000ece00000, 0x00000000ece00000|100%| E|CS|TAMS 0x00000000ecd00000| PB 0x00000000ecd00000| Complete 
| 206|0x00000000ece00000, 0x00000000ecf00000, 0x00000000ecf00000|100%| E|CS|TAMS 0x00000000ece00000| PB 0x00000000ece00000| Complete 
| 207|0x00000000ecf00000, 0x00000000ed000000, 0x00000000ed000000|100%| E|CS|TAMS 0x00000000ecf00000| PB 0x00000000ecf00000| Complete 
| 208|0x00000000ed000000, 0x00000000ed100000, 0x00000000ed100000|100%| E|CS|TAMS 0x00000000ed000000| PB 0x00000000ed000000| Complete 
| 209|0x00000000ed100000, 0x00000000ed200000, 0x00000000ed200000|100%| E|CS|TAMS 0x00000000ed100000| PB 0x00000000ed100000| Complete 
| 210|0x00000000ed200000, 0x00000000ed300000, 0x00000000ed300000|100%| E|CS|TAMS 0x00000000ed200000| PB 0x00000000ed200000| Complete 
| 211|0x00000000ed300000, 0x00000000ed400000, 0x00000000ed400000|100%| E|CS|TAMS 0x00000000ed300000| PB 0x00000000ed300000| Complete 
| 212|0x00000000ed400000, 0x00000000ed500000, 0x00000000ed500000|100%| E|CS|TAMS 0x00000000ed400000| PB 0x00000000ed400000| Complete 
| 213|0x00000000ed500000, 0x00000000ed600000, 0x00000000ed600000|100%| E|CS|TAMS 0x00000000ed500000| PB 0x00000000ed500000| Complete 
| 214|0x00000000ed600000, 0x00000000ed700000, 0x00000000ed700000|100%| E|CS|TAMS 0x00000000ed600000| PB 0x00000000ed600000| Complete 
| 215|0x00000000ed700000, 0x00000000ed800000, 0x00000000ed800000|100%| E|CS|TAMS 0x00000000ed700000| PB 0x00000000ed700000| Complete 
| 216|0x00000000ed800000, 0x00000000ed900000, 0x00000000ed900000|100%| E|CS|TAMS 0x00000000ed800000| PB 0x00000000ed800000| Complete 
| 217|0x00000000ed900000, 0x00000000eda00000, 0x00000000eda00000|100%| E|CS|TAMS 0x00000000ed900000| PB 0x00000000ed900000| Complete 
| 218|0x00000000eda00000, 0x00000000edb00000, 0x00000000edb00000|100%| E|CS|TAMS 0x00000000eda00000| PB 0x00000000eda00000| Complete 
| 219|0x00000000edb00000, 0x00000000edc00000, 0x00000000edc00000|100%| E|CS|TAMS 0x00000000edb00000| PB 0x00000000edb00000| Complete 
| 220|0x00000000edc00000, 0x00000000edd00000, 0x00000000edd00000|100%| E|CS|TAMS 0x00000000edc00000| PB 0x00000000edc00000| Complete 
| 221|0x00000000edd00000, 0x00000000edd8a0b0, 0x00000000ede00000| 53%| S|CS|TAMS 0x00000000edd00000| PB 0x00000000edd00000| Complete 
| 222|0x00000000ede00000, 0x00000000edf00000, 0x00000000edf00000|100%| S|CS|TAMS 0x00000000ede00000| PB 0x00000000ede00000| Complete 
| 223|0x00000000edf00000, 0x00000000ee000000, 0x00000000ee000000|100%| E|CS|TAMS 0x00000000edf00000| PB 0x00000000edf00000| Complete 
| 224|0x00000000ee000000, 0x00000000ee100000, 0x00000000ee100000|100%| E|CS|TAMS 0x00000000ee000000| PB 0x00000000ee000000| Complete 
| 225|0x00000000ee100000, 0x00000000ee200000, 0x00000000ee200000|100%| E|CS|TAMS 0x00000000ee100000| PB 0x00000000ee100000| Complete 
| 226|0x00000000ee200000, 0x00000000ee300000, 0x00000000ee300000|100%| E|CS|TAMS 0x00000000ee200000| PB 0x00000000ee200000| Complete 
| 227|0x00000000ee300000, 0x00000000ee400000, 0x00000000ee400000|100%| E|CS|TAMS 0x00000000ee300000| PB 0x00000000ee300000| Complete 
| 228|0x00000000ee400000, 0x00000000ee500000, 0x00000000ee500000|100%| E|CS|TAMS 0x00000000ee400000| PB 0x00000000ee400000| Complete 
| 229|0x00000000ee500000, 0x00000000ee600000, 0x00000000ee600000|100%| E|CS|TAMS 0x00000000ee500000| PB 0x00000000ee500000| Complete 
| 230|0x00000000ee600000, 0x00000000ee700000, 0x00000000ee700000|100%| E|CS|TAMS 0x00000000ee600000| PB 0x00000000ee600000| Complete 
| 231|0x00000000ee700000, 0x00000000ee800000, 0x00000000ee800000|100%| E|CS|TAMS 0x00000000ee700000| PB 0x00000000ee700000| Complete 
| 232|0x00000000ee800000, 0x00000000ee900000, 0x00000000ee900000|100%| E|  |TAMS 0x00000000ee800000| PB 0x00000000ee800000| Complete 
| 233|0x00000000ee900000, 0x00000000eea00000, 0x00000000eea00000|100%| E|CS|TAMS 0x00000000ee900000| PB 0x00000000ee900000| Complete 
| 234|0x00000000eea00000, 0x00000000eeb00000, 0x00000000eeb00000|100%| E|CS|TAMS 0x00000000eea00000| PB 0x00000000eea00000| Complete 
| 235|0x00000000eeb00000, 0x00000000eec00000, 0x00000000eec00000|100%| E|CS|TAMS 0x00000000eeb00000| PB 0x00000000eeb00000| Complete 
| 236|0x00000000eec00000, 0x00000000eed00000, 0x00000000eed00000|100%| E|CS|TAMS 0x00000000eec00000| PB 0x00000000eec00000| Complete 
| 237|0x00000000eed00000, 0x00000000eee00000, 0x00000000eee00000|100%| E|CS|TAMS 0x00000000eed00000| PB 0x00000000eed00000| Complete 
| 238|0x00000000eee00000, 0x00000000eef00000, 0x00000000eef00000|100%| E|CS|TAMS 0x00000000eee00000| PB 0x00000000eee00000| Complete 
| 239|0x00000000eef00000, 0x00000000ef000000, 0x00000000ef000000|100%| E|CS|TAMS 0x00000000eef00000| PB 0x00000000eef00000| Complete 
| 240|0x00000000ef000000, 0x00000000ef100000, 0x00000000ef100000|100%| E|CS|TAMS 0x00000000ef000000| PB 0x00000000ef000000| Complete 
| 241|0x00000000ef100000, 0x00000000ef200000, 0x00000000ef200000|100%| E|CS|TAMS 0x00000000ef100000| PB 0x00000000ef100000| Complete 
| 242|0x00000000ef200000, 0x00000000ef300000, 0x00000000ef300000|100%| E|CS|TAMS 0x00000000ef200000| PB 0x00000000ef200000| Complete 
| 243|0x00000000ef300000, 0x00000000ef400000, 0x00000000ef400000|100%| E|CS|TAMS 0x00000000ef300000| PB 0x00000000ef300000| Complete 
| 244|0x00000000ef400000, 0x00000000ef500000, 0x00000000ef500000|100%| E|CS|TAMS 0x00000000ef400000| PB 0x00000000ef400000| Complete 
| 245|0x00000000ef500000, 0x00000000ef600000, 0x00000000ef600000|100%| E|CS|TAMS 0x00000000ef500000| PB 0x00000000ef500000| Complete 
| 246|0x00000000ef600000, 0x00000000ef700000, 0x00000000ef700000|100%| E|CS|TAMS 0x00000000ef600000| PB 0x00000000ef600000| Complete 
| 247|0x00000000ef700000, 0x00000000ef800000, 0x00000000ef800000|100%| E|CS|TAMS 0x00000000ef700000| PB 0x00000000ef700000| Complete 
| 248|0x00000000ef800000, 0x00000000ef900000, 0x00000000ef900000|100%| E|CS|TAMS 0x00000000ef800000| PB 0x00000000ef800000| Complete 
| 249|0x00000000ef900000, 0x00000000efa00000, 0x00000000efa00000|100%| E|CS|TAMS 0x00000000ef900000| PB 0x00000000ef900000| Complete 
| 250|0x00000000efa00000, 0x00000000efb00000, 0x00000000efb00000|100%| E|CS|TAMS 0x00000000efa00000| PB 0x00000000efa00000| Complete 
| 251|0x00000000efb00000, 0x00000000efc00000, 0x00000000efc00000|100%| E|CS|TAMS 0x00000000efb00000| PB 0x00000000efb00000| Complete 
| 252|0x00000000efc00000, 0x00000000efd00000, 0x00000000efd00000|100%| E|CS|TAMS 0x00000000efc00000| PB 0x00000000efc00000| Complete 
| 253|0x00000000efd00000, 0x00000000efe00000, 0x00000000efe00000|100%| E|CS|TAMS 0x00000000efd00000| PB 0x00000000efd00000| Complete 
| 254|0x00000000efe00000, 0x00000000eff00000, 0x00000000eff00000|100%| E|CS|TAMS 0x00000000efe00000| PB 0x00000000efe00000| Complete 
| 255|0x00000000eff00000, 0x00000000f0000000, 0x00000000f0000000|100%| E|CS|TAMS 0x00000000eff00000| PB 0x00000000eff00000| Complete 

Card table byte_map: [0x00000294273a0000,0x00000294274a0000] _byte_map_base: 0x0000029426ca0000

Marking Bits: (CMBitMap*) 0x0000029414d95220
 Bits: [0x00000294274a0000, 0x0000029427ca0000)

Polling page: 0x0000029412bc0000

Metaspace:

Usage:
  Non-class:     11.42 MB used.
      Class:      1.83 MB used.
       Both:     13.25 MB used.

Virtual space:
  Non-class space:       64.00 MB reserved,      11.62 MB ( 18%) committed,  1 nodes.
      Class space:      320.00 MB reserved,       2.00 MB ( <1%) committed,  1 nodes.
             Both:      384.00 MB reserved,      13.62 MB (  4%) committed. 

Chunk freelists:
   Non-Class:  4.23 MB
       Class:  14.02 MB
        Both:  18.25 MB

MaxMetaspaceSize: 384.00 MB
CompressedClassSpaceSize: 320.00 MB
Initial GC threshold: 21.00 MB
Current GC threshold: 21.00 MB
CDS: on
 - commit_granule_bytes: 65536.
 - commit_granule_words: 8192.
 - virtual_space_node_default_size: 8388608.
 - enlarge_chunks_in_place: 1.
 - use_allocation_guard: 0.


Internal statistics:

num_allocs_failed_limit: 0.
num_arena_births: 416.
num_arena_deaths: 0.
num_vsnodes_births: 2.
num_vsnodes_deaths: 0.
num_space_committed: 218.
num_space_uncommitted: 0.
num_chunks_returned_to_freelist: 0.
num_chunks_taken_from_freelist: 863.
num_chunk_merges: 0.
num_chunk_splits: 553.
num_chunks_enlarged: 388.
num_inconsistent_stats: 0.

CodeHeap 'non-profiled nmethods': size=120000Kb used=1230Kb max_used=1230Kb free=118769Kb
 bounds [0x000002941fa40000, 0x000002941fcb0000, 0x0000029426f70000]
CodeHeap 'profiled nmethods': size=120000Kb used=5199Kb max_used=5199Kb free=114800Kb
 bounds [0x0000029417f70000, 0x0000029418490000, 0x000002941f4a0000]
CodeHeap 'non-nmethods': size=5760Kb used=1515Kb max_used=1540Kb free=4244Kb
 bounds [0x000002941f4a0000, 0x000002941f710000, 0x000002941fa40000]
CodeCache: size=245760Kb, used=7944Kb, max_used=7969Kb, free=237813Kb
 total_blobs=3158, nmethods=2611, adapters=451, full_count=0
Compilation: enabled, stopped_count=0, restarted_count=0

Compilation events (20 events):
Event: 113.459 Thread 0x000002942a791010 2604       3       jdk.internal.misc.Unsafe::getAndBitwiseAndInt (27 bytes)
Event: 113.459 Thread 0x000002942a791010 nmethod 2604 0x000002941847d810 code [0x000002941847d9c0, 0x000002941847dbf0]
Event: 113.474 Thread 0x000002942a791010 2605       3       java.util.concurrent.locks.AbstractQueuedSynchronizer$Node::clearStatus (12 bytes)
Event: 113.475 Thread 0x000002942a791010 nmethod 2605 0x000002941847dd10 code [0x000002941847dec0, 0x000002941847e078]
Event: 113.475 Thread 0x000002942a791010 2606       3       jdk.internal.misc.Unsafe::putIntOpaque (9 bytes)
Event: 113.475 Thread 0x000002942a791010 nmethod 2606 0x000002941847e110 code [0x000002941847e2a0, 0x000002941847e3b8]
Event: 113.475 Thread 0x000002942a791010 2608       3       java.util.ComparableTimSort::binarySort (223 bytes)
Event: 113.475 Thread 0x000002942a791010 nmethod 2608 0x000002941847e490 code [0x000002941847e6c0, 0x000002941847f280]
Event: 113.476 Thread 0x000002942a791010 2607       3       java.util.ComparableTimSort::countRunAndMakeAscending (123 bytes)
Event: 113.476 Thread 0x000002942a791010 nmethod 2607 0x000002941847f590 code [0x000002941847f7e0, 0x0000029418480208]
Event: 113.476 Thread 0x000002942a791010 2609   !   3       java.util.concurrent.locks.LockSupport::parkNanos (56 bytes)
Event: 113.477 Thread 0x000002942a791010 nmethod 2609 0x0000029418480510 code [0x0000029418480720, 0x0000029418480b60]
Event: 113.506 Thread 0x000002942a791010 2610       3       java.util.concurrent.locks.AbstractQueuedSynchronizer$ConditionObject::unlinkCancelledWaiters (91 bytes)
Event: 113.507 Thread 0x000002942a791010 nmethod 2610 0x0000029418480d10 code [0x0000029418480ee0, 0x0000029418481340]
Event: 113.537 Thread 0x000002942a791010 2611       3       java.util.concurrent.locks.ReentrantLock::lockInterruptibly (8 bytes)
Event: 113.538 Thread 0x000002942a791010 nmethod 2611 0x0000029418481490 code [0x00000294184816a0, 0x0000029418481c40]
Event: 113.538 Thread 0x000002942a791010 2612       3       java.util.concurrent.locks.ReentrantLock$Sync::lockInterruptibly (27 bytes)
Event: 113.539 Thread 0x000002942a791010 nmethod 2612 0x0000029418481e10 code [0x0000029418482020, 0x0000029418482558]
Event: 113.552 Thread 0x000002942a791010 2613       3       java.util.concurrent.locks.AbstractQueuedSynchronizer$ConditionObject::awaitNanos (202 bytes)
Event: 113.554 Thread 0x000002942a791010 nmethod 2613 0x0000029418482710 code [0x0000029418482a00, 0x0000029418483890]

GC Heap History (4 events):
Event: 28.373 GC heap before
{Heap before GC invocations=0 (full 0):
 garbage-first heap   total 262144K, used 26624K [0x00000000e0000000, 0x0000000100000000)
  region size 1024K, 23 young (23552K), 0 survivors (0K)
 Metaspace       used 1111K, committed 1216K, reserved 393216K
  class space    used 80K, committed 128K, reserved 327680K
}
Event: 29.379 GC heap after
{Heap after GC invocations=1 (full 0):
 garbage-first heap   total 262144K, used 10517K [0x00000000e0000000, 0x0000000100000000)
  region size 1024K, 3 young (3072K), 3 survivors (3072K)
 Metaspace       used 1111K, committed 1216K, reserved 393216K
  class space    used 80K, committed 128K, reserved 327680K
}
Event: 58.646 GC heap before
{Heap before GC invocations=1 (full 0):
 garbage-first heap   total 262144K, used 41237K [0x00000000e0000000, 0x0000000100000000)
  region size 1024K, 33 young (33792K), 3 survivors (3072K)
 Metaspace       used 4328K, committed 4480K, reserved 393216K
  class space    used 547K, committed 640K, reserved 327680K
}
Event: 58.652 GC heap after
{Heap after GC invocations=2 (full 0):
 garbage-first heap   total 262144K, used 11794K [0x00000000e0000000, 0x0000000100000000)
  region size 1024K, 2 young (2048K), 2 survivors (2048K)
 Metaspace       used 4328K, committed 4480K, reserved 393216K
  class space    used 547K, committed 640K, reserved 327680K
}

Dll operation events (20 events):
Event: 9.682 Attempting to load shared library C:\Users\Yogesh\.vscode\extensions\redhat.java-1.56.0-win32-x64\jre\21.0.12.1-win32-x86_64\bin\nio.dll
Event: 9.682 Loaded shared library C:\Users\Yogesh\.vscode\extensions\redhat.java-1.56.0-win32-x64\jre\21.0.12.1-win32-x86_64\bin\nio.dll
Event: 9.691 Attempting to load shared library C:\Users\Yogesh\.vscode\extensions\redhat.java-1.56.0-win32-x64\jre\21.0.12.1-win32-x86_64\bin\zip.dll
Event: 9.691 Loaded shared library C:\Users\Yogesh\.vscode\extensions\redhat.java-1.56.0-win32-x64\jre\21.0.12.1-win32-x86_64\bin\zip.dll
Event: 23.816 Attempting to load shared library C:\Users\Yogesh\.vscode\extensions\redhat.java-1.56.0-win32-x64\jre\21.0.12.1-win32-x86_64\bin\jimage.dll
Event: 23.816 Loaded shared library C:\Users\Yogesh\.vscode\extensions\redhat.java-1.56.0-win32-x64\jre\21.0.12.1-win32-x86_64\bin\jimage.dll
Event: 29.398 Attempting to load shared library C:\Users\Yogesh\.vscode\extensions\redhat.java-1.56.0-win32-x64\jre\21.0.12.1-win32-x86_64\bin\verify.dll
Event: 29.399 Loaded shared library C:\Users\Yogesh\.vscode\extensions\redhat.java-1.56.0-win32-x64\jre\21.0.12.1-win32-x86_64\bin\verify.dll
Event: 37.893 Attempting to load shared library C:\Users\Yogesh\.gradle\native\c067742578af261105cb4f569cf0c3c89f3d7b1fecec35dd04571415982c5e48\windows-amd64\native-platform.dll
Event: 37.902 Loaded shared library C:\Users\Yogesh\.gradle\native\c067742578af261105cb4f569cf0c3c89f3d7b1fecec35dd04571415982c5e48\windows-amd64\native-platform.dll
Event: 37.960 Attempting to load shared library C:\Users\Yogesh\.gradle\native\100fb08df4bc3b14c8652ba06237920a3bd2aa13389f12d3474272988ae205f9\windows-amd64\native-platform-file-events.dll
Event: 37.973 Loaded shared library C:\Users\Yogesh\.gradle\native\100fb08df4bc3b14c8652ba06237920a3bd2aa13389f12d3474272988ae205f9\windows-amd64\native-platform-file-events.dll
Event: 83.196 Attempting to load shared library C:\Users\Yogesh\.vscode\extensions\redhat.java-1.56.0-win32-x64\jre\21.0.12.1-win32-x86_64\bin\management.dll
Event: 83.204 Loaded shared library C:\Users\Yogesh\.vscode\extensions\redhat.java-1.56.0-win32-x64\jre\21.0.12.1-win32-x86_64\bin\management.dll
Event: 83.208 Attempting to load shared library C:\Users\Yogesh\.vscode\extensions\redhat.java-1.56.0-win32-x64\jre\21.0.12.1-win32-x86_64\bin\management_ext.dll
Event: 83.337 Loaded shared library C:\Users\Yogesh\.vscode\extensions\redhat.java-1.56.0-win32-x64\jre\21.0.12.1-win32-x86_64\bin\management_ext.dll
Event: 95.494 Attempting to load shared library C:\Users\Yogesh\.vscode\extensions\redhat.java-1.56.0-win32-x64\jre\21.0.12.1-win32-x86_64\bin\extnet.dll
Event: 95.495 Loaded shared library C:\Users\Yogesh\.vscode\extensions\redhat.java-1.56.0-win32-x64\jre\21.0.12.1-win32-x86_64\bin\extnet.dll
Event: 101.036 Attempting to load shared library C:\Users\Yogesh\.vscode\extensions\redhat.java-1.56.0-win32-x64\jre\21.0.12.1-win32-x86_64\bin\sunmscapi.dll
Event: 101.065 Loaded shared library C:\Users\Yogesh\.vscode\extensions\redhat.java-1.56.0-win32-x64\jre\21.0.12.1-win32-x86_64\bin\sunmscapi.dll

Deoptimization events (20 events):
Event: 106.314 Thread 0x0000029445201fb0 Uncommon trap: trap_request=0xffffff6e fr.pc=0x000002941fafb22c relative=0x00000000000003ec
Event: 106.314 Thread 0x0000029445201fb0 Uncommon trap: reason=loop_limit_check action=maybe_recompile pc=0x000002941fafb22c method=java.lang.StringLatin1.indexOf([BI[BII)I @ 37 c2
Event: 106.314 Thread 0x0000029445201fb0 DEOPT PACKING pc=0x000002941fafb22c sp=0x000000f8f86fef10
Event: 106.314 Thread 0x0000029445201fb0 DEOPT UNPACKING pc=0x000002941f4f7ba2 sp=0x000000f8f86fee98 mode 2
Event: 109.539 Thread 0x0000029445201fb0 Uncommon trap: trap_request=0xffffff45 fr.pc=0x000002941fae8040 relative=0x00000000000001e0
Event: 109.539 Thread 0x0000029445201fb0 Uncommon trap: reason=unstable_if action=reinterpret pc=0x000002941fae8040 method=java.util.HashMap.getNode(Ljava/lang/Object;)Ljava/util/HashMap$Node; @ 66 c2
Event: 109.539 Thread 0x0000029445201fb0 DEOPT PACKING pc=0x000002941fae8040 sp=0x000000f8f86fc9c0
Event: 109.539 Thread 0x0000029445201fb0 DEOPT UNPACKING pc=0x000002941f4f7ba2 sp=0x000000f8f86fc8e0 mode 2
Event: 109.539 Thread 0x0000029445201fb0 Uncommon trap: trap_request=0xffffff45 fr.pc=0x000002941fb52d84 relative=0x00000000000007a4
Event: 109.539 Thread 0x0000029445201fb0 Uncommon trap: reason=unstable_if action=reinterpret pc=0x000002941fb52d84 method=java.util.HashMap.putVal(ILjava/lang/Object;Ljava/lang/Object;ZZ)Ljava/lang/Object; @ 94 c2
Event: 109.539 Thread 0x0000029445201fb0 DEOPT PACKING pc=0x000002941fb52d84 sp=0x000000f8f86fc920
Event: 109.539 Thread 0x0000029445201fb0 DEOPT UNPACKING pc=0x000002941f4f7ba2 sp=0x000000f8f86fc8c8 mode 2
Event: 109.539 Thread 0x0000029445201fb0 Uncommon trap: trap_request=0xffffff45 fr.pc=0x000002941fac7820 relative=0x00000000000001c0
Event: 109.539 Thread 0x0000029445201fb0 Uncommon trap: reason=unstable_if action=reinterpret pc=0x000002941fac7820 method=java.util.HashMap.getNode(Ljava/lang/Object;)Ljava/util/HashMap$Node; @ 66 c2
Event: 109.539 Thread 0x0000029445201fb0 DEOPT PACKING pc=0x000002941fac7820 sp=0x000000f8f86fc960
Event: 109.539 Thread 0x0000029445201fb0 DEOPT UNPACKING pc=0x000002941f4f7ba2 sp=0x000000f8f86fc8e0 mode 2
Event: 109.585 Thread 0x0000029445201fb0 Uncommon trap: trap_request=0xffffff45 fr.pc=0x000002941fad0730 relative=0x0000000000000270
Event: 109.585 Thread 0x0000029445201fb0 Uncommon trap: reason=unstable_if action=reinterpret pc=0x000002941fad0730 method=java.util.concurrent.ConcurrentHashMap.get(Ljava/lang/Object;)Ljava/lang/Object; @ 76 c2
Event: 109.585 Thread 0x0000029445201fb0 DEOPT PACKING pc=0x000002941fad0730 sp=0x000000f8f86fbf10
Event: 109.585 Thread 0x0000029445201fb0 DEOPT UNPACKING pc=0x000002941f4f7ba2 sp=0x000000f8f86fbe88 mode 2

Classes loaded (20 events):
Event: 109.629 Loading class java/util/stream/MatchOps$MatchOp
Event: 109.630 Loading class java/util/stream/MatchOps$MatchOp done
Event: 109.630 Loading class java/util/stream/MatchOps$BooleanTerminalSink
Event: 109.630 Loading class java/util/stream/MatchOps$BooleanTerminalSink done
Event: 109.631 Loading class java/util/stream/MatchOps$1MatchSink
Event: 109.631 Loading class java/util/stream/MatchOps$1MatchSink done
Event: 109.929 Loading class java/lang/TypeNotPresentException
Event: 109.929 Loading class java/lang/TypeNotPresentException done
Event: 110.760 Loading class java/util/concurrent/LinkedBlockingDeque$Itr
Event: 110.760 Loading class java/util/concurrent/LinkedBlockingDeque$AbstractItr
Event: 110.760 Loading class java/util/concurrent/LinkedBlockingDeque$AbstractItr done
Event: 110.760 Loading class java/util/concurrent/LinkedBlockingDeque$Itr done
Event: 111.593 Loading class java/util/LinkedList$ListItr
Event: 111.593 Loading class java/util/LinkedList$ListItr done
Event: 111.892 Loading class java/util/ConcurrentModificationException
Event: 111.892 Loading class java/util/ConcurrentModificationException done
Event: 111.982 Loading class jdk/internal/org/objectweb/asm/ClassReader
Event: 111.984 Loading class jdk/internal/org/objectweb/asm/ClassReader done
Event: 112.780 Loading class sun/reflect/generics/scope/ConstructorScope
Event: 112.780 Loading class sun/reflect/generics/scope/ConstructorScope done

Classes unloaded (0 events):
No events

Classes redefined (0 events):
No events

Internal exceptions (20 events):
Event: 84.937 Thread 0x0000029414d68220 Exception <a 'java/lang/NoSuchMethodError'{0x00000000ed1d3fe0}: 'java.lang.Object java.lang.invoke.DelegatingMethodHandle$Holder.reinvoke_L(java.lang.Object, java.lang.Object, java.lang.Object, java.lang.Object, java.lang.Object, java.lang.Object, java.lang.Object, java.lang.Object, java.lang.Object, java.lang.Object, java.lang.Object, java.lang.Object, java.lang.Object, java.lang.Object)'> (0x00000000ed1d3fe0) 
thrown [s\src\hotspot\share\interpreter\linkResolver.cpp, line 773]
Event: 84.968 Thread 0x0000029414d68220 Exception <a 'java/lang/NoSuchMethodError'{0x00000000ed0a0eb0}: 'java.lang.Object java.lang.invoke.DirectMethodHandle$Holder.invokeStatic(java.lang.Object, java.lang.Object, java.lang.Object, java.lang.Object, java.lang.Object, java.lang.Object, java.lang.Object, java.lang.Object, java.lang.Object, java.lang.Object, java.lang.Object, java.lang.Object, java.lang.Object)'> (0x00000000ed0a0eb0) 
thrown [s\src\hotspot\share\interpreter\linkResolver.cpp, line 773]
Event: 84.978 Thread 0x0000029414d68220 Exception <a 'java/lang/NoSuchMethodError'{0x00000000ed0c04b8}: 'java.lang.Object java.lang.invoke.DirectMethodHandle$Holder.invokeStatic(java.lang.Object, java.lang.Object, java.lang.Object, java.lang.Object, java.lang.Object, java.lang.Object, java.lang.Object, java.lang.Object, java.lang.Object, java.lang.Object, java.lang.Object, java.lang.Object, java.lang.Object, java.lang.Object)'> (0x00000000ed0c04b8) 
thrown [s\src\hotspot\share\interpreter\linkResolver.cpp, line 773]
Event: 85.502 Thread 0x0000029414d68220 Exception <a 'java/lang/NoSuchMethodError'{0x00000000ed0e0a88}: 'java.lang.Object java.lang.invoke.DirectMethodHandle$Holder.invokeStatic(java.lang.Object, java.lang.Object, java.lang.Object, java.lang.Object, java.lang.Object, java.lang.Object, java.lang.Object, java.lang.Object, java.lang.Object, java.lang.Object, java.lang.Object, java.lang.Object, java.lang.Object, java.lang.Object, java.lang.Object)'> (0x00000000ed0e0a88) 
thrown [s\src\hotspot\share\interpreter\linkResolver.cpp, line 773]
Event: 85.507 Thread 0x0000029414d68220 Exception <a 'java/lang/NoSuchMethodError'{0x00000000ecf03908}: 'java.lang.Object java.lang.invoke.DirectMethodHandle$Holder.invokeStatic(java.lang.Object, java.lang.Object, java.lang.Object, java.lang.Object, java.lang.Object, java.lang.Object, java.lang.Object, java.lang.Object, java.lang.Object, java.lang.Object, java.lang.Object, java.lang.Object, java.lang.Object, java.lang.Object, java.lang.Object, java.lang.Object)'> (0x00000000ecf03908) 
thrown [s\src\hotspot\share\interpreter\linkResolver.cpp, lin
Event: 86.940 Thread 0x0000029414d68220 Exception <a 'java/lang/NoSuchMethodError'{0x00000000ecd48518}: 'java.lang.Object java.lang.invoke.DirectMethodHandle$Holder.invokeVirtual(java.lang.Object, java.lang.Object, java.lang.Object, java.lang.Object, java.lang.Object, java.lang.Object, java.lang.Object)'> (0x00000000ecd48518) 
thrown [s\src\hotspot\share\interpreter\linkResolver.cpp, line 773]
Event: 87.378 Thread 0x0000029414d68220 Exception <a 'java/lang/NoSuchMethodError'{0x00000000ecdd5f30}: 'java.lang.Object java.lang.invoke.DirectMethodHandle$Holder.invokeVirtual(java.lang.Object, java.lang.Object, java.lang.Object, java.lang.Object, java.lang.Object, java.lang.Object, java.lang.Object, java.lang.Object, java.lang.Object)'> (0x00000000ecdd5f30) 
thrown [s\src\hotspot\share\interpreter\linkResolver.cpp, line 773]
Event: 93.170 Thread 0x0000029414d68220 Exception <a 'java/lang/NoSuchMethodError'{0x00000000ecb68e40}: 'java.lang.Object java.lang.invoke.DirectMethodHandle$Holder.invokeStaticInit(java.lang.Object, int, int, int, int)'> (0x00000000ecb68e40) 
thrown [s\src\hotspot\share\interpreter\linkResolver.cpp, line 773]
Event: 95.164 Thread 0x0000029414d68220 Exception <a 'java/lang/NoSuchMethodError'{0x00000000eca26db0}: 'java.lang.Object java.lang.invoke.DirectMethodHandle$Holder.invokeStaticInit(java.lang.Object, java.lang.Object, int, int, int, int)'> (0x00000000eca26db0) 
thrown [s\src\hotspot\share\interpreter\linkResolver.cpp, line 773]
Event: 100.426 Thread 0x0000029414d68220 Exception <a 'java/io/IOException'{0x00000000ec7a3a38}> (0x00000000ec7a3a38) 
thrown [s\src\hotspot\share\prims\jni.cpp, line 520]
Event: 100.437 Thread 0x0000029414d68220 Implicit null exception at 0x000002941fa93320 to 0x000002941fa9392c
Event: 105.623 Thread 0x00000294453d72f0 Exception <a 'java/lang/NoSuchMethodError'{0x00000000ec368cd8}: 'void java.lang.invoke.DirectMethodHandle$Holder.invokeSpecial(java.lang.Object, java.lang.Object, java.lang.Object)'> (0x00000000ec368cd8) 
thrown [s\src\hotspot\share\interpreter\linkResolver.cpp, line 773]
Event: 107.904 Thread 0x0000029445201fb0 Exception <a 'java/lang/NoSuchMethodError'{0x00000000ebecc340}: 'long java.lang.invoke.DirectMethodHandle$Holder.invokeInterface(java.lang.Object, java.lang.Object)'> (0x00000000ebecc340) 
thrown [s\src\hotspot\share\interpreter\linkResolver.cpp, line 773]
Event: 109.229 Thread 0x0000029445201fb0 Exception <a 'java/lang/NoSuchMethodError'{0x00000000eb989570}: 'void java.lang.invoke.DirectMethodHandle$Holder.invokeStatic(java.lang.Object, java.lang.Object)'> (0x00000000eb989570) 
thrown [s\src\hotspot\share\interpreter\linkResolver.cpp, line 773]
Event: 109.322 Thread 0x0000029445201fb0 Exception <a 'java/lang/NoSuchMethodError'{0x00000000eb9c0260}: 'java.lang.Object java.lang.invoke.DirectMethodHandle$Holder.invokeVirtual(java.lang.Object, java.lang.Object, java.lang.Object, java.lang.Object, java.lang.Object, java.lang.Object, java.lang.Object, java.lang.Object, java.lang.Object, java.lang.Object, java.lang.Object, java.lang.Object)'> (0x00000000eb9c0260) 
thrown [s\src\hotspot\share\interpreter\linkResolver.cpp, line 773]
Event: 109.322 Thread 0x0000029445201fb0 Exception <a 'java/lang/NoSuchMethodError'{0x00000000eb9c5288}: 'java.lang.Object java.lang.invoke.DirectMethodHandle$Holder.invokeSpecial(java.lang.Object, java.lang.Object, java.lang.Object, java.lang.Object, java.lang.Object, java.lang.Object, java.lang.Object, java.lang.Object, java.lang.Object, java.lang.Object, java.lang.Object, java.lang.Object, java.lang.Object)'> (0x00000000eb9c5288) 
thrown [s\src\hotspot\share\interpreter\linkResolver.cpp, line 773]
Event: 109.570 Thread 0x0000029445201fb0 Exception <a 'java/lang/NoSuchMethodError'{0x00000000eb76ca10}: 'java.lang.Object java.lang.invoke.DirectMethodHandle$Holder.newInvokeSpecial(java.lang.Object, java.lang.Object, java.lang.Object, java.lang.Object, java.lang.Object)'> (0x00000000eb76ca10) 
thrown [s\src\hotspot\share\interpreter\linkResolver.cpp, line 773]
Event: 109.710 Thread 0x0000029445201fb0 Exception <a 'java/lang/NoSuchMethodError'{0x00000000eb7c4730}: 'int java.lang.invoke.DirectMethodHandle$Holder.invokeVirtual(java.lang.Object, java.lang.Object, java.lang.Object)'> (0x00000000eb7c4730) 
thrown [s\src\hotspot\share\interpreter\linkResolver.cpp, line 773]
Event: 111.177 Thread 0x0000029445201fb0 Exception <a 'java/lang/NoSuchMethodError'{0x00000000eb41a868}: 'java.lang.Object java.lang.invoke.DirectMethodHandle$Holder.newInvokeSpecial(java.lang.Object, java.lang.Object, java.lang.Object, java.lang.Object, java.lang.Object, java.lang.Object)'> (0x00000000eb41a868) 
thrown [s\src\hotspot\share\interpreter\linkResolver.cpp, line 773]
Event: 111.641 Thread 0x0000029445201fb0 Exception <a 'java/lang/NoSuchMethodError'{0x00000000eb440070}: 'void java.lang.invoke.DirectMethodHandle$Holder.invokeStaticInit(java.lang.Object, java.lang.Object)'> (0x00000000eb440070) 
thrown [s\src\hotspot\share\interpreter\linkResolver.cpp, line 773]

ZGC Phase Switch (0 events):
No events

VM Operations (20 events):
Event: 102.097 Executing safepoint VM operation: Cleanup done
Event: 103.110 Executing safepoint VM operation: Cleanup
Event: 103.110 Executing safepoint VM operation: Cleanup done
Event: 106.155 Executing safepoint VM operation: Cleanup
Event: 106.309 Executing safepoint VM operation: Cleanup done
Event: 107.314 Executing safepoint VM operation: Cleanup
Event: 107.516 Executing safepoint VM operation: Cleanup done
Event: 108.530 Executing safepoint VM operation: Cleanup
Event: 108.547 Executing safepoint VM operation: Cleanup done
Event: 109.560 Executing safepoint VM operation: Cleanup
Event: 109.560 Executing safepoint VM operation: Cleanup done
Event: 110.573 Executing safepoint VM operation: Cleanup
Event: 110.589 Executing safepoint VM operation: Cleanup done
Event: 111.606 Executing safepoint VM operation: Cleanup
Event: 111.638 Executing safepoint VM operation: Cleanup done
Event: 112.648 Executing safepoint VM operation: Cleanup
Event: 112.648 Executing safepoint VM operation: Cleanup done
Event: 112.754 Executing non-safepoint VM operation: HandshakeAllThreads (Deoptimize)
Event: 112.754 Executing non-safepoint VM operation: HandshakeAllThreads (Deoptimize) done
Event: 113.755 Executing safepoint VM operation: Cleanup

Memory protections (0 events):
No events

Nmethod flushes (0 events):
No events

Events (20 events):
Event: 4.711 Thread 0x0000029414d68220 Thread added: 0x000002942a70b8b0
Event: 4.712 Thread 0x0000029414d68220 Thread added: 0x000002942a70f040
Event: 5.169 Thread 0x0000029414d68220 Thread added: 0x000002942a71aaf0
Event: 5.176 Thread 0x0000029414d68220 Thread added: 0x000002942a71b550
Event: 5.897 Thread 0x0000029414d68220 Thread added: 0x000002942a71d9f0
Event: 5.897 Thread 0x0000029414d68220 Thread added: 0x000002942a71e450
Event: 5.897 Thread 0x0000029414d68220 Thread added: 0x000002942a7203b0
Event: 6.590 Thread 0x0000029414d68220 Thread added: 0x000002942a791010
Event: 9.660 Thread 0x0000029414d68220 Thread added: 0x000002942a96b940
Event: 9.741 Thread 0x0000029414d68220 Thread added: 0x000002942a9a1fa0
Event: 83.475 Thread 0x0000029414d68220 Thread added: 0x00000294453eeab0
Event: 97.083 Thread 0x0000029414d68220 Thread added: 0x00000294452b3810
Event: 100.455 Thread 0x0000029414d68220 Thread added: 0x000002942a8038f0
Event: 102.065 Thread 0x00000294452b3810 Thread added: 0x00000294453d72f0
Event: 102.088 Thread 0x00000294453d72f0 Thread added: 0x00000294451323e0
Event: 102.156 Thread 0x00000294453d72f0 Thread added: 0x000002944461bf20
Event: 105.624 Thread 0x00000294453d72f0 Thread added: 0x0000029445201fb0
Event: 106.330 Thread 0x0000029445201fb0 Thread added: 0x0000029445073580
Event: 107.531 Thread 0x0000029445201fb0 Thread added: 0x0000029445074fc0
Event: 107.557 Thread 0x0000029445201fb0 Thread added: 0x0000029445075650


Dynamic libraries:
0x00007ff79ef50000 - 0x00007ff79ef5e000 	C:\Users\Yogesh\.vscode\extensions\redhat.java-1.56.0-win32-x64\jre\21.0.12.1-win32-x86_64\bin\java.exe
0x00007ffa30580000 - 0x00007ffa307e6000 	C:\WINDOWS\SYSTEM32\ntdll.dll
0x00007ffa2f230000 - 0x00007ffa2f2f9000 	C:\WINDOWS\System32\KERNEL32.DLL
0x00007ffa2d9b0000 - 0x00007ffa2ddaf000 	C:\WINDOWS\System32\KERNELBASE.dll
0x00007ffa2d850000 - 0x00007ffa2d99c000 	C:\WINDOWS\System32\ucrtbase.dll
0x00007ff9f7d70000 - 0x00007ff9f7d88000 	C:\Users\Yogesh\.vscode\extensions\redhat.java-1.56.0-win32-x64\jre\21.0.12.1-win32-x86_64\bin\jli.dll
0x00007ffa2ff20000 - 0x00007ffa300e6000 	C:\WINDOWS\System32\USER32.dll
0x00007ffa2de70000 - 0x00007ffa2de97000 	C:\WINDOWS\System32\win32u.dll
0x00007ffa30330000 - 0x00007ffa3035b000 	C:\WINDOWS\System32\GDI32.dll
0x00007ffa2df60000 - 0x00007ffa2e089000 	C:\WINDOWS\System32\gdi32full.dll
0x00007ffa2ddc0000 - 0x00007ffa2de63000 	C:\WINDOWS\System32\msvcp_win.dll
0x00007ff9f7d90000 - 0x00007ff9f7dae000 	C:\Users\Yogesh\.vscode\extensions\redhat.java-1.56.0-win32-x64\jre\21.0.12.1-win32-x86_64\bin\VCRUNTIME140.dll
0x00007ffa0e270000 - 0x00007ffa0e501000 	C:\WINDOWS\WinSxS\amd64_microsoft.windows.common-controls_6595b64144ccf1df_6.0.26100.8972_none_3e0da176e32f9d4b\COMCTL32.dll
0x00007ffa2e3c0000 - 0x00007ffa2e469000 	C:\WINDOWS\System32\msvcrt.dll
0x00007ffa300f0000 - 0x00007ffa30122000 	C:\WINDOWS\System32\IMM32.DLL
0x00007ff9f7d60000 - 0x00007ff9f7d6c000 	C:\Users\Yogesh\.vscode\extensions\redhat.java-1.56.0-win32-x64\jre\21.0.12.1-win32-x86_64\bin\vcruntime140_1.dll
0x00007ff9b6bc0000 - 0x00007ff9b6c4d000 	C:\Users\Yogesh\.vscode\extensions\redhat.java-1.56.0-win32-x64\jre\21.0.12.1-win32-x86_64\bin\msvcp140.dll
0x00007ff9879a0000 - 0x00007ff988742000 	C:\Users\Yogesh\.vscode\extensions\redhat.java-1.56.0-win32-x64\jre\21.0.12.1-win32-x86_64\bin\server\jvm.dll
0x00007ffa2f6a0000 - 0x00007ffa2f75c000 	C:\WINDOWS\System32\ADVAPI32.dll
0x00007ffa2ec90000 - 0x00007ffa2ed3a000 	C:\WINDOWS\System32\sechost.dll
0x00007ffa30130000 - 0x00007ffa30248000 	C:\WINDOWS\System32\RPCRT4.dll
0x00007ffa2e540000 - 0x00007ffa2e5c2000 	C:\WINDOWS\System32\WS2_32.dll
0x00007ffa2d610000 - 0x00007ffa2d66e000 	C:\WINDOWS\SYSTEM32\POWRPROF.dll
0x00007ffa210a0000 - 0x00007ffa210d6000 	C:\WINDOWS\SYSTEM32\WINMM.dll
0x00007ffa22970000 - 0x00007ffa2297b000 	C:\WINDOWS\SYSTEM32\VERSION.dll
0x00007ffa2d5f0000 - 0x00007ffa2d605000 	C:\WINDOWS\SYSTEM32\UMPDC.dll
0x00007ff9f7d50000 - 0x00007ff9f7d5a000 	C:\Users\Yogesh\.vscode\extensions\redhat.java-1.56.0-win32-x64\jre\21.0.12.1-win32-x86_64\bin\jimage.dll
0x00007ffa2ad30000 - 0x00007ffa2af72000 	C:\WINDOWS\SYSTEM32\DBGHELP.DLL
0x00007ffa2f300000 - 0x00007ffa2f685000 	C:\WINDOWS\System32\combase.dll
0x00007ffa2e8b0000 - 0x00007ffa2e989000 	C:\WINDOWS\System32\OLEAUT32.dll
0x00007ffa0aa10000 - 0x00007ffa0aa4b000 	C:\WINDOWS\SYSTEM32\dbgcore.DLL
0x00007ffa2d790000 - 0x00007ffa2d83c000 	C:\WINDOWS\System32\bcryptPrimitives.dll
0x00007ff9b6b40000 - 0x00007ff9b6b4f000 	C:\Users\Yogesh\.vscode\extensions\redhat.java-1.56.0-win32-x64\jre\21.0.12.1-win32-x86_64\bin\instrument.dll
0x00007ff9f4f30000 - 0x00007ff9f4f50000 	C:\Users\Yogesh\.vscode\extensions\redhat.java-1.56.0-win32-x64\jre\21.0.12.1-win32-x86_64\bin\java.dll
0x00007ffa2f770000 - 0x00007ffa2fef8000 	C:\WINDOWS\System32\SHELL32.dll
0x00007ffa2b210000 - 0x00007ffa2baab000 	C:\WINDOWS\SYSTEM32\windows.storage.dll
0x00007ffa2e7b0000 - 0x00007ffa2e8a9000 	C:\WINDOWS\System32\SHCORE.dll
0x00007ffa2e5d0000 - 0x00007ffa2e636000 	C:\WINDOWS\System32\shlwapi.dll
0x00007ffa2d6b0000 - 0x00007ffa2d6d9000 	C:\WINDOWS\SYSTEM32\profapi.dll
0x00007ff9b5440000 - 0x00007ff9b5458000 	C:\Users\Yogesh\.vscode\extensions\redhat.java-1.56.0-win32-x64\jre\21.0.12.1-win32-x86_64\bin\zip.dll
0x00007ff9f4f90000 - 0x00007ff9f4fa0000 	C:\Users\Yogesh\.vscode\extensions\redhat.java-1.56.0-win32-x64\jre\21.0.12.1-win32-x86_64\bin\net.dll
0x00007ffa246f0000 - 0x00007ffa24818000 	C:\WINDOWS\SYSTEM32\WINHTTP.dll
0x00007ffa2ca30000 - 0x00007ffa2ca9c000 	C:\WINDOWS\system32\mswsock.dll
0x00007ff9918e0000 - 0x00007ff9918f6000 	C:\Users\Yogesh\.vscode\extensions\redhat.java-1.56.0-win32-x64\jre\21.0.12.1-win32-x86_64\bin\nio.dll
0x00007ff9b5430000 - 0x00007ff9b5440000 	C:\Users\Yogesh\.vscode\extensions\redhat.java-1.56.0-win32-x64\jre\21.0.12.1-win32-x86_64\bin\verify.dll
0x00007ff98ffb0000 - 0x00007ff98ffd7000 	C:\Users\Yogesh\.gradle\native\c067742578af261105cb4f569cf0c3c89f3d7b1fecec35dd04571415982c5e48\windows-amd64\native-platform.dll
0x00007ff97c1b0000 - 0x00007ff97c2f4000 	C:\Users\Yogesh\.gradle\native\100fb08df4bc3b14c8652ba06237920a3bd2aa13389f12d3474272988ae205f9\windows-amd64\native-platform-file-events.dll
0x00007ff9b5460000 - 0x00007ff9b546a000 	C:\Users\Yogesh\.vscode\extensions\redhat.java-1.56.0-win32-x64\jre\21.0.12.1-win32-x86_64\bin\management.dll
0x00007ff9b41c0000 - 0x00007ff9b41cc000 	C:\Users\Yogesh\.vscode\extensions\redhat.java-1.56.0-win32-x64\jre\21.0.12.1-win32-x86_64\bin\management_ext.dll
0x00007ffa2e3b0000 - 0x00007ffa2e3b8000 	C:\WINDOWS\System32\PSAPI.DLL
0x00007ffa2cd20000 - 0x00007ffa2cd3b000 	C:\WINDOWS\SYSTEM32\CRYPTSP.dll
0x00007ffa2c3c0000 - 0x00007ffa2c3f9000 	C:\WINDOWS\system32\rsaenh.dll
0x00007ffa2cae0000 - 0x00007ffa2cb12000 	C:\WINDOWS\SYSTEM32\USERENV.dll
0x00007ffa2d680000 - 0x00007ffa2d6aa000 	C:\WINDOWS\SYSTEM32\bcrypt.dll
0x00007ffa2cd40000 - 0x00007ffa2cd4c000 	C:\WINDOWS\SYSTEM32\CRYPTBASE.dll
0x00007ffa2be00000 - 0x00007ffa2be33000 	C:\WINDOWS\SYSTEM32\IPHLPAPI.DLL
0x00007ffa2f690000 - 0x00007ffa2f69a000 	C:\WINDOWS\System32\NSI.dll
0x00007ffa19de0000 - 0x00007ffa19de9000 	C:\Users\Yogesh\.vscode\extensions\redhat.java-1.56.0-win32-x64\jre\21.0.12.1-win32-x86_64\bin\extnet.dll
0x00007ffa27610000 - 0x00007ffa2761e000 	C:\Users\Yogesh\.vscode\extensions\redhat.java-1.56.0-win32-x64\jre\21.0.12.1-win32-x86_64\bin\sunmscapi.dll
0x00007ffa2e090000 - 0x00007ffa2e20e000 	C:\WINDOWS\System32\CRYPT32.dll
0x00007ffa2cf60000 - 0x00007ffa2cf90000 	C:\WINDOWS\SYSTEM32\ncrypt.dll
0x00007ffa2cf10000 - 0x00007ffa2cf4f000 	C:\WINDOWS\SYSTEM32\NTASN1.dll
0x00007ff9b2180000 - 0x00007ff9b2188000 	C:\WINDOWS\system32\wshunix.dll

JVMTI agents:
C:\Users\Yogesh\.gradle\wrapper\dists\gradle-8.9-bin\90cnw93cvbtalezasaz0blq0a\gradle-8.9\lib\agents\gradle-instrumentation-agent-8.9.jar path:C:\Users\Yogesh\.vscode\extensions\redhat.java-1.56.0-win32-x64\jre\21.0.12.1-win32-x86_64\bin\instrument.dll, loaded, initialized, instrumentlib options:none

dbghelp: loaded successfully - version: 4.0.5 - missing functions: none
symbol engine: initialized successfully - sym options: 0x614 - pdb path: .;C:\Users\Yogesh\.vscode\extensions\redhat.java-1.56.0-win32-x64\jre\21.0.12.1-win32-x86_64\bin;C:\WINDOWS\SYSTEM32;C:\WINDOWS\WinSxS\amd64_microsoft.windows.common-controls_6595b64144ccf1df_6.0.26100.8972_none_3e0da176e32f9d4b;C:\Users\Yogesh\.vscode\extensions\redhat.java-1.56.0-win32-x64\jre\21.0.12.1-win32-x86_64\bin\server;C:\Users\Yogesh\.gradle\native\c067742578af261105cb4f569cf0c3c89f3d7b1fecec35dd04571415982c5e48\windows-amd64;C:\Users\Yogesh\.gradle\native\100fb08df4bc3b14c8652ba06237920a3bd2aa13389f12d3474272988ae205f9\windows-amd64

VM Arguments:
jvm_args: --add-opens=java.base/java.util=ALL-UNNAMED --add-opens=java.base/java.lang=ALL-UNNAMED --add-opens=java.base/java.lang.invoke=ALL-UNNAMED --add-opens=java.prefs/java.util.prefs=ALL-UNNAMED --add-exports=jdk.compiler/com.sun.tools.javac.api=ALL-UNNAMED --add-exports=jdk.compiler/com.sun.tools.javac.util=ALL-UNNAMED --add-opens=java.base/java.nio.charset=ALL-UNNAMED --add-opens=java.base/java.net=ALL-UNNAMED --add-opens=java.base/java.util.concurrent.atomic=ALL-UNNAMED -XX:MaxMetaspaceSize=384m -XX:+HeapDumpOnOutOfMemoryError -Xms256m -Xmx512m -Dfile.encoding=utf8 -Duser.country=IN -Duser.language=en -Duser.variant -javaagent:C:\Users\Yogesh\.gradle\wrapper\dists\gradle-8.9-bin\90cnw93cvbtalezasaz0blq0a\gradle-8.9\lib\agents\gradle-instrumentation-agent-8.9.jar 
java_command: org.gradle.launcher.daemon.bootstrap.GradleDaemon 8.9
java_class_path (initial): C:\Users\Yogesh\.gradle\wrapper\dists\gradle-8.9-bin\90cnw93cvbtalezasaz0blq0a\gradle-8.9\lib\gradle-daemon-main-8.9.jar
Launcher Type: SUN_STANDARD

[Global flags]
     intx CICompilerCount                          = 4                                         {product} {ergonomic}
   size_t CompressedClassSpaceSize                 = 335544320                                 {product} {ergonomic}
     uint ConcGCThreads                            = 2                                         {product} {ergonomic}
     uint G1ConcRefinementThreads                  = 8                                         {product} {ergonomic}
   size_t G1HeapRegionSize                         = 1048576                                   {product} {ergonomic}
    uintx GCDrainStackTargetSize                   = 64                                        {product} {ergonomic}
     bool HeapDumpOnOutOfMemoryError               = true                                   {manageable} {command line}
   size_t InitialHeapSize                          = 268435456                                 {product} {command line}
   size_t MarkStackSize                            = 4194304                                   {product} {ergonomic}
   size_t MaxHeapSize                              = 536870912                                 {product} {command line}
   size_t MaxMetaspaceSize                         = 402653184                                 {product} {command line}
   size_t MaxNewSize                               = 321912832                                 {product} {ergonomic}
   size_t MinHeapDeltaBytes                        = 1048576                                   {product} {ergonomic}
   size_t MinHeapSize                              = 268435456                                 {product} {command line}
    uintx NonNMethodCodeHeapSize                   = 5839372                                {pd product} {ergonomic}
    uintx NonProfiledCodeHeapSize                  = 122909434                              {pd product} {ergonomic}
    uintx ProfiledCodeHeapSize                     = 122909434                              {pd product} {ergonomic}
    uintx ReservedCodeCacheSize                    = 251658240                              {pd product} {ergonomic}
     bool SegmentedCodeCache                       = true                                      {product} {ergonomic}
   size_t SoftMaxHeapSize                          = 536870912                              {manageable} {ergonomic}
     bool UseCompressedOops                        = true                           {product lp64_product} {ergonomic}
     bool UseG1GC                                  = true                                      {product} {ergonomic}
     bool UseLargePagesIndividualAllocation        = false                                  {pd product} {ergonomic}

Logging:
Log output configuration:
 #0: stdout all=warning uptime,level,tags foldmultilines=false
 #1: stderr all=off uptime,level,tags foldmultilines=false

Release file:
JAVA_VERSION="21.0.12.1" 
MODULES="java.base java.compiler java.datatransfer java.xml java.prefs java.desktop java.instrument java.logging java.management java.security.sasl java.naming java.rmi java.management.rmi java.net.http java.scripting java.security.jgss java.transaction.xa java.sql java.sql.rowset java.xml.crypto java.se java.smartcardio jdk.accessibility jdk.internal.jvmstat jdk.attach jdk.charsets jdk.internal.opt jdk.zipfs jdk.compiler jdk.crypto.ec jdk.crypto.cryptoki jdk.crypto.mscapi jdk.dynalink jdk.internal.ed jdk.editpad jdk.hotspot.agent jdk.httpserver jdk.internal.le jdk.internal.vm.ci jdk.internal.vm.compiler jdk.internal.vm.compiler.management jdk.jartool jdk.javadoc jdk.jcmd jdk.management jdk.management.agent jdk.jconsole jdk.jdeps jdk.jdwp.agent jdk.jdi jdk.jfr jdk.jshell jdk.jsobject jdk.jstatd jdk.localedata jdk.management.jfr jdk.naming.dns jdk.naming.rmi jdk.net jdk.nio.mapmode jdk.random jdk.sctp jdk.security.auth jdk.security.jgss jdk.unsupported jdk.unsupported.desktop jdk.xml.dom" 

Environment Variables:
JAVA_HOME=C:\Program Files\Microsoft\jdk-17.0.8.7-hotspot\
PATH=C:\Program Files\Microsoft\jdk-17.0.8.7-hotspot\bin;C:\Program Files\Common Files\Oracle\Java\javapath;C:\WINDOWS\system32;C:\WINDOWS;C:\WINDOWS\System32\Wbem;C:\WINDOWS\System32\WindowsPowerShell\v1.0\;C:\WINDOWS\System32\OpenSSH\;C:\Program Files\nodejs\;C:\Users\Yogesh\AppData\Local\Android\Sdk\platform-tools;C:\ProgramData\chocolatey\bin;C:\Users\Yogesh\Desktop\SqlLite\sqlite-tools-win-x64-3450000;C:\Program Files\Git\cmd;C:\Program Files\Git\bin;C:\Users\Yogesh\AppData\Local\Android\Sdk\cmdline-tools\latest\bin;C:\Software\cmake-3.31.0-rc2-windows-x86_64\cmake-3.31.0-rc2-windows-x86_64\bin;C:\Users\Yogesh\Downloads\apache-maven-3.9.9\bin;C:\Program Files\MySQL\MySQL Shell 8.0\bin\;C:\Users\Yogesh\AppData\Local\Android\Sdk\tools;C:\Users\Yogesh\AppData\Local\Microsoft\WindowsApps;C:\Users\Yogesh\AppData\Roaming\npm;C:\Users\Yogesh\AppData\Local\Programs\Microsoft VS Code\bin;C:\Users\Yogesh\AppData\Local\GitHubDesktop\bin;
USERNAME=Yogesh
OS=Windows_NT
PROCESSOR_IDENTIFIER=Intel64 Family 6 Model 140 Stepping 1, GenuineIntel
TMP=C:\Users\Yogesh\AppData\Local\Temp
TEMP=C:\Users\Yogesh\AppData\Local\Temp




Periodic native trim disabled

---------------  S Y S T E M  ---------------

OS:
 Windows 11 , 64 bit Build 26100 (10.0.26100.9168)
OS uptime: 0 days 1:49 hours
Hyper-V role detected

CPU: total 8 (initial active 8) (4 cores per cpu, 2 threads per core) family 6 model 140 stepping 1 microcode 0xb4, cx8, cmov, fxsr, ht, mmx, 3dnowpref, sse, sse2, sse3, ssse3, sse4.1, sse4.2, popcnt, lzcnt, tsc, tscinvbit, avx, avx2, aes, erms, clmul, bmi1, bmi2, adx, avx512f, avx512dq, avx512cd, avx512bw, avx512vl, sha, fma, vzeroupper, avx512_vpopcntdq, avx512_vpclmulqdq, avx512_vaes, avx512_vnni, clflush, clflushopt, clwb, avx512_vbmi2, avx512_vbmi, hv, rdtscp, rdpid, fsrm, gfni, avx512_bitalg, f16c, cet_ibt, cet_ss, avx512_ifma
Processor Information for the first 8 processors :
  Max Mhz: 2401, Current Mhz: 2400, Mhz Limit: 2376

Memory: 4k page, system-wide physical 16026M (243M free)
TotalPageFile size 65178M (AvailPageFile size 23M)
current process WorkingSet (physical memory assigned to process): 146M, peak: 162M
current process commit charge ("private bytes"): 379M, peak: 385M

vm_info: OpenJDK 64-Bit Server VM (21.0.12.1+1-LTS) for windows-amd64 JRE (21.0.12.1+1-LTS), built on 2026-08-18T00:00:00Z by "admin" with MS VC++ 17.12 (VS2022)

END.
