#
# There is insufficient memory for the Java Runtime Environment to continue.
# Native memory allocation (malloc) failed to allocate 1516816 bytes. Error detail: Chunk::new
# Possible reasons:
#   The system is out of physical RAM or swap space
#   This process is running with CompressedOops enabled, and the Java Heap may be blocking the growth of the native heap
# Possible solutions:
#   Reduce memory load on the system
#   Increase physical memory or swap space
#   Check if swap backing store is full
#   Decrease Java heap size (-Xmx/-Xms)
#   Decrease number of Java threads
#   Decrease Java thread stack sizes (-Xss)
#   Set larger code cache with -XX:ReservedCodeCacheSize=
#   JVM is running with Unscaled Compressed Oops mode in which the Java heap is
#     placed in the first 4GB address space. The Java Heap base address is the
#     maximum limit for the native heap growth. Please use -XX:HeapBaseMinAddress
#     to set the Java Heap base and to place the Java Heap above 4GB virtual address.
# This output file may be truncated or incomplete.
#
#  Out of Memory Error (arena.cpp:168), pid=19164, tid=13516
#
# JRE version: OpenJDK Runtime Environment Temurin-21.0.12.1+1 (21.0.12.1+1) (build 21.0.12.1+1-LTS)
# Java VM: OpenJDK 64-Bit Server VM Temurin-21.0.12.1+1 (21.0.12.1+1-LTS, mixed mode, sharing, tiered, compressed oops, compressed class ptrs, parallel gc, windows-amd64)
# No core dump will be written. Minidumps are not enabled by default on client versions of Windows
#

---------------  S U M M A R Y ------------

Command Line: --add-modules=ALL-SYSTEM --add-opens=java.base/java.util=ALL-UNNAMED --add-opens=java.base/java.lang=ALL-UNNAMED --add-opens=java.base/sun.nio.fs=ALL-UNNAMED -Declipse.application=org.eclipse.jdt.ls.core.id1 -Dosgi.bundles.defaultStartLevel=4 -Declipse.product=org.eclipse.jdt.ls.core.product -Djava.import.generatesMetadataFilesAtProjectRoot=false -Dm2e.project.cache.size=50 -DDetectVMInstallationsJob.disabled=true -Dfile.encoding=utf8 -XX:+UseParallelGC -XX:GCTimeRatio=4 -XX:AdaptiveSizePolicyWeight=90 -Dsun.zip.disableMemoryMapping=true -Xmx2G -Xms100m -Xlog:disable -javaagent:c:\Users\Yogesh\.vscode\extensions\redhat.java-1.56.0-win32-x64\lombok\lombok-1.18.39-4050.jar -XX:+HeapDumpOnOutOfMemoryError -XX:HeapDumpPath=c:\Users\Yogesh\AppData\Roaming\Code\User\workspaceStorage\960a2e004a4bfed2f4c3b86f6fae402b\redhat.java -Daether.dependencyCollector.impl=bf c:\Users\Yogesh\.vscode\extensions\redhat.java-1.56.0-win32-x64\server\plugins\org.eclipse.equinox.launcher_1.8.0.v20260804-1928.jar -configuration c:\Users\Yogesh\AppData\Roaming\Code\User\globalStorage\redhat.java\1.56.0\config_win -data c:\Users\Yogesh\AppData\Roaming\Code\User\workspaceStorage\960a2e004a4bfed2f4c3b86f6fae402b\redhat.java\jdt_ws --pipe=\\.\pipe\lsp-30397e2d84bc1e2a1feebdd08f815a68-sock

Host: 11th Gen Intel(R) Core(TM) i5-1135G7 @ 2.40GHz, 8 cores, 15G,  Windows 11 , 64 bit Build 26100 (10.0.26100.9168)
Time: Sat Sep 12 14:46:47 2026 India Standard Time elapsed time: 6584.117210 seconds (0d 1h 49m 44s)

---------------  T H R E A D  ---------------

Current thread (0x00000247af26e930):  JavaThread "C2 CompilerThread0" daemon [_thread_in_native, id=13516, stack(0x000000e26f200000,0x000000e26f300000) (1024K)]


Current CompileTask:
C2:6584117 25751       4       org.gradle.tooling.internal.adapter.ProtocolToModelAdapter$InvocationHandlerImpl::invoke (176 bytes)

Stack: [0x000000e26f200000,0x000000e26f300000]
Native frames: (J=compiled Java code, j=interpreted, Vv=VM code, C=native code)
V  [jvm.dll+0x6d83e9]
V  [jvm.dll+0x8b5736]
V  [jvm.dll+0x8b7cee]
V  [jvm.dll+0x8b83d3]
V  [jvm.dll+0x284596]
V  [jvm.dll+0xc685d]
V  [jvm.dll+0xc6da1]
V  [jvm.dll+0x3bf151]
V  [jvm.dll+0x38b6d2]
V  [jvm.dll+0x38ab1a]
V  [jvm.dll+0x24c700]
V  [jvm.dll+0x24bce0]
V  [jvm.dll+0x1cb4ae]
V  [jvm.dll+0x25baad]
V  [jvm.dll+0x25a03a]
V  [jvm.dll+0x3f8aae]
V  [jvm.dll+0x8600cd]
V  [jvm.dll+0x6d6c1d]
C  [ucrtbase.dll+0x2cd30]
C  [KERNEL32.DLL+0x2ccb7]
C  [ntdll.dll+0xaad6c]


---------------  P R O C E S S  ---------------

Threads class SMR info:
_java_thread_list=0x0000024808e53250, length=1269, elements={
0x00000247987f3b50, 0x00000247988aa5e0, 0x00000247af263fd0, 0x00000247af267330,
0x00000247af26a620, 0x00000247af26d090, 0x00000247af26daf0, 0x00000247af26e930,
0x00000247f1c05b20, 0x00000247f1d984c0, 0x00000247f1dae700, 0x00000247f672db50,
0x00000247f63cbca0, 0x00000247f63cc9c0, 0x00000247f63cd6e0, 0x00000247f63caf80,
0x00000247f63cb610, 0x00000247f63cc330, 0x00000247f63ce400, 0x00000247f6f36690,
0x00000247f6f34c50, 0x00000247f6f38760, 0x00000247f6f38df0, 0x00000247f6f35970,
0x00000247f6f39480, 0x00000247f6f36000, 0x00000247f6f39b10, 0x00000247f6f3a1a0,
0x00000247f6f36d20, 0x00000247f6f3a830, 0x00000247f6f3aec0, 0x00000247f6f3bbe0,
0x00000247f76f0760, 0x00000247f6baa060, 0x00000247f6ba99d0, 0x00000247f6bac130,
0x00000247f6baa6f0, 0x00000247f6ba8cb0, 0x00000247f6bac7c0, 0x00000247f6bafc40,
0x00000247f6bace50, 0x00000247f76f1480, 0x00000247f6f37a40, 0x00000247f76f1b10,
0x00000247f76f21a0, 0x00000247f76f2830, 0x00000247f76ef3b0, 0x00000247f76efa40,
0x00000247f63cdd70, 0x00000247f6badb70, 0x00000247f76f0df0, 0x00000247f63cd050,
0x00000247fbeb4aa0, 0x00000247fbeb64e0, 0x00000247fbeb4410, 0x00000247fbeb5130,
0x00000247fbeb57c0, 0x00000247fbeb3d80, 0x00000247fbeb5e50, 0x00000247fbeb3060,
0x00000247fbeb7890, 0x00000247f6f3b550, 0x00000247fc7a9030, 0x00000247fc7a7c80,
0x00000247fc7a8310, 0x00000247fc7aaa70, 0x00000247fc7a96c0, 0x00000247fc7aa3e0,
0x00000247fc7a89a0, 0x00000247f6bad4e0, 0x00000247f6baef20, 0x00000247fbeb36f0,
0x00000247fbeba680, 0x00000247fbeb85b0, 0x00000247f6f352e0, 0x00000247f6f345c0,
0x00000247fc7a9d50, 0x00000247fbeb7f20, 0x00000247f72452e0, 0x00000247f7244c50,
0x00000247f7245970, 0x00000247f7246000, 0x00000247f7242b80, 0x00000247f72438a0,
0x00000247f7246690, 0x00000247f7243f30, 0x00000247f7246d20, 0x00000247f72473b0,
0x00000247f7249480, 0x00000247f72480d0, 0x00000247f7247a40, 0x00000247f7248760,
0x00000247fc7a75f0, 0x00000247fd885e60, 0x00000247fd883070, 0x00000247fd886b80,
0x00000247fd885140, 0x00000247fd887210, 0x00000247fd8878a0, 0x00000247fd884ab0,
0x00000247fd883700, 0x00000247fd8885c0, 0x00000247fd88a000, 0x00000247950aa290,
0x00000247950ad710, 0x00000247950ae430, 0x00000247950aafb0, 0x00000247950ab640,
0x00000247950afe70, 0x00000247950aeac0, 0x00000247950af150, 0x00000247950ac9f0,
0x00000247950b0500, 0x00000247950b18b0, 0x00000247950b1220, 0x00000247fd88a690,
0x00000247fe208f80, 0x00000247fe206820, 0x00000247fe208260, 0x00000247fbeb92d0,
0x00000247ffa56d80, 0x00000247ffa58e50, 0x00000247ffa58130, 0x00000247ffa56060,
0x00000247ffa566f0, 0x00000247ffa5bc40, 0x00000247ffa587c0, 0x00000247ffc482f0,
0x00000247ffc4be00, 0x00000247ffc4aa50, 0x00000247ffc4c490, 0x00000247ffc49010,
0x00000247ffc496a0, 0x00000247ffc4a3c0, 0x00000247ffc50630, 0x00000247ffc4ebf0,
0x00000247ffc4e560, 0x00000247ffc4b0e0, 0x00000247ffc4f910, 0x00000247ffc4ffa0,
0x00000247ffc52070, 0x00000247ffc51350, 0x00000247ffc519e0, 0x00000247ffc54e60,
0x00000247ffc4d840, 0x00000247ffc4ded0, 0x00000247ffc53420, 0x00000247ffc53ab0,
0x00000247ffc54140, 0x00000247ffc52d90, 0x00000247ffc568a0, 0x00000247ffc575c0,
0x00000247ffc56f30, 0x00000247ffc547d0, 0x00000247ffa5c2d0, 0x00000247ffa5cff0,
0x00000247ffa59b70, 0x00000247ffa5d680, 0x00000247ffa5a200, 0x00000247950ac360,
0x00000247950adda0, 0x00000247950af7e0, 0x00000247ffc50cc0, 0x00000247ffc554f0,
0x00000247ffc56210, 0x00000247fe209610, 0x00000247fe206190, 0x00000247fd884420,
0x00000247fd888c50, 0x00000247fd889970, 0x00000247ffa5af20, 0x00000247ffa57aa0,
0x00000247ffa5b5b0, 0x00000247fe206eb0, 0x00000247fe207540, 0x00000247ffc4b770,
0x00000247ffc48980, 0x00000247ffc4f280, 0x00000247950abcd0, 0x00000247950b0b90,
0x00000247f6ba8620, 0x00000247f6ba9340, 0x00000247f7243210, 0x00000247fd8864f0,
0x00000247f7249b10, 0x00000247fe207bd0, 0x00000247ffa594e0, 0x00000248069bdbe0,
0x00000248069bc1a0, 0x00000248069bb480, 0x00000248069be900, 0x00000248069bd550,
0x00000248069bfcb0, 0x00000248069bc830, 0x00000248069bbb10, 0x00000248069be270,
0x00000248069bf620, 0x00000248069c0340, 0x00000248069bcec0, 0x00000248069c2410,
0x00000248069c09d0, 0x00000248069c2aa0, 0x00000248069c37c0, 0x00000248069c3e50,
0x00000248069c1d80, 0x00000248069c3130, 0x00000248069c44e0, 0x00000248069c1060,
0x00000248069c4b70, 0x00000248069c16f0, 0x00000248069c5200, 0x00000248069c7960,
0x00000248069c8680, 0x00000248069c65b0, 0x00000248069c8d10, 0x00000248069c6c40,
0x00000248069c5890, 0x00000248069c72d0, 0x00000248069c5f20, 0x00000248069c93a0,
0x00000248069c9a30, 0x00000248069ca0c0, 0x00000248069ca750, 0x00000248069c7ff0,
0x00000247950aa920, 0x00000248069b4eb0, 0x00000248069b3b00, 0x00000248069b5bd0,
0x00000248069b4820, 0x00000248069b3470, 0x00000248069b6260, 0x00000248069b6f80,
0x00000248069b68f0, 0x00000248069b7610, 0x00000248069b7ca0, 0x00000248069b89c0,
0x00000248069b9050, 0x00000248069b5540, 0x00000248069b96e0, 0x00000248069b8330,
0x00000248069b9d70, 0x00000248069ba400, 0x00000248069baa90, 0x00000247ffc4d1b0,
0x00000248069bef90, 0x0000024807168d10, 0x0000024807169a30, 0x00000248071665b0,
0x000002480716a0c0, 0x0000024807167960, 0x0000024807166c40, 0x00000248071693a0,
0x000002480716ade0, 0x000002480716b470, 0x0000024807167ff0, 0x000002480716a750,
0x000002480716bb00, 0x0000024807168680, 0x000002480716e260, 0x000002480716e8f0,
0x000002480716ef80, 0x000002480716f610, 0x000002480716ceb0, 0x000002480716fca0,
0x000002480716d540, 0x000002480716c190, 0x000002480716c820, 0x0000024807171050,
0x0000024807170330, 0x00000248071709c0, 0x000002480716dbd0, 0x00000248071744d0,
0x0000024807174b60, 0x0000024807171d70, 0x00000248071716e0, 0x0000024807172400,
0x00000248071751f0, 0x0000024807175880, 0x0000024807173120, 0x0000024807175f10,
0x0000024807173e40, 0x00000248071737b0, 0x0000024807172a90, 0x00000248071765a0,
0x00000248069b4190, 0x00000248071a0ed0, 0x00000248071a1560, 0x00000248071a2910,
0x000002480719f490, 0x00000248071a1bf0, 0x000002480719fb20, 0x00000248071a0840,
0x00000248071a2280, 0x00000248071a2fa0, 0x00000248071a49e0, 0x00000248071a01b0,
0x00000248071a6ab0, 0x00000248071a5070, 0x00000248071a3cc0, 0x00000248071a5700,
0x00000248071a5d90, 0x00000248071a6420, 0x00000248071a7140, 0x00000248071a77d0,
0x00000248071a4350, 0x00000248071aa5c0, 0x00000248071a9f30, 0x00000248071a8b80,
0x00000248071a84f0, 0x00000248071a7e60, 0x00000248071ac690, 0x00000248071a98a0,
0x00000248071ab970, 0x00000248071aac50, 0x00000248071a9210, 0x00000248071ae0d0,
0x00000248071ac000, 0x00000248071ad3b0, 0x00000248071acd20, 0x00000248071ada40,
0x00000248071ae760, 0x00000248071a3630, 0x0000024807ae7150, 0x0000024807ae8500,
0x0000024807ae8b90, 0x0000024807ae77e0, 0x0000024807ae9f40, 0x0000024807aeac60,
0x0000024807aeb2f0, 0x0000024807ae7e70, 0x0000024807aec6a0, 0x0000024807aec010,
0x0000024807aea5d0, 0x0000024807ae9220, 0x0000024807aecd30, 0x0000024807af01b0,
0x0000024807ae98b0, 0x0000024807aed3c0, 0x0000024807aef490, 0x0000024807aee0e0,
0x0000024807aee770, 0x0000024807aeee00, 0x0000024807aeb980, 0x0000024807af0840,
0x0000024807af1560, 0x0000024807af1bf0, 0x0000024807af2910, 0x0000024807af2280,
0x0000024807af0ed0, 0x0000024807aeda50, 0x0000024807af5700, 0x0000024807af49e0,
0x0000024807af5d90, 0x0000024807af6420, 0x0000024807af3cc0, 0x0000024807af4350,
0x0000024807af5070, 0x0000024807af3630, 0x00000248071672d0, 0x0000024806b6cc90,
0x0000024806b6ed60, 0x0000024806b6d9b0, 0x0000024806b6b8e0, 0x0000024806b6e040,
0x0000024806b6d320, 0x0000024806b6e6d0, 0x0000024806b6bf70, 0x0000024806b6fa80,
0x0000024806b6c600, 0x0000024806b70110, 0x0000024806b73590, 0x0000024806b72f00,
0x0000024806b70e30, 0x0000024806b73c20, 0x0000024806b72870, 0x0000024806b707a0,
0x0000024806b742b0, 0x0000024806b74940, 0x0000024806b721e0, 0x0000024806b714c0,
0x0000024806b76380, 0x0000024806b74fd0, 0x0000024806b71b50, 0x0000024806b75660,
0x0000024806b77730, 0x0000024806b77dc0, 0x0000024806b75cf0, 0x0000024806b76a10,
0x0000024806b78ae0, 0x0000024806b78450, 0x0000024806b79170, 0x0000024806b79800,
0x0000024806b770a0, 0x0000024806b7a520, 0x0000024806b7d310, 0x0000024806b79e90,
0x0000024806b7bf60, 0x0000024806b7abb0, 0x0000024806b7b240, 0x0000024806b7cc80,
0x0000024806b7e030, 0x0000024806b7d9a0, 0x0000024806b7c5f0, 0x0000024806b7e6c0,
0x0000024806b7ed50, 0x0000024806b7b8d0, 0x0000024806b814b0, 0x0000024806b80e20,
0x0000024806b7f3e0, 0x0000024806b81b40, 0x0000024806b821d0, 0x0000024806b82860,
0x0000024806b7fa70, 0x0000024806b82ef0, 0x0000024806b83580, 0x0000024806b80100,
0x0000024806b84930, 0x0000024806b83c10, 0x0000024806b842a0, 0x0000024806b84fc0,
0x0000024806b85650, 0x0000024806b86a00, 0x0000024806b85ce0, 0x0000024806b87090,
0x0000024806b86370, 0x0000024806b87720, 0x0000024806b88ad0, 0x0000024806b89160,
0x0000024806b88440, 0x0000024806b8a510, 0x0000024806b8aba0, 0x0000024806b87db0,
0x0000024806b897f0, 0x0000024806d49fa0, 0x0000024806d48bf0, 0x0000024806d4b9e0,
0x0000024806d4a630, 0x0000024806d4acc0, 0x0000024806d4c070, 0x0000024806d4b350,
0x0000024806d4c700, 0x0000024806d49280, 0x0000024806d50210, 0x0000024806d4cd90,
0x0000024806d49910, 0x0000024806d4f4f0, 0x0000024806d4e140, 0x0000024806d4fb80,
0x0000024806d4e7d0, 0x0000024806d508a0, 0x0000024806d4dab0, 0x0000024806d51c50,
0x0000024806d4ee60, 0x0000024806d4d420, 0x0000024806d543b0, 0x0000024806d50f30,
0x0000024806d53690, 0x0000024806d52970, 0x0000024806d54a40, 0x0000024806d53000,
0x0000024806d550d0, 0x0000024806d522e0, 0x0000024806d53d20, 0x0000024806d55760,
0x0000024806d55df0, 0x0000024806d56480, 0x0000024806d56b10, 0x0000024806d571a0,
0x0000024806d57830, 0x0000024807af2fa0, 0x00000247ffa5c960, 0x0000024806b6f3f0,
0x00000248071e5590, 0x00000248071e5c20, 0x00000248071e62b0, 0x00000248071e6940,
0x00000248071e6fd0, 0x00000248071e4f00, 0x00000248071e4870, 0x00000248071e3b50,
0x00000248071e8a10, 0x00000248071eaae0, 0x00000248071e90a0, 0x00000248071e7cf0,
0x00000248071e8380, 0x00000248071e9dc0, 0x00000248071eb800, 0x00000248071e9730,
0x00000248071ea450, 0x00000248071e7660, 0x00000248071ed240, 0x00000248071edf60,
0x00000248071eb170, 0x00000248071ef310, 0x00000248071ee5f0, 0x00000248071ef9a0,
0x00000248071ed8d0, 0x00000248071ecbb0, 0x00000248071eec80, 0x00000248071e41e0,
0x00000248071ec520, 0x00000248071f0030, 0x00000248071f2100, 0x00000248071f2790,
0x0000024806d48560, 0x00000248071f06c0, 0x00000248071f0d50, 0x00000248071f13e0,
0x0000024806b89e80, 0x00000248073b9b40, 0x00000248073b8100, 0x00000248073baef0,
0x00000248073bb580, 0x00000248073b8e20, 0x00000248073bbc10, 0x00000248073ba1d0,
0x00000248073bc930, 0x00000248073ba860, 0x00000248073bc2a0, 0x00000248073b94b0,
0x00000248073bea00, 0x00000248073bcfc0, 0x00000248073bf090, 0x00000248073bf720,
0x00000248073b8790, 0x00000248073bd650, 0x00000248073c0440, 0x00000248073be370,
0x00000248073c1160, 0x00000248073bdce0, 0x00000248073c2ba0, 0x00000248073c17f0,
0x00000248073c5300, 0x00000248073c3f50, 0x00000248073c3230, 0x00000248073c38c0,
0x00000248073c1e80, 0x00000248073c0ad0, 0x00000248073c6d40, 0x00000248073c73d0,
0x00000248073c45e0, 0x00000248073c66b0, 0x00000248073c4c70, 0x00000248073c2510,
0x00000248073c6020, 0x00000248071e34c0, 0x00000248071f1a70, 0x0000024807304f50,
0x00000248073055e0, 0x0000024807305c70, 0x0000024807306300, 0x0000024807306990,
0x0000024807304230, 0x0000024807307020, 0x00000248073076b0, 0x0000024807307d40,
0x00000248073048c0, 0x000002480730ab30, 0x000002480730a4a0, 0x00000248073090f0,
0x0000024807303ba0, 0x000002480730b850, 0x0000024807309e10, 0x00000248073083d0,
0x0000024807308a60, 0x000002480730bee0, 0x000002480730c570, 0x000002480730cc00,
0x0000024807309780, 0x000002480730d290, 0x000002480730ecd0, 0x0000024807310710,
0x000002480730f360, 0x000002480730dfb0, 0x0000024807311430, 0x00000248073127e0,
0x0000024807312e70, 0x0000024807312150, 0x000002480730b1c0, 0x0000024807310080,
0x000002480730f9f0, 0x0000024807313b90, 0x0000024807310da0, 0x0000024807313500,
0x00000248073162f0, 0x0000024807314220, 0x0000024807316980, 0x00000248073148b0,
0x0000024807311ac0, 0x0000024807315c60, 0x00000248073183c0, 0x0000024807317010,
0x00000248073155d0, 0x000002480731ab20, 0x0000024807318a50, 0x00000248073190e0,
0x00000248073176a0, 0x0000024807314f40, 0x000002480731b1b0, 0x0000024807319770,
0x000002480731b840, 0x000002480731bed0, 0x000002480731a490, 0x000002480731c560,
0x0000024807319e00, 0x0000024807317d30, 0x000002480731cbf0, 0x000002480731d910,
0x000002480731e630, 0x000002480731ecc0, 0x0000024807320070, 0x0000024807320d90,
0x0000024807321420, 0x000002480731f9e0, 0x000002480731d280, 0x0000024807321ab0,
0x0000024807322140, 0x0000024807320700, 0x00000248073227d0, 0x0000024807322e60,
0x00000248073bfdb0, 0x00000248073c5990, 0x000002480731f350, 0x000002480731dfa0,
0x0000024807bd0f60, 0x0000024807bd08d0, 0x0000024807bd15f0, 0x0000024807bd2310,
0x0000024807bd36c0, 0x0000024807bd29a0, 0x0000024807bd3030, 0x0000024807bd0240,
0x0000024807bd4a70, 0x0000024807bd3d50, 0x0000024807bd1c80, 0x0000024807bd71d0,
0x0000024807bd64b0, 0x0000024807bd5790, 0x0000024807bd6b40, 0x0000024807bd7860,
0x0000024807bd8580, 0x0000024807bd5100, 0x0000024807bd8c10, 0x0000024807bd5e20,
0x0000024807bdace0, 0x0000024807bda650, 0x0000024807bd9930, 0x0000024807bdb370,
0x0000024807bdc090, 0x0000024807bd92a0, 0x0000024807bd9fc0, 0x0000024807bdba00,
0x0000024807bdcdb0, 0x0000024807be0230, 0x0000024807be08c0, 0x0000024807bdee80,
0x0000024807bdd440, 0x0000024807be0f50, 0x0000024807bde7f0, 0x0000024807bd7ef0,
0x0000024807be15e0, 0x0000024807bdf510, 0x0000024807bde160, 0x0000024807be1c70,
0x0000024807be2300, 0x0000024807be2990, 0x0000024807be3020, 0x0000024807be5e10,
0x0000024807bd43e0, 0x0000024807be43d0, 0x0000024807be36b0, 0x0000024807be5780,
0x0000024807be50f0, 0x0000024807be64a0, 0x0000024807be4a60, 0x0000024807be6b30,
0x0000024807be8c00, 0x0000024807bddad0, 0x0000024807be3d40, 0x0000024807be7850,
0x0000024807be7ee0, 0x0000024807be9920, 0x0000024807be8570, 0x0000024807be9290,
0x0000024807be9fb0, 0x0000024807bec080, 0x0000024807beacd0, 0x0000024807bee150,
0x0000024807bee7e0, 0x0000024807becda0, 0x0000024807beb360, 0x0000024807beee70,
0x0000024807bec710, 0x0000024807beb9f0, 0x0000024807bef500, 0x0000024807bed430,
0x0000024807bea640, 0x0000024807bf2980, 0x0000024807bf1c60, 0x0000024807bf0220,
0x0000024807bf3010, 0x0000024807bf22f0, 0x0000024807befb90, 0x0000024807bf3d30,
0x0000024807bf08b0, 0x0000024807bedac0, 0x0000024807bf4a50, 0x0000024807bf36a0,
0x0000024807bf43c0, 0x0000024807bf15d0, 0x0000024807bf6b20, 0x0000024807bf7ed0,
0x0000024807bf50e0, 0x0000024807bf0f40, 0x0000024807bf7840, 0x0000024807bf5770,
0x0000024807bf9280, 0x0000024807bf71b0, 0x0000024807bf5e00, 0x0000024807bf9910,
0x0000024807bf6490, 0x0000024807bfd420, 0x0000024807bfb9e0, 0x0000024807bf9fa0,
0x0000024807bfc070, 0x0000024807bf8bf0, 0x0000024807bfdab0, 0x0000024807bfa630,
0x0000024807bfc700, 0x0000024807bfe140, 0x0000024807bfcd90, 0x0000024807bfacc0,
0x0000024807c008a0, 0x0000024807c00f30, 0x0000024807bff4f0, 0x0000024807c015c0,
0x0000024807c00210, 0x0000024807c01c50, 0x0000024807bfe7d0, 0x0000024807c022e0,
0x0000024807bfb350, 0x0000024807c02970, 0x0000024807c03000, 0x0000024807bffb80,
0x0000024807c03690, 0x0000024807c03d20, 0x0000024807c043b0, 0x0000024807c06480,
0x0000024807c04a40, 0x0000024807bfee60, 0x0000024807c06b10, 0x0000024807c050d0,
0x0000024807c071a0, 0x0000024807c05760, 0x0000024807c07830, 0x0000024807c08be0,
0x0000024807c09270, 0x0000024807c05df0, 0x0000024807c0b340, 0x0000024807c0acb0,
0x0000024807c0b9d0, 0x0000024807c09900, 0x0000024807c08550, 0x0000024807c09f90,
0x0000024807c0c060, 0x0000024807c0c6f0, 0x0000024807c0fb70, 0x0000024807c0cd80,
0x0000024807c0a620, 0x0000024807c0ee50, 0x0000024807c10890, 0x0000024807c0f4e0,
0x0000024807c10200, 0x0000024807c0daa0, 0x0000024807c0e130, 0x0000024807bdfba0,
0x0000024807c0d410, 0x0000024807bf8560, 0x0000024807c0e7c0, 0x00000247ffc49d30,
0x000002480730d920, 0x0000024807845540, 0x0000024807847ca0, 0x0000024807845bd0,
0x00000248078468f0, 0x0000024807846f80, 0x0000024807848330, 0x0000024807844eb0,
0x000002480784b120, 0x00000248078489c0, 0x0000024807849d70, 0x000002480784b7b0,
0x000002480784be40, 0x000002480784c4d0, 0x0000024807849050, 0x00000248078496e0,
0x000002480784aa90, 0x0000024807847610, 0x000002480784f2c0, 0x000002480784e5a0,
0x000002480784ec30, 0x000002480784f950, 0x000002480784d880, 0x000002480784df10,
0x000002480784a400, 0x0000024807850670, 0x000002480784ffe0, 0x0000024807853af0,
0x0000024807852dd0, 0x0000024807854180, 0x0000024807851390, 0x0000024807853460,
0x000002480784cb60, 0x00000248078520b0, 0x0000024807854810, 0x0000024807851a20,
0x0000024807854ea0, 0x0000024807855bc0, 0x0000024807855530, 0x0000024807852740,
0x00000248078589b0, 0x000002480784d1f0, 0x0000024807857600, 0x0000024807859040,
0x0000024807857c90, 0x0000024807858320, 0x00000248078596d0, 0x0000024807856250,
0x000002480785a3f0, 0x0000024807856f70, 0x00000248078568e0, 0x000002480785be30,
0x000002480785b7a0, 0x000002480785b110, 0x000002480785c4c0, 0x000002480785d1e0,
0x000002480785cb50, 0x0000024807859d60, 0x000002480785df00, 0x000002480785d870,
0x000002480785aa80, 0x000002480785ec20, 0x0000024807860cf0, 0x000002480785f940,
0x00000248078620a0, 0x0000024807862730, 0x0000024807861380, 0x000002480785f2b0,
0x000002480785e590, 0x0000024807860660, 0x0000024807864e90, 0x0000024807865520,
0x0000024807863450, 0x0000024807866240, 0x0000024807864170, 0x0000024807864800,
0x0000024807863ae0, 0x000002480785ffd0, 0x0000024807866f60, 0x0000024807865bb0,
0x0000024807869030, 0x0000024807868310, 0x0000024807869d50, 0x00000248078689a0,
0x00000248078696c0, 0x000002480786a3e0, 0x00000248078668d0, 0x00000248078675f0,
0x000002480786b100, 0x0000024807867c80, 0x000002480786d1d0, 0x000002480786def0,
0x000002480786be20, 0x000002480786c4b0, 0x000002480786ec10, 0x000002480786d860,
0x000002480786e580, 0x000002480786b790, 0x000002480786cb40, 0x0000024807872720,
0x0000024807871370, 0x0000024807872090, 0x000002480786f2a0, 0x0000024807871a00,
0x000002480786aa70, 0x000002480786f930, 0x0000024807873440, 0x0000024807870ce0,
0x000002480786ffc0, 0x0000024807873ad0, 0x0000024807870650, 0x0000024807874e80,
0x0000024807875ba0, 0x0000024807874160, 0x00000248078747f0, 0x0000024807872db0,
0x0000024807877c70, 0x0000024807876230, 0x0000024807876f50, 0x0000024807878300,
0x00000248078775e0, 0x0000024807878990, 0x0000024807861a10, 0x0000024807879020,
0x000002480787b0f0, 0x000002480787be10, 0x000002480787c4a0, 0x00000248078796b0,
0x000002480787d1c0, 0x000002480787cb30, 0x0000024807879d40, 0x00000248078768c0,
0x000002480787d850, 0x000002480787b780, 0x000002480787a3d0, 0x000002480787dee0,
0x000002480787aa60, 0x0000024807880640, 0x000002480787ec00, 0x0000024807880cd0,
0x0000024807875510, 0x000002480787f290, 0x000002480787e570, 0x000002480787f920,
0x0000024807881360, 0x0000024807882080, 0x0000024807883430, 0x0000024807882da0,
0x000002480787ffb0, 0x00000248078819f0, 0x00000248078847e0, 0x0000024807882710,
0x0000024807883ac0, 0x0000024807850d00, 0x0000024807c07ec0, 0x00000247ffa5a890,
0x0000024807be71c0, 0x00000248085282b0, 0x0000024808527c20, 0x0000024808528940,
0x0000024808528fd0, 0x0000024808529660, 0x000002480852d170, 0x000002480852bdc0,
0x0000024808529cf0, 0x000002480852b730, 0x000002480852cae0, 0x000002480852a380,
0x000002480852aa10, 0x000002480852b0a0, 0x000002480852f8d0, 0x000002480852d800,
0x000002480852de90, 0x000002480852f240, 0x000002480852e520, 0x000002480852ebb0,
0x000002480852c450, 0x00000248085305f0, 0x00000248085333e0, 0x0000024808533a70,
0x0000024808530c80, 0x00000248085319a0, 0x0000024808534100, 0x0000024808534790,
0x0000024808531310, 0x000002480852ff60, 0x00000248085354b0, 0x0000024808532030,
0x0000024808535b40, 0x00000248085326c0, 0x00000248085361d0, 0x0000024808532d50,
0x0000024808539ce0, 0x0000024808538930, 0x0000024808536860, 0x0000024808537580,
0x0000024808534e20, 0x0000024808537c10, 0x000002480853a370, 0x0000024808538fc0,
0x0000024808539650, 0x000002480853aa00, 0x000002480853b720, 0x0000024808536ef0,
0x000002480853d7f0, 0x000002480853de80, 0x000002480853d160, 0x000002480853b090,
0x000002480853bdb0, 0x000002480853e510, 0x000002480853eba0, 0x000002480853c440,
0x00000248085382a0, 0x000002480853f8c0, 0x000002480853cad0, 0x0000024808541300,
0x000002480853ff50, 0x0000024808540c70, 0x0000024808541990, 0x0000024808542d40,
0x0000024808542020, 0x00000248085405e0, 0x0000024808544780, 0x00000248085433d0,
0x0000024808544e10, 0x0000024808543a60, 0x00000248085454a0, 0x00000247ffc4cb20,
0x00000248085440f0, 0x00000248085426b0, 0x000002480853f230, 0x00000248085461c0,
0x0000024808546850, 0x0000024807862dc0, 0x0000024807884150, 0x0000024809617b20,
0x0000024809616770, 0x0000024809616e00, 0x00000248096181b0, 0x0000024809618840,
0x0000024809618ed0, 0x00000248096160e0, 0x000002480961c9e0, 0x0000024809619bf0,
0x000002480961b630, 0x000002480961d070, 0x000002480961d700, 0x000002480961a910,
0x000002480961afa0, 0x0000024809619560, 0x0000024809621210, 0x000002480961a280,
0x00000248096204f0, 0x000002480961dd90, 0x0000024809620b80, 0x00000248096218a0,
0x000002480961e420, 0x000002480961c350, 0x000002480961f140, 0x000002480961bcc0,
0x000002480961fe60, 0x00000248096225c0, 0x00000248096232e0, 0x0000024809624690,
0x0000024809624000, 0x00000248096260d0, 0x000002480961eab0, 0x0000024809623970,
0x0000024809621f30, 0x0000024809626760, 0x0000024809626df0, 0x0000024809628830,
0x00000248096281a0, 0x000002480962b620, 0x000002480962bcb0, 0x000002480962c340,
0x0000024809628ec0, 0x000002480962a270, 0x0000024809629be0, 0x000002480962fe50,
0x000002480962f130, 0x00000248096332d0, 0x00000248096304e0, 0x00000248096325b0,
0x0000024809631f20, 0x0000024809636750, 0x0000024809635a30, 0x0000024809633ff0,
0x0000024809636de0, 0x0000024809637b00, 0x000002480963bca0, 0x000002480963d050,
0x000002480963af80, 0x000002480963d6e0, 0x000002480963c9c0, 0x000002480963dd70,
0x00000248096404d0, 0x0000024809641f10, 0x000002480963ea90, 0x0000024809641880,
0x0000024809645390, 0x0000024809645a20, 0x0000024809644670, 0x0000024809644d00,
0x00000248096460b0, 0x0000024809643fe0, 0x00000248096432c0, 0x0000024809649530,
0x000002480964e3f0, 0x000002480964af70, 0x000002480964f110, 0x0000024809651870,
0x000002480964fe30, 0x0000024809650b50, 0x00000248096560a0, 0x0000024809655380,
0x0000024809655a10, 0x000002480bb04890, 0x000002480bb055b0, 0x000002480bb04f20,
0x000002480bb05c40, 0x000002480bb04200, 0x000002480bb02e50, 0x000002480bb034e0,
0x000002480bb09de0, 0x000002480bb0df80, 0x000002480bb0c540, 0x000002480bb0b820,
0x000002480bb11400, 0x000002480bb0eca0, 0x000002480bb127b0, 0x000002480bb14f10,
0x000002480bb134d0, 0x000002480bb17670, 0x000002480bb1aaf0, 0x000002480bb1bea0,
0x000002480bb1c530, 0x000002480bb1ec90, 0x000002480bb1d250, 0x000002480bb1d8e0,
0x000002480bb1df70, 0x000002480bb24870, 0x000002480bb234c0, 0x000002480bb21a80,
0x000002480bb26fd0, 0x000002480bb27cf0, 0x000002480baf0d90, 0x000002480bb07d10,
0x000002480baecbf0, 0x000002480baf3b80, 0x000002480bae9e00, 0x000002480baf7d20,
0x000002480bafb830, 0x000002480bafecb0, 0x000002480bb00d80, 0x0000024809db7900,
0x0000024809dba060, 0x0000024809db4b10, 0x0000024809dd1d00, 0x0000024809dd3740,
0x0000024809dd0950, 0x0000024809d98640, 0x0000024809dd5810, 0x0000024809d999f0,
0x0000024809da23c0, 0x0000024809da6560, 0x0000024809da3770, 0x0000024809db4480,
0x0000024809db7270, 0x0000024809d96570, 0x0000024809da7910, 0x0000024809db8cb0,
0x0000024809da4b20, 0x0000024809dbd4e0, 0x0000024809dbc130, 0x0000024809dc30c0,
0x0000024809dc3750, 0x0000024809d9e8b0, 0x0000024809da8cc0, 0x0000024809dc6bd0,
0x0000024809d9ada0, 0x0000024809d9a710, 0x0000024809dadb80, 0x000002480baed910,
0x000002480baee630, 0x000002480baf55c0, 0x000002480bafe620, 0x000002480bb11a90,
0x000002480bb0f330, 0x000002480baf5c50, 0x000002480baf83b0, 0x000002480bb00060,
0x000002480bb07680, 0x000002480baf0700, 0x000002480bb090c0, 0x000002480bafbec0,
0x000002480bb027c0, 0x000002480bb06960, 0x000002480bb0a470, 0x000002480bb0ab00,
0x000002480bb0e610, 0x000002480bafa480, 0x000002480baef350, 0x000002480bafd270,
0x000002480bae9770, 0x000002480baf7000, 0x000002480bb155a0, 0x000002480bb13b60,
0x000002480bb1f320, 0x000002480bb15c30, 0x000002480bb1b180, 0x000002480bb22110,
0x000002480baf1420, 0x000002480bafc550, 0x000002480baf48a0, 0x000002480baf7690,
0x000002480bb213f0, 0x000002480bb0d8f0, 0x0000024809db99d0, 0x0000024809dbfc40,
0x0000024809db0970, 0x0000024809dc0960, 0x0000024809dc23a0, 0x0000024809dc2a30,
0x0000024809dc7260, 0x0000024809dc99c0, 0x0000024809dbce50, 0x0000024809db5ec0,
0x0000024809db30d0, 0x0000024809db3df0, 0x0000024809dbb410, 0x0000024809dc7f80,
0x0000024809dc8ca0, 0x0000024809dc9330, 0x0000024809db51a0, 0x0000024809db2a40,
0x0000024809dcba90, 0x0000024809dcce40, 0x0000024809dcc7b0, 0x0000024809dc3de0,
0x0000024809db23b0, 0x0000024809db7f90, 0x0000024809dba6f0, 0x0000024809db9340,
0x0000024809dc5eb0, 0x0000024809d97fb0, 0x0000024809d99360, 0x0000024809db1690,
0x0000024809dbc7c0, 0x0000024809dbdb70, 0x0000024809dc4470, 0x0000024809dc1d10,
0x0000024809dcad70, 0x0000024809db8620, 0x0000024809dcc120, 0x0000024809d9b430,
0x0000024809d98cd0, 0x0000024809d9ce70, 0x0000024809db3760, 0x0000024809dc02d0,
0x0000024809dc0ff0, 0x0000024809dbe200, 0x0000024809dc78f0, 0x0000024809dc4b00,
0x0000024809db1d20, 0x0000024809dc6540, 0x0000024809dc1680, 0x0000024809dce1f0,
0x0000024809dca6e0, 0x0000024809db5830, 0x0000024809db6be0, 0x0000024809dbad80,
0x0000024809dc8610, 0x0000024809dc5190, 0x0000024809dcb400, 0x0000024809d9a080,
0x0000024809d96c00, 0x0000024809d9bac0, 0x0000024809d9f5d0, 0x0000024809d9c150,
0x0000024809da02f0, 0x0000024809da0980, 0x0000024809d9d500, 0x0000024809da1010,
0x0000024809d9db90, 0x0000024809dbef20, 0x0000024809dbbaa0, 0x0000024809dbe890,
0x0000024809db1000
}

Java Threads: ( => current thread )
  0x00000247987f3b50 JavaThread "main"                              [_thread_blocked, id=17484, stack(0x000000e26e800000,0x000000e26e900000) (1024K)]
  0x00000247988aa5e0 JavaThread "Reference Handler"          daemon [_thread_blocked, id=4792, stack(0x000000e26ec00000,0x000000e26ed00000) (1024K)]
  0x00000247af263fd0 JavaThread "Finalizer"                  daemon [_thread_blocked, id=11448, stack(0x000000e26ed00000,0x000000e26ee00000) (1024K)]
  0x00000247af267330 JavaThread "Signal Dispatcher"          daemon [_thread_blocked, id=13264, stack(0x000000e26ee00000,0x000000e26ef00000) (1024K)]
  0x00000247af26a620 JavaThread "Attach Listener"            daemon [_thread_blocked, id=10992, stack(0x000000e26ef00000,0x000000e26f000000) (1024K)]
  0x00000247af26d090 JavaThread "Service Thread"             daemon [_thread_blocked, id=13128, stack(0x000000e26f000000,0x000000e26f100000) (1024K)]
  0x00000247af26daf0 JavaThread "Monitor Deflation Thread"   daemon [_thread_blocked, id=12844, stack(0x000000e26f100000,0x000000e26f200000) (1024K)]
=>0x00000247af26e930 JavaThread "C2 CompilerThread0"         daemon [_thread_in_native, id=13516, stack(0x000000e26f200000,0x000000e26f300000) (1024K)]
  0x00000247f1c05b20 JavaThread "C1 CompilerThread0"         daemon [_thread_blocked, id=12608, stack(0x000000e26f300000,0x000000e26f400000) (1024K)]
  0x00000247f1d984c0 JavaThread "Common-Cleaner"             daemon [_thread_blocked, id=2396, stack(0x000000e26f400000,0x000000e26f500000) (1024K)]
  0x00000247f1dae700 JavaThread "Notification Thread"        daemon [_thread_blocked, id=10048, stack(0x000000e26f500000,0x000000e26f600000) (1024K)]
  0x00000247f672db50 JavaThread "Active Thread: Equinox Container: b5592b4a-7096-4bcb-9c59-2cd5fb29395c"        [_thread_blocked, id=18880, stack(0x000000e270200000,0x000000e270300000) (1024K)]
  0x00000247f63cbca0 JavaThread "Framework Event Dispatcher: Equinox Container: b5592b4a-7096-4bcb-9c59-2cd5fb29395c" daemon [_thread_blocked, id=7996, stack(0x000000e270300000,0x000000e270400000) (1024K)]
  0x00000247f63cc9c0 JavaThread "Start Level: Equinox Container: b5592b4a-7096-4bcb-9c59-2cd5fb29395c" daemon [_thread_blocked, id=3564, stack(0x000000e270400000,0x000000e270500000) (1024K)]
  0x00000247f63cd6e0 JavaThread "Bundle File Closer"         daemon [_thread_blocked, id=16568, stack(0x000000e270700000,0x000000e270800000) (1024K)]
  0x00000247f63caf80 JavaThread "Refresh Thread: Equinox Container: b5592b4a-7096-4bcb-9c59-2cd5fb29395c" daemon [_thread_blocked, id=17168, stack(0x000000e270600000,0x000000e270700000) (1024K)]
  0x00000247f63cb610 JavaThread "SCR Component Actor"        daemon [_thread_blocked, id=19800, stack(0x000000e26fc00000,0x000000e26fd00000) (1024K)]
  0x00000247f63cc330 JavaThread "Worker-JM"                         [_thread_blocked, id=19880, stack(0x000000e26fd00000,0x000000e26fe00000) (1024K)]
  0x00000247f63ce400 JavaThread "JNA Cleaner"                daemon [_thread_blocked, id=20320, stack(0x000000e26e600000,0x000000e26e700000) (1024K)]
  0x00000247f6f36690 JavaThread "Worker-1: Initialize workspace"        [_thread_blocked, id=20452, stack(0x000000e26ff00000,0x000000e270000000) (1024K)]
  0x00000247f6f34c50 JavaThread "Worker-4: Initialize workspace"        [_thread_blocked, id=18112, stack(0x000000e270c00000,0x000000e270d00000) (1024K)]
  0x00000247f6f38760 JavaThread "Thread-1"                   daemon [_thread_in_native, id=1000, stack(0x000000e270d00000,0x000000e270e00000) (1024K)]
  0x00000247f6f38df0 JavaThread "Thread-2"                   daemon [_thread_in_native, id=18708, stack(0x000000e270e00000,0x000000e270f00000) (1024K)]
  0x00000247f6f35970 JavaThread "Thread-3"                   daemon [_thread_in_native, id=18016, stack(0x000000e270f00000,0x000000e271000000) (1024K)]
  0x00000247f6f39480 JavaThread "Thread-4"                   daemon [_thread_in_native, id=1728, stack(0x000000e271000000,0x000000e271100000) (1024K)]
  0x00000247f6f36000 JavaThread "Thread-5"                   daemon [_thread_in_native, id=5152, stack(0x000000e271100000,0x000000e271200000) (1024K)]
  0x00000247f6f39b10 JavaThread "Thread-6"                   daemon [_thread_in_native, id=2768, stack(0x000000e271200000,0x000000e271300000) (1024K)]
  0x00000247f6f3a1a0 JavaThread "Thread-7"                   daemon [_thread_in_native, id=17096, stack(0x000000e271300000,0x000000e271400000) (1024K)]
  0x00000247f6f36d20 JavaThread "Thread-8"                   daemon [_thread_in_native, id=19872, stack(0x000000e271400000,0x000000e271500000) (1024K)]
  0x00000247f6f3a830 JavaThread "Thread-9"                   daemon [_thread_in_native, id=17744, stack(0x000000e271500000,0x000000e271600000) (1024K)]
  0x00000247f6f3aec0 JavaThread "pool-2-thread-1"                   [_thread_blocked, id=19788, stack(0x000000e271600000,0x000000e271700000) (1024K)]
  0x00000247f6f3bbe0 JavaThread "WorkspaceEventsHandler"            [_thread_blocked, id=13044, stack(0x000000e271900000,0x000000e271a00000) (1024K)]
  0x00000247f76f0760 JavaThread "pool-1-thread-1"                   [_thread_blocked, id=10676, stack(0x000000e271a00000,0x000000e271b00000) (1024K)]
  0x00000247f6baa060 JavaThread "Timer-0"                           [_thread_blocked, id=17572, stack(0x000000e272600000,0x000000e272700000) (1024K)]
  0x00000247f6ba99d0 JavaThread "Timer-1"                           [_thread_blocked, id=22472, stack(0x000000e26e500000,0x000000e26e600000) (1024K)]
  0x00000247f6bac130 JavaThread "Timer-2"                           [_thread_blocked, id=22512, stack(0x000000e270000000,0x000000e270100000) (1024K)]
  0x00000247f6baa6f0 JavaThread "Timer-3"                           [_thread_blocked, id=21584, stack(0x000000e270800000,0x000000e270900000) (1024K)]
  0x00000247f6ba8cb0 JavaThread "Timer-4"                           [_thread_blocked, id=21600, stack(0x000000e270a00000,0x000000e270b00000) (1024K)]
  0x00000247f6bac7c0 JavaThread "Timer-5"                           [_thread_blocked, id=27728, stack(0x000000e26e700000,0x000000e26e800000) (1024K)]
  0x00000247f6bafc40 JavaThread "Timer-6"                           [_thread_blocked, id=23652, stack(0x000000e270100000,0x000000e270200000) (1024K)]
  0x00000247f6bace50 JavaThread "Timer-7"                           [_thread_blocked, id=7200, stack(0x000000e271b00000,0x000000e271c00000) (1024K)]
  0x00000247f76f1480 JavaThread "Worker-8: Initialize workspace"        [_thread_blocked, id=4172, stack(0x000000e271700000,0x000000e271800000) (1024K)]
  0x00000247f6f37a40 JavaThread "Worker-10: Initialize workspace"        [_thread_blocked, id=9652, stack(0x000000e271d00000,0x000000e271e00000) (1024K)]
  0x00000247f76f1b10 JavaThread "Timer-8"                           [_thread_blocked, id=19696, stack(0x000000e271f00000,0x000000e272000000) (1024K)]
  0x00000247f76f21a0 JavaThread "Timer-9"                           [_thread_blocked, id=7140, stack(0x000000e272000000,0x000000e272100000) (1024K)]
  0x00000247f76f2830 JavaThread "Timer-10"                          [_thread_blocked, id=24180, stack(0x000000e272100000,0x000000e272200000) (1024K)]
  0x00000247f76ef3b0 JavaThread "Timer-11"                          [_thread_blocked, id=29236, stack(0x000000e272200000,0x000000e272300000) (1024K)]
  0x00000247f76efa40 JavaThread "Timer-12"                          [_thread_blocked, id=27524, stack(0x000000e272300000,0x000000e272400000) (1024K)]
  0x00000247f63cdd70 JavaThread "Timer-13"                          [_thread_blocked, id=8520, stack(0x000000e271800000,0x000000e271900000) (1024K)]
  0x00000247f6badb70 JavaThread "Timer-14"                          [_thread_blocked, id=23044, stack(0x000000e271c00000,0x000000e271d00000) (1024K)]
  0x00000247f76f0df0 JavaThread "Timer-15"                          [_thread_blocked, id=26608, stack(0x000000e272500000,0x000000e272600000) (1024K)]
  0x00000247f63cd050 JavaThread "Worker-13: Initialize workspace"        [_thread_blocked, id=27620, stack(0x000000e272800000,0x000000e272900000) (1024K)]
  0x00000247fbeb4aa0 JavaThread "Timer-16"                          [_thread_blocked, id=25688, stack(0x000000e272900000,0x000000e272a00000) (1024K)]
  0x00000247fbeb64e0 JavaThread "Timer-17"                          [_thread_blocked, id=28828, stack(0x000000e272a00000,0x000000e272b00000) (1024K)]
  0x00000247fbeb4410 JavaThread "Timer-18"                          [_thread_blocked, id=27632, stack(0x000000e272b00000,0x000000e272c00000) (1024K)]
  0x00000247fbeb5130 JavaThread "Timer-19"                          [_thread_blocked, id=26036, stack(0x000000e272c00000,0x000000e272d00000) (1024K)]
  0x00000247fbeb57c0 JavaThread "Timer-20"                          [_thread_blocked, id=11796, stack(0x000000e272d00000,0x000000e272e00000) (1024K)]
  0x00000247fbeb3d80 JavaThread "Timer-21"                          [_thread_blocked, id=27856, stack(0x000000e272e00000,0x000000e272f00000) (1024K)]
  0x00000247fbeb5e50 JavaThread "Timer-22"                          [_thread_blocked, id=27548, stack(0x000000e272f00000,0x000000e273000000) (1024K)]
  0x00000247fbeb3060 JavaThread "Timer-23"                          [_thread_blocked, id=23304, stack(0x000000e273000000,0x000000e273100000) (1024K)]
  0x00000247fbeb7890 JavaThread "Timer-24"                          [_thread_blocked, id=27044, stack(0x000000e273900000,0x000000e273a00000) (1024K)]
  0x00000247f6f3b550 JavaThread "Timer-25"                          [_thread_blocked, id=27264, stack(0x000000e273a00000,0x000000e273b00000) (1024K)]
  0x00000247fc7a9030 JavaThread "Timer-26"                          [_thread_blocked, id=26424, stack(0x000000e273b00000,0x000000e273c00000) (1024K)]
  0x00000247fc7a7c80 JavaThread "Timer-27"                          [_thread_blocked, id=23788, stack(0x000000e273c00000,0x000000e273d00000) (1024K)]
  0x00000247fc7a8310 JavaThread "Timer-28"                          [_thread_blocked, id=28548, stack(0x000000e273d00000,0x000000e273e00000) (1024K)]
  0x00000247fc7aaa70 JavaThread "Timer-29"                          [_thread_blocked, id=13340, stack(0x000000e270b00000,0x000000e270c00000) (1024K)]
  0x00000247fc7a96c0 JavaThread "Timer-30"                          [_thread_blocked, id=24572, stack(0x000000e271e00000,0x000000e271f00000) (1024K)]
  0x00000247fc7aa3e0 JavaThread "Timer-31"                          [_thread_blocked, id=23752, stack(0x000000e273f00000,0x000000e274000000) (1024K)]
  0x00000247fc7a89a0 JavaThread "Worker-15: Initialize workspace"        [_thread_blocked, id=6776, stack(0x000000e26fe00000,0x000000e26ff00000) (1024K)]
  0x00000247f6bad4e0 JavaThread "Timer-32"                          [_thread_blocked, id=3156, stack(0x000000e270900000,0x000000e270a00000) (1024K)]
  0x00000247f6baef20 JavaThread "Timer-33"                          [_thread_blocked, id=17124, stack(0x000000e273800000,0x000000e273900000) (1024K)]
  0x00000247fbeb36f0 JavaThread "Timer-34"                          [_thread_blocked, id=22812, stack(0x000000e273e00000,0x000000e273f00000) (1024K)]
  0x00000247fbeba680 JavaThread "Timer-35"                          [_thread_blocked, id=26900, stack(0x000000e274000000,0x000000e274100000) (1024K)]
  0x00000247fbeb85b0 JavaThread "Timer-36"                          [_thread_blocked, id=9776, stack(0x000000e274100000,0x000000e274200000) (1024K)]
  0x00000247f6f352e0 JavaThread "Timer-37"                          [_thread_blocked, id=22124, stack(0x000000e272400000,0x000000e272500000) (1024K)]
  0x00000247f6f345c0 JavaThread "Timer-38"                          [_thread_blocked, id=6440, stack(0x000000e273700000,0x000000e273800000) (1024K)]
  0x00000247fc7a9d50 JavaThread "Timer-39"                          [_thread_blocked, id=2012, stack(0x000000e274400000,0x000000e274500000) (1024K)]
  0x00000247fbeb7f20 JavaThread "Timer-40"                          [_thread_blocked, id=27184, stack(0x000000e274500000,0x000000e274600000) (1024K)]
  0x00000247f72452e0 JavaThread "Java indexing"              daemon [_thread_blocked, id=3396, stack(0x000000e274700000,0x000000e274800000) (1024K)]
  0x00000247f7244c50 JavaThread "Timer-41"                          [_thread_blocked, id=29320, stack(0x000000e274300000,0x000000e274400000) (1024K)]
  0x00000247f7245970 JavaThread "Timer-42"                          [_thread_blocked, id=22852, stack(0x000000e274600000,0x000000e274700000) (1024K)]
  0x00000247f7246000 JavaThread "Timer-43"                          [_thread_blocked, id=25984, stack(0x000000e274900000,0x000000e274a00000) (1024K)]
  0x00000247f7242b80 JavaThread "Timer-44"                          [_thread_blocked, id=20364, stack(0x000000e274a00000,0x000000e274b00000) (1024K)]
  0x00000247f72438a0 JavaThread "Timer-45"                          [_thread_blocked, id=12244, stack(0x000000e274b00000,0x000000e274c00000) (1024K)]
  0x00000247f7246690 JavaThread "Timer-46"                          [_thread_blocked, id=22184, stack(0x000000e274c00000,0x000000e274d00000) (1024K)]
  0x00000247f7243f30 JavaThread "Timer-47"                          [_thread_blocked, id=15772, stack(0x000000e274d00000,0x000000e274e00000) (1024K)]
  0x00000247f7246d20 JavaThread "Timer-48"                          [_thread_blocked, id=24792, stack(0x000000e274e00000,0x000000e274f00000) (1024K)]
  0x00000247f72473b0 JavaThread "Timer-49"                          [_thread_blocked, id=28036, stack(0x000000e274f00000,0x000000e275000000) (1024K)]
  0x00000247f7249480 JavaThread "Timer-50"                          [_thread_blocked, id=12656, stack(0x000000e275000000,0x000000e275100000) (1024K)]
  0x00000247f72480d0 JavaThread "Timer-51"                          [_thread_blocked, id=2552, stack(0x000000e275200000,0x000000e275300000) (1024K)]
  0x00000247f7247a40 JavaThread "Timer-52"                          [_thread_blocked, id=20368, stack(0x000000e275300000,0x000000e275400000) (1024K)]
  0x00000247f7248760 JavaThread "Timer-53"                          [_thread_blocked, id=18680, stack(0x000000e274800000,0x000000e274900000) (1024K)]
  0x00000247fc7a75f0 JavaThread "Timer-54"                          [_thread_blocked, id=23628, stack(0x000000e275400000,0x000000e275500000) (1024K)]
  0x00000247fd885e60 JavaThread "Timer-55"                          [_thread_blocked, id=28824, stack(0x000000e275600000,0x000000e275700000) (1024K)]
  0x00000247fd883070 JavaThread "Timer-56"                          [_thread_blocked, id=28472, stack(0x000000e275700000,0x000000e275800000) (1024K)]
  0x00000247fd886b80 JavaThread "Timer-57"                          [_thread_blocked, id=10764, stack(0x000000e275800000,0x000000e275900000) (1024K)]
  0x00000247fd885140 JavaThread "Timer-58"                          [_thread_blocked, id=29880, stack(0x000000e275900000,0x000000e275a00000) (1024K)]
  0x00000247fd887210 JavaThread "Timer-59"                          [_thread_blocked, id=23208, stack(0x000000e275c00000,0x000000e275d00000) (1024K)]
  0x00000247fd8878a0 JavaThread "Timer-60"                          [_thread_blocked, id=27092, stack(0x000000e275d00000,0x000000e275e00000) (1024K)]
  0x00000247fd884ab0 JavaThread "Timer-61"                          [_thread_blocked, id=27204, stack(0x000000e275a00000,0x000000e275b00000) (1024K)]
  0x00000247fd883700 JavaThread "Timer-62"                          [_thread_blocked, id=9524, stack(0x000000e275b00000,0x000000e275c00000) (1024K)]
  0x00000247fd8885c0 JavaThread "Timer-63"                          [_thread_blocked, id=23040, stack(0x000000e275e00000,0x000000e275f00000) (1024K)]
  0x00000247fd88a000 JavaThread "Timer-64"                          [_thread_blocked, id=27272, stack(0x000000e276300000,0x000000e276400000) (1024K)]
  0x00000247950aa290 JavaThread "Timer-65"                          [_thread_blocked, id=26136, stack(0x000000e276600000,0x000000e276700000) (1024K)]
  0x00000247950ad710 JavaThread "Timer-66"                          [_thread_blocked, id=11360, stack(0x000000e276a00000,0x000000e276b00000) (1024K)]
  0x00000247950ae430 JavaThread "Timer-67"                          [_thread_blocked, id=9052, stack(0x000000e277100000,0x000000e277200000) (1024K)]
  0x00000247950aafb0 JavaThread "Timer-68"                          [_thread_blocked, id=23340, stack(0x000000e277300000,0x000000e277400000) (1024K)]
  0x00000247950ab640 JavaThread "Timer-69"                          [_thread_blocked, id=9680, stack(0x000000e276500000,0x000000e276600000) (1024K)]
  0x00000247950afe70 JavaThread "Timer-70"                          [_thread_blocked, id=13628, stack(0x000000e276b00000,0x000000e276c00000) (1024K)]
  0x00000247950aeac0 JavaThread "Worker-32: Initialize workspace"        [_thread_blocked, id=25792, stack(0x000000e276c00000,0x000000e276d00000) (1024K)]
  0x00000247950af150 JavaThread "Timer-71"                          [_thread_blocked, id=2856, stack(0x000000e276d00000,0x000000e276e00000) (1024K)]
  0x00000247950ac9f0 JavaThread "Timer-72"                          [_thread_blocked, id=18900, stack(0x000000e276f00000,0x000000e277000000) (1024K)]
  0x00000247950b0500 JavaThread "Timer-73"                          [_thread_blocked, id=17672, stack(0x000000e277000000,0x000000e277100000) (1024K)]
  0x00000247950b18b0 JavaThread "Timer-74"                          [_thread_blocked, id=30588, stack(0x000000e277200000,0x000000e277300000) (1024K)]
  0x00000247950b1220 JavaThread "Timer-75"                          [_thread_blocked, id=19060, stack(0x000000e277500000,0x000000e277600000) (1024K)]
  0x00000247fd88a690 JavaThread "Timer-76"                          [_thread_blocked, id=6420, stack(0x000000e277600000,0x000000e277700000) (1024K)]
  0x00000247fe208f80 JavaThread "Timer-77"                          [_thread_blocked, id=17332, stack(0x000000e272700000,0x000000e272800000) (1024K)]
  0x00000247fe206820 JavaThread "Timer-78"                          [_thread_blocked, id=21464, stack(0x000000e277700000,0x000000e277800000) (1024K)]
  0x00000247fe208260 JavaThread "Timer-79"                          [_thread_blocked, id=19524, stack(0x000000e277a00000,0x000000e277b00000) (1024K)]
  0x00000247fbeb92d0 JavaThread "Timer-80"                          [_thread_blocked, id=31616, stack(0x000000e276800000,0x000000e276900000) (1024K)]
  0x00000247ffa56d80 JavaThread "Timer-81"                          [_thread_blocked, id=27684, stack(0x000000e278000000,0x000000e278100000) (1024K)]
  0x00000247ffa58e50 JavaThread "Timer-82"                          [_thread_blocked, id=29432, stack(0x000000e278200000,0x000000e278300000) (1024K)]
  0x00000247ffa58130 JavaThread "Timer-83"                          [_thread_blocked, id=30984, stack(0x000000e276700000,0x000000e276800000) (1024K)]
  0x00000247ffa56060 JavaThread "Timer-84"                          [_thread_blocked, id=9736, stack(0x000000e277f00000,0x000000e278000000) (1024K)]
  0x00000247ffa566f0 JavaThread "Timer-85"                          [_thread_blocked, id=5488, stack(0x000000e278300000,0x000000e278400000) (1024K)]
  0x00000247ffa5bc40 JavaThread "Timer-86"                          [_thread_blocked, id=23112, stack(0x000000e278400000,0x000000e278500000) (1024K)]
  0x00000247ffa587c0 JavaThread "Timer-87"                          [_thread_blocked, id=24900, stack(0x000000e273200000,0x000000e273300000) (1024K)]
  0x00000247ffc482f0 JavaThread "Timer-88"                          [_thread_blocked, id=31148, stack(0x000000e279800000,0x000000e279900000) (1024K)]
  0x00000247ffc4be00 JavaThread "Timer-89"                          [_thread_blocked, id=20708, stack(0x000000e279a00000,0x000000e279b00000) (1024K)]
  0x00000247ffc4aa50 JavaThread "Timer-90"                          [_thread_blocked, id=24332, stack(0x000000e279b00000,0x000000e279c00000) (1024K)]
  0x00000247ffc4c490 JavaThread "Timer-91"                          [_thread_blocked, id=17420, stack(0x000000e279c00000,0x000000e279d00000) (1024K)]
  0x00000247ffc49010 JavaThread "Timer-92"                          [_thread_blocked, id=15860, stack(0x000000e279d00000,0x000000e279e00000) (1024K)]
  0x00000247ffc496a0 JavaThread "PatternSearchJob-worker-3"  daemon [_thread_blocked, id=32344, stack(0x000000e278d00000,0x000000e278e00000) (1024K)]
  0x00000247ffc4a3c0 JavaThread "Timer-93"                          [_thread_blocked, id=12772, stack(0x000000e279200000,0x000000e279300000) (1024K)]
  0x00000247ffc50630 JavaThread "Timer-94"                          [_thread_blocked, id=32500, stack(0x000000e279500000,0x000000e279600000) (1024K)]
  0x00000247ffc4ebf0 JavaThread "Timer-95"                          [_thread_blocked, id=32372, stack(0x000000e279400000,0x000000e279500000) (1024K)]
  0x00000247ffc4e560 JavaThread "Timer-96"                          [_thread_blocked, id=10152, stack(0x000000e275100000,0x000000e275200000) (1024K)]
  0x00000247ffc4b0e0 JavaThread "Timer-97"                          [_thread_blocked, id=19836, stack(0x000000e276100000,0x000000e276200000) (1024K)]
  0x00000247ffc4f910 JavaThread "Timer-98"                          [_thread_blocked, id=31788, stack(0x000000e279300000,0x000000e279400000) (1024K)]
  0x00000247ffc4ffa0 JavaThread "Timer-99"                          [_thread_blocked, id=21432, stack(0x000000e279700000,0x000000e279800000) (1024K)]
  0x00000247ffc52070 JavaThread "Timer-100"                         [_thread_blocked, id=29428, stack(0x000000e279900000,0x000000e279a00000) (1024K)]
  0x00000247ffc51350 JavaThread "Timer-101"                         [_thread_blocked, id=24216, stack(0x000000e277900000,0x000000e277a00000) (1024K)]
  0x00000247ffc519e0 JavaThread "Timer-102"                         [_thread_blocked, id=10888, stack(0x000000e277b00000,0x000000e277c00000) (1024K)]
  0x00000247ffc54e60 JavaThread "Timer-103"                         [_thread_blocked, id=22196, stack(0x000000e277d00000,0x000000e277e00000) (1024K)]
  0x00000247ffc4d840 JavaThread "Worker-40: Initialize workspace"        [_thread_blocked, id=5424, stack(0x000000e277800000,0x000000e277900000) (1024K)]
  0x00000247ffc4ded0 JavaThread "Worker-41: Initialize workspace"        [_thread_blocked, id=23316, stack(0x000000e273400000,0x000000e273500000) (1024K)]
  0x00000247ffc53420 JavaThread "Timer-104"                         [_thread_blocked, id=32088, stack(0x000000e278600000,0x000000e278700000) (1024K)]
  0x00000247ffc53ab0 JavaThread "Timer-105"                         [_thread_blocked, id=19584, stack(0x000000e278800000,0x000000e278900000) (1024K)]
  0x00000247ffc54140 JavaThread "Timer-106"                         [_thread_blocked, id=33488, stack(0x000000e278900000,0x000000e278a00000) (1024K)]
  0x00000247ffc52d90 JavaThread "Timer-107"                         [_thread_blocked, id=26152, stack(0x000000e278b00000,0x000000e278c00000) (1024K)]
  0x00000247ffc568a0 JavaThread "Timer-108"                         [_thread_blocked, id=22580, stack(0x000000e279100000,0x000000e279200000) (1024K)]
  0x00000247ffc575c0 JavaThread "Timer-109"                         [_thread_blocked, id=24208, stack(0x000000e278500000,0x000000e278600000) (1024K)]
  0x00000247ffc56f30 JavaThread "Timer-110"                         [_thread_blocked, id=23712, stack(0x000000e279000000,0x000000e279100000) (1024K)]
  0x00000247ffc547d0 JavaThread "Timer-111"                         [_thread_blocked, id=32012, stack(0x000000e279600000,0x000000e279700000) (1024K)]
  0x00000247ffa5c2d0 JavaThread "Timer-112"                         [_thread_blocked, id=26168, stack(0x000000e277e00000,0x000000e277f00000) (1024K)]
  0x00000247ffa5cff0 JavaThread "Timer-113"                         [_thread_blocked, id=27652, stack(0x000000e278a00000,0x000000e278b00000) (1024K)]
  0x00000247ffa59b70 JavaThread "Timer-114"                         [_thread_blocked, id=29816, stack(0x000000e279e00000,0x000000e279f00000) (1024K)]
  0x00000247ffa5d680 JavaThread "Timer-115"                         [_thread_blocked, id=16084, stack(0x000000e279f00000,0x000000e27a000000) (1024K)]
  0x00000247ffa5a200 JavaThread "Timer-116"                         [_thread_blocked, id=33704, stack(0x000000e27a100000,0x000000e27a200000) (1024K)]
  0x00000247950ac360 JavaThread "Timer-117"                         [_thread_blocked, id=20612, stack(0x000000e276e00000,0x000000e276f00000) (1024K)]
  0x00000247950adda0 JavaThread "Timer-118"                         [_thread_blocked, id=32844, stack(0x000000e277400000,0x000000e277500000) (1024K)]
  0x00000247950af7e0 JavaThread "Timer-119"                         [_thread_blocked, id=31200, stack(0x000000e27a000000,0x000000e27a100000) (1024K)]
  0x00000247ffc50cc0 JavaThread "Timer-120"                         [_thread_blocked, id=11404, stack(0x000000e27a200000,0x000000e27a300000) (1024K)]
  0x00000247ffc554f0 JavaThread "Timer-121"                         [_thread_blocked, id=31608, stack(0x000000e27a300000,0x000000e27a400000) (1024K)]
  0x00000247ffc56210 JavaThread "Timer-122"                         [_thread_blocked, id=31420, stack(0x000000e27a400000,0x000000e27a500000) (1024K)]
  0x00000247fe209610 JavaThread "Timer-123"                         [_thread_blocked, id=12584, stack(0x000000e27a500000,0x000000e27a600000) (1024K)]
  0x00000247fe206190 JavaThread "Timer-124"                         [_thread_blocked, id=16680, stack(0x000000e27a700000,0x000000e27a800000) (1024K)]
  0x00000247fd884420 JavaThread "Timer-125"                         [_thread_blocked, id=32328, stack(0x000000e276400000,0x000000e276500000) (1024K)]
  0x00000247fd888c50 JavaThread "Timer-126"                         [_thread_blocked, id=4604, stack(0x000000e27a600000,0x000000e27a700000) (1024K)]
  0x00000247fd889970 JavaThread "Timer-127"                         [_thread_blocked, id=32428, stack(0x000000e27a800000,0x000000e27a900000) (1024K)]
  0x00000247ffa5af20 JavaThread "Timer-128"                         [_thread_blocked, id=16932, stack(0x000000e277c00000,0x000000e277d00000) (1024K)]
  0x00000247ffa57aa0 JavaThread "Timer-129"                         [_thread_blocked, id=31500, stack(0x000000e27a900000,0x000000e27aa00000) (1024K)]
  0x00000247ffa5b5b0 JavaThread "Timer-130"                         [_thread_blocked, id=23880, stack(0x000000e27aa00000,0x000000e27ab00000) (1024K)]
  0x00000247fe206eb0 JavaThread "Timer-131"                         [_thread_blocked, id=19444, stack(0x000000e27ab00000,0x000000e27ac00000) (1024K)]
  0x00000247fe207540 JavaThread "Timer-132"                         [_thread_blocked, id=21652, stack(0x000000e27ad00000,0x000000e27ae00000) (1024K)]
  0x00000247ffc4b770 JavaThread "Timer-133"                         [_thread_blocked, id=28584, stack(0x000000e27ac00000,0x000000e27ad00000) (1024K)]
  0x00000247ffc48980 JavaThread "Timer-134"                         [_thread_blocked, id=33224, stack(0x000000e27af00000,0x000000e27b000000) (1024K)]
  0x00000247ffc4f280 JavaThread "Timer-135"                         [_thread_blocked, id=30872, stack(0x000000e27ae00000,0x000000e27af00000) (1024K)]
  0x00000247950abcd0 JavaThread "Timer-136"                         [_thread_blocked, id=28368, stack(0x000000e27b000000,0x000000e27b100000) (1024K)]
  0x00000247950b0b90 JavaThread "Timer-137"                         [_thread_blocked, id=28524, stack(0x000000e27b100000,0x000000e27b200000) (1024K)]
  0x00000247f6ba8620 JavaThread "Timer-138"                         [_thread_blocked, id=30948, stack(0x000000e27b200000,0x000000e27b300000) (1024K)]
  0x00000247f6ba9340 JavaThread "Timer-139"                         [_thread_blocked, id=30232, stack(0x000000e27b300000,0x000000e27b400000) (1024K)]
  0x00000247f7243210 JavaThread "Timer-140"                         [_thread_blocked, id=22932, stack(0x000000e27b500000,0x000000e27b600000) (1024K)]
  0x00000247fd8864f0 JavaThread "Timer-141"                         [_thread_blocked, id=32716, stack(0x000000e27b400000,0x000000e27b500000) (1024K)]
  0x00000247f7249b10 JavaThread "Timer-142"                         [_thread_blocked, id=31024, stack(0x000000e27b600000,0x000000e27b700000) (1024K)]
  0x00000247fe207bd0 JavaThread "Timer-143"                         [_thread_blocked, id=15648, stack(0x000000e27b700000,0x000000e27b800000) (1024K)]
  0x00000247ffa594e0 JavaThread "Worker-42: Initialize workspace"        [_thread_blocked, id=23404, stack(0x000000e276200000,0x000000e276300000) (1024K)]
  0x00000248069bdbe0 JavaThread "Timer-144"                         [_thread_blocked, id=31800, stack(0x000000e27b900000,0x000000e27ba00000) (1024K)]
  0x00000248069bc1a0 JavaThread "Timer-145"                         [_thread_blocked, id=31068, stack(0x000000e27ba00000,0x000000e27bb00000) (1024K)]
  0x00000248069bb480 JavaThread "Timer-146"                         [_thread_blocked, id=32288, stack(0x000000e27bb00000,0x000000e27bc00000) (1024K)]
  0x00000248069be900 JavaThread "Timer-147"                         [_thread_blocked, id=32952, stack(0x000000e27bc00000,0x000000e27bd00000) (1024K)]
  0x00000248069bd550 JavaThread "Timer-148"                         [_thread_blocked, id=33644, stack(0x000000e27be00000,0x000000e27bf00000) (1024K)]
  0x00000248069bfcb0 JavaThread "Worker-43: Initialize workspace"        [_thread_blocked, id=31556, stack(0x000000e27c000000,0x000000e27c100000) (1024K)]
  0x00000248069bc830 JavaThread "Timer-149"                         [_thread_blocked, id=31276, stack(0x000000e27bd00000,0x000000e27be00000) (1024K)]
  0x00000248069bbb10 JavaThread "Timer-150"                         [_thread_blocked, id=14664, stack(0x000000e27c100000,0x000000e27c200000) (1024K)]
  0x00000248069be270 JavaThread "Timer-151"                         [_thread_blocked, id=32712, stack(0x000000e27bf00000,0x000000e27c000000) (1024K)]
  0x00000248069bf620 JavaThread "Timer-152"                         [_thread_blocked, id=6236, stack(0x000000e27c200000,0x000000e27c300000) (1024K)]
  0x00000248069c0340 JavaThread "Timer-153"                         [_thread_blocked, id=2364, stack(0x000000e27c300000,0x000000e27c400000) (1024K)]
  0x00000248069bcec0 JavaThread "Timer-154"                         [_thread_blocked, id=22260, stack(0x000000e27c400000,0x000000e27c500000) (1024K)]
  0x00000248069c2410 JavaThread "Timer-155"                         [_thread_blocked, id=27748, stack(0x000000e27c500000,0x000000e27c600000) (1024K)]
  0x00000248069c09d0 JavaThread "Timer-156"                         [_thread_blocked, id=29640, stack(0x000000e27c600000,0x000000e27c700000) (1024K)]
  0x00000248069c2aa0 JavaThread "Timer-157"                         [_thread_blocked, id=28016, stack(0x000000e27c700000,0x000000e27c800000) (1024K)]
  0x00000248069c37c0 JavaThread "Timer-158"                         [_thread_blocked, id=32928, stack(0x000000e27c900000,0x000000e27ca00000) (1024K)]
  0x00000248069c3e50 JavaThread "Timer-159"                         [_thread_blocked, id=21004, stack(0x000000e27c800000,0x000000e27c900000) (1024K)]
  0x00000248069c1d80 JavaThread "Worker-44: Initialize workspace"        [_thread_blocked, id=29964, stack(0x000000e27cc00000,0x000000e27cd00000) (1024K)]
  0x00000248069c3130 JavaThread "Timer-160"                         [_thread_blocked, id=27556, stack(0x000000e27ca00000,0x000000e27cb00000) (1024K)]
  0x00000248069c44e0 JavaThread "Timer-161"                         [_thread_blocked, id=14072, stack(0x000000e27cb00000,0x000000e27cc00000) (1024K)]
  0x00000248069c1060 JavaThread "Timer-162"                         [_thread_blocked, id=15712, stack(0x000000e27cd00000,0x000000e27ce00000) (1024K)]
  0x00000248069c4b70 JavaThread "Timer-163"                         [_thread_blocked, id=27164, stack(0x000000e27ce00000,0x000000e27cf00000) (1024K)]
  0x00000248069c16f0 JavaThread "Timer-164"                         [_thread_blocked, id=9700, stack(0x000000e27cf00000,0x000000e27d000000) (1024K)]
  0x00000248069c5200 JavaThread "Timer-165"                         [_thread_blocked, id=29232, stack(0x000000e27d000000,0x000000e27d100000) (1024K)]
  0x00000248069c7960 JavaThread "Timer-166"                         [_thread_blocked, id=28384, stack(0x000000e27d100000,0x000000e27d200000) (1024K)]
  0x00000248069c8680 JavaThread "Timer-167"                         [_thread_blocked, id=8512, stack(0x000000e27d200000,0x000000e27d300000) (1024K)]
  0x00000248069c65b0 JavaThread "Timer-168"                         [_thread_blocked, id=18760, stack(0x000000e27d300000,0x000000e27d400000) (1024K)]
  0x00000248069c8d10 JavaThread "Timer-169"                         [_thread_blocked, id=23240, stack(0x000000e27d400000,0x000000e27d500000) (1024K)]
  0x00000248069c6c40 JavaThread "Timer-170"                         [_thread_blocked, id=30152, stack(0x000000e27d500000,0x000000e27d600000) (1024K)]
  0x00000248069c5890 JavaThread "Timer-171"                         [_thread_blocked, id=19148, stack(0x000000e27d600000,0x000000e27d700000) (1024K)]
  0x00000248069c72d0 JavaThread "Timer-172"                         [_thread_blocked, id=11504, stack(0x000000e27d800000,0x000000e27d900000) (1024K)]
  0x00000248069c5f20 JavaThread "Worker-45: Initialize workspace"        [_thread_blocked, id=12560, stack(0x000000e27da00000,0x000000e27db00000) (1024K)]
  0x00000248069c93a0 JavaThread "Timer-173"                         [_thread_blocked, id=31284, stack(0x000000e27d700000,0x000000e27d800000) (1024K)]
  0x00000248069c9a30 JavaThread "Timer-174"                         [_thread_blocked, id=25460, stack(0x000000e27d900000,0x000000e27da00000) (1024K)]
  0x00000248069ca0c0 JavaThread "Timer-175"                         [_thread_blocked, id=23364, stack(0x000000e27db00000,0x000000e27dc00000) (1024K)]
  0x00000248069ca750 JavaThread "Timer-176"                         [_thread_blocked, id=13484, stack(0x000000e27dc00000,0x000000e27dd00000) (1024K)]
  0x00000248069c7ff0 JavaThread "Timer-177"                         [_thread_blocked, id=24936, stack(0x000000e27dd00000,0x000000e27de00000) (1024K)]
  0x00000247950aa920 JavaThread "Timer-178"                         [_thread_blocked, id=12872, stack(0x000000e27de00000,0x000000e27df00000) (1024K)]
  0x00000248069b4eb0 JavaThread "Timer-179"                         [_thread_blocked, id=15904, stack(0x000000e27df00000,0x000000e27e000000) (1024K)]
  0x00000248069b3b00 JavaThread "Timer-180"                         [_thread_blocked, id=25644, stack(0x000000e27e100000,0x000000e27e200000) (1024K)]
  0x00000248069b5bd0 JavaThread "Worker-46: Initialize workspace"        [_thread_blocked, id=26500, stack(0x000000e278f00000,0x000000e279000000) (1024K)]
  0x00000248069b4820 JavaThread "Timer-181"                         [_thread_blocked, id=31856, stack(0x000000e27e000000,0x000000e27e100000) (1024K)]
  0x00000248069b3470 JavaThread "Timer-182"                         [_thread_blocked, id=27844, stack(0x000000e27e200000,0x000000e27e300000) (1024K)]
  0x00000248069b6260 JavaThread "Timer-183"                         [_thread_blocked, id=32384, stack(0x000000e27e300000,0x000000e27e400000) (1024K)]
  0x00000248069b6f80 JavaThread "Timer-184"                         [_thread_blocked, id=33528, stack(0x000000e27e600000,0x000000e27e700000) (1024K)]
  0x00000248069b68f0 JavaThread "Timer-185"                         [_thread_blocked, id=31236, stack(0x000000e27e700000,0x000000e27e800000) (1024K)]
  0x00000248069b7610 JavaThread "Timer-186"                         [_thread_blocked, id=25780, stack(0x000000e27e800000,0x000000e27e900000) (1024K)]
  0x00000248069b7ca0 JavaThread "Timer-187"                         [_thread_blocked, id=32588, stack(0x000000e27e900000,0x000000e27ea00000) (1024K)]
  0x00000248069b89c0 JavaThread "Timer-188"                         [_thread_blocked, id=22048, stack(0x000000e27eb00000,0x000000e27ec00000) (1024K)]
  0x00000248069b9050 JavaThread "Worker-47: Initialize workspace"        [_thread_blocked, id=28176, stack(0x000000e27ed00000,0x000000e27ee00000) (1024K)]
  0x00000248069b5540 JavaThread "Timer-189"                         [_thread_blocked, id=5168, stack(0x000000e27ea00000,0x000000e27eb00000) (1024K)]
  0x00000248069b96e0 JavaThread "Timer-190"                         [_thread_blocked, id=28328, stack(0x000000e27ec00000,0x000000e27ed00000) (1024K)]
  0x00000248069b8330 JavaThread "Timer-191"                         [_thread_blocked, id=27848, stack(0x000000e27ee00000,0x000000e27ef00000) (1024K)]
  0x00000248069b9d70 JavaThread "Timer-192"                         [_thread_blocked, id=25580, stack(0x000000e27ef00000,0x000000e27f000000) (1024K)]
  0x00000248069ba400 JavaThread "Timer-193"                         [_thread_blocked, id=21944, stack(0x000000e27f000000,0x000000e27f100000) (1024K)]
  0x00000248069baa90 JavaThread "Timer-194"                         [_thread_blocked, id=15524, stack(0x000000e27f100000,0x000000e27f200000) (1024K)]
  0x00000247ffc4d1b0 JavaThread "Timer-195"                         [_thread_blocked, id=31272, stack(0x000000e27f200000,0x000000e27f300000) (1024K)]
  0x00000248069bef90 JavaThread "Timer-196"                         [_thread_blocked, id=20064, stack(0x000000e27f400000,0x000000e27f500000) (1024K)]
  0x0000024807168d10 JavaThread "Worker-48: Initialize workspace"        [_thread_blocked, id=29948, stack(0x000000e27f600000,0x000000e27f700000) (1024K)]
  0x0000024807169a30 JavaThread "Timer-197"                         [_thread_blocked, id=30996, stack(0x000000e27f300000,0x000000e27f400000) (1024K)]
  0x00000248071665b0 JavaThread "Timer-198"                         [_thread_blocked, id=21468, stack(0x000000e27f500000,0x000000e27f600000) (1024K)]
  0x000002480716a0c0 JavaThread "Timer-199"                         [_thread_blocked, id=24944, stack(0x000000e27f700000,0x000000e27f800000) (1024K)]
  0x0000024807167960 JavaThread "Timer-200"                         [_thread_blocked, id=29772, stack(0x000000e27f800000,0x000000e27f900000) (1024K)]
  0x0000024807166c40 JavaThread "Timer-201"                         [_thread_blocked, id=11500, stack(0x000000e27f900000,0x000000e27fa00000) (1024K)]
  0x00000248071693a0 JavaThread "Timer-202"                         [_thread_blocked, id=21784, stack(0x000000e27fa00000,0x000000e27fb00000) (1024K)]
  0x000002480716ade0 JavaThread "Timer-203"                         [_thread_blocked, id=30784, stack(0x000000e27fb00000,0x000000e27fc00000) (1024K)]
  0x000002480716b470 JavaThread "Timer-204"                         [_thread_blocked, id=25652, stack(0x000000e27fd00000,0x000000e27fe00000) (1024K)]
  0x0000024807167ff0 JavaThread "Worker-49: Initialize workspace"        [_thread_blocked, id=32164, stack(0x000000e27ff00000,0x000000e280000000) (1024K)]
  0x000002480716a750 JavaThread "Timer-205"                         [_thread_blocked, id=3252, stack(0x000000e200000000,0x000000e200100000) (1024K)]
  0x000002480716bb00 JavaThread "Timer-206"                         [_thread_blocked, id=19592, stack(0x000000e200200000,0x000000e200300000) (1024K)]
  0x0000024807168680 JavaThread "Timer-207"                         [_thread_blocked, id=8480, stack(0x000000e200100000,0x000000e200200000) (1024K)]
  0x000002480716e260 JavaThread "Timer-208"                         [_thread_blocked, id=18912, stack(0x000000e200400000,0x000000e200500000) (1024K)]
  0x000002480716e8f0 JavaThread "Timer-209"                         [_thread_blocked, id=30324, stack(0x000000e200500000,0x000000e200600000) (1024K)]
  0x000002480716ef80 JavaThread "Timer-210"                         [_thread_blocked, id=23268, stack(0x000000e200600000,0x000000e200700000) (1024K)]
  0x000002480716f610 JavaThread "Timer-211"                         [_thread_blocked, id=4452, stack(0x000000e200700000,0x000000e200800000) (1024K)]
  0x000002480716ceb0 JavaThread "Timer-212"                         [_thread_blocked, id=28128, stack(0x000000e200800000,0x000000e200900000) (1024K)]
  0x000002480716fca0 JavaThread "Worker-50: Initialize workspace"        [_thread_blocked, id=32604, stack(0x000000e200b00000,0x000000e200c00000) (1024K)]
  0x000002480716d540 JavaThread "Timer-213"                         [_thread_blocked, id=10224, stack(0x000000e200900000,0x000000e200a00000) (1024K)]
  0x000002480716c190 JavaThread "Timer-214"                         [_thread_blocked, id=31416, stack(0x000000e200c00000,0x000000e200d00000) (1024K)]
  0x000002480716c820 JavaThread "Timer-215"                         [_thread_blocked, id=31228, stack(0x000000e200a00000,0x000000e200b00000) (1024K)]
  0x0000024807171050 JavaThread "Timer-216"                         [_thread_blocked, id=17544, stack(0x000000e200d00000,0x000000e200e00000) (1024K)]
  0x0000024807170330 JavaThread "Timer-217"                         [_thread_blocked, id=14112, stack(0x000000e200e00000,0x000000e200f00000) (1024K)]
  0x00000248071709c0 JavaThread "Timer-218"                         [_thread_blocked, id=26468, stack(0x000000e200f00000,0x000000e201000000) (1024K)]
  0x000002480716dbd0 JavaThread "Timer-219"                         [_thread_blocked, id=29152, stack(0x000000e201000000,0x000000e201100000) (1024K)]
  0x00000248071744d0 JavaThread "Timer-220"                         [_thread_blocked, id=7824, stack(0x000000e201100000,0x000000e201200000) (1024K)]
  0x0000024807174b60 JavaThread "Worker-51: Initialize workspace"        [_thread_blocked, id=8828, stack(0x000000e201400000,0x000000e201500000) (1024K)]
  0x0000024807171d70 JavaThread "Timer-221"                         [_thread_blocked, id=22360, stack(0x000000e201200000,0x000000e201300000) (1024K)]
  0x00000248071716e0 JavaThread "Timer-222"                         [_thread_blocked, id=25776, stack(0x000000e201500000,0x000000e201600000) (1024K)]
  0x0000024807172400 JavaThread "Timer-223"                         [_thread_blocked, id=21932, stack(0x000000e201300000,0x000000e201400000) (1024K)]
  0x00000248071751f0 JavaThread "Timer-224"                         [_thread_blocked, id=2756, stack(0x000000e201600000,0x000000e201700000) (1024K)]
  0x0000024807175880 JavaThread "Timer-225"                         [_thread_blocked, id=27496, stack(0x000000e201700000,0x000000e201800000) (1024K)]
  0x0000024807173120 JavaThread "Timer-226"                         [_thread_blocked, id=25016, stack(0x000000e201800000,0x000000e201900000) (1024K)]
  0x0000024807175f10 JavaThread "Timer-227"                         [_thread_blocked, id=25356, stack(0x000000e201900000,0x000000e201a00000) (1024K)]
  0x0000024807173e40 JavaThread "Timer-228"                         [_thread_blocked, id=32224, stack(0x000000e201a00000,0x000000e201b00000) (1024K)]
  0x00000248071737b0 JavaThread "Worker-52: Initialize workspace"        [_thread_blocked, id=21436, stack(0x000000e201d00000,0x000000e201e00000) (1024K)]
  0x0000024807172a90 JavaThread "Timer-229"                         [_thread_blocked, id=32800, stack(0x000000e201b00000,0x000000e201c00000) (1024K)]
  0x00000248071765a0 JavaThread "Timer-230"                         [_thread_blocked, id=6680, stack(0x000000e201c00000,0x000000e201d00000) (1024K)]
  0x00000248069b4190 JavaThread "Timer-231"                         [_thread_blocked, id=26092, stack(0x000000e201e00000,0x000000e201f00000) (1024K)]
  0x00000248071a0ed0 JavaThread "Timer-232"                         [_thread_blocked, id=21536, stack(0x000000e201f00000,0x000000e202000000) (1024K)]
  0x00000248071a1560 JavaThread "Timer-233"                         [_thread_blocked, id=33272, stack(0x000000e202000000,0x000000e202100000) (1024K)]
  0x00000248071a2910 JavaThread "Timer-234"                         [_thread_blocked, id=20704, stack(0x000000e202100000,0x000000e202200000) (1024K)]
  0x000002480719f490 JavaThread "Timer-235"                         [_thread_blocked, id=32396, stack(0x000000e202200000,0x000000e202300000) (1024K)]
  0x00000248071a1bf0 JavaThread "Timer-236"                         [_thread_blocked, id=25068, stack(0x000000e202400000,0x000000e202500000) (1024K)]
  0x000002480719fb20 JavaThread "Worker-53: Initialize workspace"        [_thread_blocked, id=29356, stack(0x000000e202600000,0x000000e202700000) (1024K)]
  0x00000248071a0840 JavaThread "Timer-237"                         [_thread_blocked, id=28576, stack(0x000000e202300000,0x000000e202400000) (1024K)]
  0x00000248071a2280 JavaThread "Timer-238"                         [_thread_blocked, id=23564, stack(0x000000e202500000,0x000000e202600000) (1024K)]
  0x00000248071a2fa0 JavaThread "Timer-239"                         [_thread_blocked, id=33208, stack(0x000000e202700000,0x000000e202800000) (1024K)]
  0x00000248071a49e0 JavaThread "Worker-54: Initialize workspace"        [_thread_blocked, id=23648, stack(0x000000e202a00000,0x000000e202b00000) (1024K)]
  0x00000248071a01b0 JavaThread "Timer-240"                         [_thread_blocked, id=29064, stack(0x000000e202800000,0x000000e202900000) (1024K)]
  0x00000248071a6ab0 JavaThread "Timer-241"                         [_thread_blocked, id=31980, stack(0x000000e202900000,0x000000e202a00000) (1024K)]
  0x00000248071a5070 JavaThread "Timer-242"                         [_thread_blocked, id=32612, stack(0x000000e202b00000,0x000000e202c00000) (1024K)]
  0x00000248071a3cc0 JavaThread "Timer-243"                         [_thread_blocked, id=15564, stack(0x000000e202c00000,0x000000e202d00000) (1024K)]
  0x00000248071a5700 JavaThread "Timer-244"                         [_thread_blocked, id=23052, stack(0x000000e202e00000,0x000000e202f00000) (1024K)]
  0x00000248071a5d90 JavaThread "Timer-245"                         [_thread_blocked, id=24888, stack(0x000000e202d00000,0x000000e202e00000) (1024K)]
  0x00000248071a6420 JavaThread "Timer-246"                         [_thread_blocked, id=28748, stack(0x000000e202f00000,0x000000e203000000) (1024K)]
  0x00000248071a7140 JavaThread "Timer-247"                         [_thread_blocked, id=23676, stack(0x000000e203000000,0x000000e203100000) (1024K)]
  0x00000248071a77d0 JavaThread "Timer-248"                         [_thread_blocked, id=32780, stack(0x000000e203100000,0x000000e203200000) (1024K)]
  0x00000248071a4350 JavaThread "Timer-249"                         [_thread_blocked, id=23664, stack(0x000000e203200000,0x000000e203300000) (1024K)]
  0x00000248071aa5c0 JavaThread "Timer-250"                         [_thread_blocked, id=25980, stack(0x000000e203300000,0x000000e203400000) (1024K)]
  0x00000248071a9f30 JavaThread "Timer-251"                         [_thread_blocked, id=6652, stack(0x000000e203400000,0x000000e203500000) (1024K)]
  0x00000248071a8b80 JavaThread "Timer-252"                         [_thread_blocked, id=7212, stack(0x000000e203600000,0x000000e203700000) (1024K)]
  0x00000248071a84f0 JavaThread "Worker-55: Initialize workspace"        [_thread_blocked, id=19072, stack(0x000000e203800000,0x000000e203900000) (1024K)]
  0x00000248071a7e60 JavaThread "Timer-253"                         [_thread_blocked, id=33024, stack(0x000000e203500000,0x000000e203600000) (1024K)]
  0x00000248071ac690 JavaThread "Timer-254"                         [_thread_blocked, id=32524, stack(0x000000e203700000,0x000000e203800000) (1024K)]
  0x00000248071a98a0 JavaThread "Timer-255"                         [_thread_blocked, id=33356, stack(0x000000e203900000,0x000000e203a00000) (1024K)]
  0x00000248071ab970 JavaThread "Timer-256"                         [_thread_blocked, id=31336, stack(0x000000e203a00000,0x000000e203b00000) (1024K)]
  0x00000248071aac50 JavaThread "Timer-257"                         [_thread_blocked, id=31524, stack(0x000000e203b00000,0x000000e203c00000) (1024K)]
  0x00000248071a9210 JavaThread "Timer-258"                         [_thread_blocked, id=22188, stack(0x000000e203c00000,0x000000e203d00000) (1024K)]
  0x00000248071ae0d0 JavaThread "Timer-259"                         [_thread_blocked, id=14940, stack(0x000000e203d00000,0x000000e203e00000) (1024K)]
  0x00000248071ac000 JavaThread "Timer-260"                         [_thread_blocked, id=27380, stack(0x000000e203e00000,0x000000e203f00000) (1024K)]
  0x00000248071ad3b0 JavaThread "Worker-56: Initialize workspace"        [_thread_blocked, id=32804, stack(0x000000e204100000,0x000000e204200000) (1024K)]
  0x00000248071acd20 JavaThread "Timer-261"                         [_thread_blocked, id=30396, stack(0x000000e203f00000,0x000000e204000000) (1024K)]
  0x00000248071ada40 JavaThread "Timer-262"                         [_thread_blocked, id=33676, stack(0x000000e204000000,0x000000e204100000) (1024K)]
  0x00000248071ae760 JavaThread "Timer-263"                         [_thread_blocked, id=31764, stack(0x000000e204200000,0x000000e204300000) (1024K)]
  0x00000248071a3630 JavaThread "Timer-264"                         [_thread_blocked, id=8524, stack(0x000000e204300000,0x000000e204400000) (1024K)]
  0x0000024807ae7150 JavaThread "Timer-265"                         [_thread_blocked, id=22784, stack(0x000000e204400000,0x000000e204500000) (1024K)]
  0x0000024807ae8500 JavaThread "Timer-266"                         [_thread_blocked, id=28396, stack(0x000000e204500000,0x000000e204600000) (1024K)]
  0x0000024807ae8b90 JavaThread "Timer-267"                         [_thread_blocked, id=8308, stack(0x000000e204600000,0x000000e204700000) (1024K)]
  0x0000024807ae77e0 JavaThread "Timer-268"                         [_thread_blocked, id=18012, stack(0x000000e204800000,0x000000e204900000) (1024K)]
  0x0000024807ae9f40 JavaThread "Worker-57: Initialize workspace"        [_thread_blocked, id=23128, stack(0x000000e204a00000,0x000000e204b00000) (1024K)]
  0x0000024807aeac60 JavaThread "Timer-269"                         [_thread_blocked, id=30340, stack(0x000000e204700000,0x000000e204800000) (1024K)]
  0x0000024807aeb2f0 JavaThread "Timer-270"                         [_thread_blocked, id=16736, stack(0x000000e204900000,0x000000e204a00000) (1024K)]
  0x0000024807ae7e70 JavaThread "Timer-271"                         [_thread_blocked, id=8840, stack(0x000000e204b00000,0x000000e204c00000) (1024K)]
  0x0000024807aec6a0 JavaThread "Timer-272"                         [_thread_blocked, id=10252, stack(0x000000e204c00000,0x000000e204d00000) (1024K)]
  0x0000024807aec010 JavaThread "Timer-273"                         [_thread_blocked, id=8804, stack(0x000000e204d00000,0x000000e204e00000) (1024K)]
  0x0000024807aea5d0 JavaThread "Timer-274"                         [_thread_blocked, id=22140, stack(0x000000e204e00000,0x000000e204f00000) (1024K)]
  0x0000024807ae9220 JavaThread "Timer-275"                         [_thread_blocked, id=33700, stack(0x000000e204f00000,0x000000e205000000) (1024K)]
  0x0000024807aecd30 JavaThread "Timer-276"                         [_thread_blocked, id=2044, stack(0x000000e205100000,0x000000e205200000) (1024K)]
  0x0000024807af01b0 JavaThread "Worker-58: Initialize workspace"        [_thread_blocked, id=33316, stack(0x000000e205300000,0x000000e205400000) (1024K)]
  0x0000024807ae98b0 JavaThread "Timer-277"                         [_thread_blocked, id=27460, stack(0x000000e205000000,0x000000e205100000) (1024K)]
  0x0000024807aed3c0 JavaThread "Timer-278"                         [_thread_blocked, id=29712, stack(0x000000e205200000,0x000000e205300000) (1024K)]
  0x0000024807aef490 JavaThread "Timer-279"                         [_thread_blocked, id=23456, stack(0x000000e205400000,0x000000e205500000) (1024K)]
  0x0000024807aee0e0 JavaThread "Timer-280"                         [_thread_blocked, id=32296, stack(0x000000e205500000,0x000000e205600000) (1024K)]
  0x0000024807aee770 JavaThread "Timer-281"                         [_thread_blocked, id=30544, stack(0x000000e205600000,0x000000e205700000) (1024K)]
  0x0000024807aeee00 JavaThread "Timer-282"                         [_thread_blocked, id=20748, stack(0x000000e205700000,0x000000e205800000) (1024K)]
  0x0000024807aeb980 JavaThread "Timer-283"                         [_thread_blocked, id=33156, stack(0x000000e205800000,0x000000e205900000) (1024K)]
  0x0000024807af0840 JavaThread "Timer-284"                         [_thread_blocked, id=18804, stack(0x000000e205900000,0x000000e205a00000) (1024K)]
  0x0000024807af1560 JavaThread "Worker-59: Initialize workspace"        [_thread_blocked, id=33344, stack(0x000000e205c00000,0x000000e205d00000) (1024K)]
  0x0000024807af1bf0 JavaThread "Timer-285"                         [_thread_blocked, id=23692, stack(0x000000e205a00000,0x000000e205b00000) (1024K)]
  0x0000024807af2910 JavaThread "Timer-286"                         [_thread_blocked, id=24600, stack(0x000000e205b00000,0x000000e205c00000) (1024K)]
  0x0000024807af2280 JavaThread "Timer-287"                         [_thread_blocked, id=14932, stack(0x000000e205d00000,0x000000e205e00000) (1024K)]
  0x0000024807af0ed0 JavaThread "Timer-288"                         [_thread_blocked, id=22864, stack(0x000000e205e00000,0x000000e205f00000) (1024K)]
  0x0000024807aeda50 JavaThread "Timer-289"                         [_thread_blocked, id=33036, stack(0x000000e205f00000,0x000000e206000000) (1024K)]
  0x0000024807af5700 JavaThread "Timer-290"                         [_thread_blocked, id=2316, stack(0x000000e206000000,0x000000e206100000) (1024K)]
  0x0000024807af49e0 JavaThread "Timer-291"                         [_thread_blocked, id=32388, stack(0x000000e206100000,0x000000e206200000) (1024K)]
  0x0000024807af5d90 JavaThread "Timer-292"                         [_thread_blocked, id=18836, stack(0x000000e206300000,0x000000e206400000) (1024K)]
  0x0000024807af6420 JavaThread "Worker-60: Initialize workspace"        [_thread_blocked, id=12064, stack(0x000000e206500000,0x000000e206600000) (1024K)]
  0x0000024807af3cc0 JavaThread "Timer-293"                         [_thread_blocked, id=29860, stack(0x000000e206200000,0x000000e206300000) (1024K)]
  0x0000024807af4350 JavaThread "Timer-294"                         [_thread_blocked, id=32324, stack(0x000000e206400000,0x000000e206500000) (1024K)]
  0x0000024807af5070 JavaThread "Timer-295"                         [_thread_blocked, id=3472, stack(0x000000e206600000,0x000000e206700000) (1024K)]
  0x0000024807af3630 JavaThread "Timer-296"                         [_thread_blocked, id=28764, stack(0x000000e206700000,0x000000e206800000) (1024K)]
  0x00000248071672d0 JavaThread "Timer-297"                         [_thread_blocked, id=20556, stack(0x000000e206800000,0x000000e206900000) (1024K)]
  0x0000024806b6cc90 JavaThread "Timer-298"                         [_thread_blocked, id=24556, stack(0x000000e206900000,0x000000e206a00000) (1024K)]
  0x0000024806b6ed60 JavaThread "Timer-299"                         [_thread_blocked, id=30608, stack(0x000000e206a00000,0x000000e206b00000) (1024K)]
  0x0000024806b6d9b0 JavaThread "Timer-300"                         [_thread_blocked, id=24328, stack(0x000000e206c00000,0x000000e206d00000) (1024K)]
  0x0000024806b6b8e0 JavaThread "Worker-61: Initialize workspace"        [_thread_blocked, id=19912, stack(0x000000e206e00000,0x000000e206f00000) (1024K)]
  0x0000024806b6e040 JavaThread "Timer-301"                         [_thread_blocked, id=23472, stack(0x000000e206b00000,0x000000e206c00000) (1024K)]
  0x0000024806b6d320 JavaThread "Timer-302"                         [_thread_blocked, id=19256, stack(0x000000e206d00000,0x000000e206e00000) (1024K)]
  0x0000024806b6e6d0 JavaThread "Timer-303"                         [_thread_blocked, id=1544, stack(0x000000e206f00000,0x000000e207000000) (1024K)]
  0x0000024806b6bf70 JavaThread "Timer-304"                         [_thread_blocked, id=26032, stack(0x000000e207000000,0x000000e207100000) (1024K)]
  0x0000024806b6fa80 JavaThread "Timer-305"                         [_thread_blocked, id=28884, stack(0x000000e207100000,0x000000e207200000) (1024K)]
  0x0000024806b6c600 JavaThread "Timer-306"                         [_thread_blocked, id=33732, stack(0x000000e207200000,0x000000e207300000) (1024K)]
  0x0000024806b70110 JavaThread "Timer-307"                         [_thread_blocked, id=8940, stack(0x000000e207300000,0x000000e207400000) (1024K)]
  0x0000024806b73590 JavaThread "Timer-308"                         [_thread_blocked, id=16052, stack(0x000000e207500000,0x000000e207600000) (1024K)]
  0x0000024806b72f00 JavaThread "Worker-62: Initialize workspace"        [_thread_blocked, id=31872, stack(0x000000e207700000,0x000000e207800000) (1024K)]
  0x0000024806b70e30 JavaThread "Timer-309"                         [_thread_blocked, id=33688, stack(0x000000e207400000,0x000000e207500000) (1024K)]
  0x0000024806b73c20 JavaThread "Timer-310"                         [_thread_blocked, id=23104, stack(0x000000e207600000,0x000000e207700000) (1024K)]
  0x0000024806b72870 JavaThread "Timer-311"                         [_thread_blocked, id=11284, stack(0x000000e207800000,0x000000e207900000) (1024K)]
  0x0000024806b707a0 JavaThread "Timer-312"                         [_thread_blocked, id=4516, stack(0x000000e207900000,0x000000e207a00000) (1024K)]
  0x0000024806b742b0 JavaThread "Timer-313"                         [_thread_blocked, id=12116, stack(0x000000e207a00000,0x000000e207b00000) (1024K)]
  0x0000024806b74940 JavaThread "Timer-314"                         [_thread_blocked, id=24616, stack(0x000000e207b00000,0x000000e207c00000) (1024K)]
  0x0000024806b721e0 JavaThread "Timer-315"                         [_thread_blocked, id=30372, stack(0x000000e207c00000,0x000000e207d00000) (1024K)]
  0x0000024806b714c0 JavaThread "Timer-316"                         [_thread_blocked, id=1856, stack(0x000000e207e00000,0x000000e207f00000) (1024K)]
  0x0000024806b76380 JavaThread "Worker-63: Initialize workspace"        [_thread_blocked, id=28352, stack(0x000000e208000000,0x000000e208100000) (1024K)]
  0x0000024806b74fd0 JavaThread "Timer-317"                         [_thread_blocked, id=15928, stack(0x000000e207d00000,0x000000e207e00000) (1024K)]
  0x0000024806b71b50 JavaThread "Timer-318"                         [_thread_blocked, id=26440, stack(0x000000e207f00000,0x000000e208000000) (1024K)]
  0x0000024806b75660 JavaThread "Timer-319"                         [_thread_blocked, id=27040, stack(0x000000e208100000,0x000000e208200000) (1024K)]
  0x0000024806b77730 JavaThread "Timer-320"                         [_thread_blocked, id=23936, stack(0x000000e208200000,0x000000e208300000) (1024K)]
  0x0000024806b77dc0 JavaThread "Timer-321"                         [_thread_blocked, id=27628, stack(0x000000e208300000,0x000000e208400000) (1024K)]
  0x0000024806b75cf0 JavaThread "Timer-322"                         [_thread_blocked, id=27024, stack(0x000000e208400000,0x000000e208500000) (1024K)]
  0x0000024806b76a10 JavaThread "Timer-323"                         [_thread_blocked, id=1108, stack(0x000000e208500000,0x000000e208600000) (1024K)]
  0x0000024806b78ae0 JavaThread "Timer-324"                         [_thread_blocked, id=28468, stack(0x000000e208700000,0x000000e208800000) (1024K)]
  0x0000024806b78450 JavaThread "Worker-64: Initialize workspace"        [_thread_blocked, id=12860, stack(0x000000e208900000,0x000000e208a00000) (1024K)]
  0x0000024806b79170 JavaThread "Timer-325"                         [_thread_blocked, id=1496, stack(0x000000e208600000,0x000000e208700000) (1024K)]
  0x0000024806b79800 JavaThread "Timer-326"                         [_thread_blocked, id=11952, stack(0x000000e208800000,0x000000e208900000) (1024K)]
  0x0000024806b770a0 JavaThread "Timer-327"                         [_thread_blocked, id=31840, stack(0x000000e208a00000,0x000000e208b00000) (1024K)]
  0x0000024806b7a520 JavaThread "Timer-328"                         [_thread_blocked, id=30140, stack(0x000000e208b00000,0x000000e208c00000) (1024K)]
  0x0000024806b7d310 JavaThread "Timer-329"                         [_thread_blocked, id=22788, stack(0x000000e208c00000,0x000000e208d00000) (1024K)]
  0x0000024806b79e90 JavaThread "Timer-330"                         [_thread_blocked, id=20776, stack(0x000000e208d00000,0x000000e208e00000) (1024K)]
  0x0000024806b7bf60 JavaThread "Timer-331"                         [_thread_blocked, id=27768, stack(0x000000e208e00000,0x000000e208f00000) (1024K)]
  0x0000024806b7abb0 JavaThread "Timer-332"                         [_thread_blocked, id=27488, stack(0x000000e209000000,0x000000e209100000) (1024K)]
  0x0000024806b7b240 JavaThread "Worker-65: Initialize workspace"        [_thread_blocked, id=26692, stack(0x000000e209200000,0x000000e209300000) (1024K)]
  0x0000024806b7cc80 JavaThread "Timer-333"                         [_thread_blocked, id=32204, stack(0x000000e208f00000,0x000000e209000000) (1024K)]
  0x0000024806b7e030 JavaThread "Timer-334"                         [_thread_blocked, id=31532, stack(0x000000e209300000,0x000000e209400000) (1024K)]
  0x0000024806b7d9a0 JavaThread "Timer-335"                         [_thread_blocked, id=27432, stack(0x000000e209100000,0x000000e209200000) (1024K)]
  0x0000024806b7c5f0 JavaThread "Timer-336"                         [_thread_blocked, id=31820, stack(0x000000e209400000,0x000000e209500000) (1024K)]
  0x0000024806b7e6c0 JavaThread "Timer-337"                         [_thread_blocked, id=30672, stack(0x000000e209500000,0x000000e209600000) (1024K)]
  0x0000024806b7ed50 JavaThread "Timer-338"                         [_thread_blocked, id=28140, stack(0x000000e209600000,0x000000e209700000) (1024K)]
  0x0000024806b7b8d0 JavaThread "Timer-339"                         [_thread_blocked, id=15840, stack(0x000000e209700000,0x000000e209800000) (1024K)]
  0x0000024806b814b0 JavaThread "Timer-340"                         [_thread_blocked, id=31996, stack(0x000000e209900000,0x000000e209a00000) (1024K)]
  0x0000024806b80e20 JavaThread "Worker-66: Initialize workspace"        [_thread_blocked, id=23828, stack(0x000000e209b00000,0x000000e209c00000) (1024K)]
  0x0000024806b7f3e0 JavaThread "Timer-341"                         [_thread_blocked, id=27836, stack(0x000000e209800000,0x000000e209900000) (1024K)]
  0x0000024806b81b40 JavaThread "Timer-342"                         [_thread_blocked, id=30848, stack(0x000000e209c00000,0x000000e209d00000) (1024K)]
  0x0000024806b821d0 JavaThread "Timer-343"                         [_thread_blocked, id=11580, stack(0x000000e209a00000,0x000000e209b00000) (1024K)]
  0x0000024806b82860 JavaThread "Timer-344"                         [_thread_blocked, id=25660, stack(0x000000e209d00000,0x000000e209e00000) (1024K)]
  0x0000024806b7fa70 JavaThread "Timer-345"                         [_thread_blocked, id=25000, stack(0x000000e209e00000,0x000000e209f00000) (1024K)]
  0x0000024806b82ef0 JavaThread "Timer-346"                         [_thread_blocked, id=33668, stack(0x000000e209f00000,0x000000e20a000000) (1024K)]
  0x0000024806b83580 JavaThread "Timer-347"                         [_thread_blocked, id=31348, stack(0x000000e20a000000,0x000000e20a100000) (1024K)]
  0x0000024806b80100 JavaThread "Timer-348"                         [_thread_blocked, id=27776, stack(0x000000e20a200000,0x000000e20a300000) (1024K)]
  0x0000024806b84930 JavaThread "Worker-67: Initialize workspace"        [_thread_blocked, id=22328, stack(0x000000e20a400000,0x000000e20a500000) (1024K)]
  0x0000024806b83c10 JavaThread "Timer-349"                         [_thread_blocked, id=26504, stack(0x000000e20a100000,0x000000e20a200000) (1024K)]
  0x0000024806b842a0 JavaThread "Timer-350"                         [_thread_blocked, id=27744, stack(0x000000e20a500000,0x000000e20a600000) (1024K)]
  0x0000024806b84fc0 JavaThread "Timer-351"                         [_thread_blocked, id=32008, stack(0x000000e20a300000,0x000000e20a400000) (1024K)]
  0x0000024806b85650 JavaThread "Timer-352"                         [_thread_blocked, id=22836, stack(0x000000e20a600000,0x000000e20a700000) (1024K)]
  0x0000024806b86a00 JavaThread "Timer-353"                         [_thread_blocked, id=27100, stack(0x000000e20a700000,0x000000e20a800000) (1024K)]
  0x0000024806b85ce0 JavaThread "Timer-354"                         [_thread_blocked, id=11076, stack(0x000000e20a800000,0x000000e20a900000) (1024K)]
  0x0000024806b87090 JavaThread "Timer-355"                         [_thread_blocked, id=31260, stack(0x000000e20a900000,0x000000e20aa00000) (1024K)]
  0x0000024806b86370 JavaThread "Timer-356"                         [_thread_blocked, id=33440, stack(0x000000e20aa00000,0x000000e20ab00000) (1024K)]
  0x0000024806b87720 JavaThread "Timer-357"                         [_thread_blocked, id=21248, stack(0x000000e20ab00000,0x000000e20ac00000) (1024K)]
  0x0000024806b88ad0 JavaThread "Timer-358"                         [_thread_blocked, id=3736, stack(0x000000e20ae00000,0x000000e20af00000) (1024K)]
  0x0000024806b89160 JavaThread "Timer-359"                         [_thread_blocked, id=29256, stack(0x000000e20ac00000,0x000000e20ad00000) (1024K)]
  0x0000024806b88440 JavaThread "Timer-360"                         [_thread_blocked, id=33332, stack(0x000000e20af00000,0x000000e20b000000) (1024K)]
  0x0000024806b8a510 JavaThread "Timer-361"                         [_thread_blocked, id=7032, stack(0x000000e20b000000,0x000000e20b100000) (1024K)]
  0x0000024806b8aba0 JavaThread "Timer-362"                         [_thread_blocked, id=30704, stack(0x000000e20b100000,0x000000e20b200000) (1024K)]
  0x0000024806b87db0 JavaThread "Timer-363"                         [_thread_blocked, id=10148, stack(0x000000e20b200000,0x000000e20b300000) (1024K)]
  0x0000024806b897f0 JavaThread "Timer-364"                         [_thread_blocked, id=33492, stack(0x000000e20b300000,0x000000e20b400000) (1024K)]
  0x0000024806d49fa0 JavaThread "Worker-69: Initialize workspace"        [_thread_blocked, id=26556, stack(0x000000e20b600000,0x000000e20b700000) (1024K)]
  0x0000024806d48bf0 JavaThread "Timer-365"                         [_thread_blocked, id=23708, stack(0x000000e20b400000,0x000000e20b500000) (1024K)]
  0x0000024806d4b9e0 JavaThread "Timer-366"                         [_thread_blocked, id=19652, stack(0x000000e20b700000,0x000000e20b800000) (1024K)]
  0x0000024806d4a630 JavaThread "Timer-367"                         [_thread_blocked, id=2088, stack(0x000000e20b500000,0x000000e20b600000) (1024K)]
  0x0000024806d4acc0 JavaThread "Timer-368"                         [_thread_blocked, id=4252, stack(0x000000e20b800000,0x000000e20b900000) (1024K)]
  0x0000024806d4c070 JavaThread "Timer-369"                         [_thread_blocked, id=13232, stack(0x000000e20b900000,0x000000e20ba00000) (1024K)]
  0x0000024806d4b350 JavaThread "Timer-370"                         [_thread_blocked, id=31720, stack(0x000000e20ba00000,0x000000e20bb00000) (1024K)]
  0x0000024806d4c700 JavaThread "Timer-371"                         [_thread_blocked, id=23180, stack(0x000000e20bb00000,0x000000e20bc00000) (1024K)]
  0x0000024806d49280 JavaThread "Timer-372"                         [_thread_blocked, id=25116, stack(0x000000e20bd00000,0x000000e20be00000) (1024K)]
  0x0000024806d50210 JavaThread "Worker-70: Initialize workspace"        [_thread_blocked, id=31380, stack(0x000000e20bf00000,0x000000e20c000000) (1024K)]
  0x0000024806d4cd90 JavaThread "Timer-373"                         [_thread_blocked, id=27700, stack(0x000000e20bc00000,0x000000e20bd00000) (1024K)]
  0x0000024806d49910 JavaThread "Timer-374"                         [_thread_blocked, id=33172, stack(0x000000e20be00000,0x000000e20bf00000) (1024K)]
  0x0000024806d4f4f0 JavaThread "Timer-375"                         [_thread_blocked, id=33436, stack(0x000000e20c000000,0x000000e20c100000) (1024K)]
  0x0000024806d4e140 JavaThread "Timer-376"                         [_thread_blocked, id=32040, stack(0x000000e20c100000,0x000000e20c200000) (1024K)]
  0x0000024806d4fb80 JavaThread "Timer-377"                         [_thread_blocked, id=13384, stack(0x000000e20c200000,0x000000e20c300000) (1024K)]
  0x0000024806d4e7d0 JavaThread "Timer-378"                         [_thread_blocked, id=22312, stack(0x000000e20c300000,0x000000e20c400000) (1024K)]
  0x0000024806d508a0 JavaThread "Timer-379"                         [_thread_blocked, id=2688, stack(0x000000e20c400000,0x000000e20c500000) (1024K)]
  0x0000024806d4dab0 JavaThread "Timer-380"                         [_thread_blocked, id=22024, stack(0x000000e20c500000,0x000000e20c600000) (1024K)]
  0x0000024806d51c50 JavaThread "Worker-71: Initialize workspace"        [_thread_blocked, id=24500, stack(0x000000e20c800000,0x000000e20c900000) (1024K)]
  0x0000024806d4ee60 JavaThread "Timer-381"                         [_thread_blocked, id=27352, stack(0x000000e20c600000,0x000000e20c700000) (1024K)]
  0x0000024806d4d420 JavaThread "Timer-382"                         [_thread_blocked, id=25072, stack(0x000000e20c700000,0x000000e20c800000) (1024K)]
  0x0000024806d543b0 JavaThread "Timer-383"                         [_thread_blocked, id=33260, stack(0x000000e20c900000,0x000000e20ca00000) (1024K)]
  0x0000024806d50f30 JavaThread "Timer-384"                         [_thread_blocked, id=24304, stack(0x000000e20ca00000,0x000000e20cb00000) (1024K)]
  0x0000024806d53690 JavaThread "Timer-385"                         [_thread_blocked, id=32216, stack(0x000000e20cb00000,0x000000e20cc00000) (1024K)]
  0x0000024806d52970 JavaThread "Timer-386"                         [_thread_blocked, id=10068, stack(0x000000e20cc00000,0x000000e20cd00000) (1024K)]
  0x0000024806d54a40 JavaThread "Timer-387"                         [_thread_blocked, id=26800, stack(0x000000e20cd00000,0x000000e20ce00000) (1024K)]
  0x0000024806d53000 JavaThread "Timer-388"                         [_thread_blocked, id=26760, stack(0x000000e20cf00000,0x000000e20d000000) (1024K)]
  0x0000024806d550d0 JavaThread "Worker-72: Initialize workspace"        [_thread_blocked, id=32172, stack(0x000000e20d100000,0x000000e20d200000) (1024K)]
  0x0000024806d522e0 JavaThread "Timer-389"                         [_thread_blocked, id=17344, stack(0x000000e20ce00000,0x000000e20cf00000) (1024K)]
  0x0000024806d53d20 JavaThread "Timer-390"                         [_thread_blocked, id=32080, stack(0x000000e20d200000,0x000000e20d300000) (1024K)]
  0x0000024806d55760 JavaThread "Worker-73: Initialize workspace"        [_thread_blocked, id=30780, stack(0x000000e20d000000,0x000000e20d100000) (1024K)]
  0x0000024806d55df0 JavaThread "Timer-391"                         [_thread_blocked, id=25452, stack(0x000000e20d300000,0x000000e20d400000) (1024K)]
  0x0000024806d56480 JavaThread "Timer-392"                         [_thread_blocked, id=23196, stack(0x000000e20d400000,0x000000e20d500000) (1024K)]
  0x0000024806d56b10 JavaThread "Timer-393"                         [_thread_blocked, id=7828, stack(0x000000e20d500000,0x000000e20d600000) (1024K)]
  0x0000024806d571a0 JavaThread "Timer-394"                         [_thread_blocked, id=18388, stack(0x000000e20d600000,0x000000e20d700000) (1024K)]
  0x0000024806d57830 JavaThread "Timer-395"                         [_thread_blocked, id=14876, stack(0x000000e20d700000,0x000000e20d800000) (1024K)]
  0x0000024807af2fa0 JavaThread "Timer-396"                         [_thread_blocked, id=2016, stack(0x000000e20d900000,0x000000e20da00000) (1024K)]
  0x00000247ffa5c960 JavaThread "Timer-397"                         [_thread_blocked, id=28116, stack(0x000000e20d800000,0x000000e20d900000) (1024K)]
  0x0000024806b6f3f0 JavaThread "Timer-398"                         [_thread_blocked, id=32476, stack(0x000000e20da00000,0x000000e20db00000) (1024K)]
  0x00000248071e5590 JavaThread "Timer-399"                         [_thread_blocked, id=22728, stack(0x000000e20db00000,0x000000e20dc00000) (1024K)]
  0x00000248071e5c20 JavaThread "Timer-400"                         [_thread_blocked, id=31084, stack(0x000000e20dc00000,0x000000e20dd00000) (1024K)]
  0x00000248071e62b0 JavaThread "Timer-401"                         [_thread_blocked, id=30744, stack(0x000000e20dd00000,0x000000e20de00000) (1024K)]
  0x00000248071e6940 JavaThread "Timer-402"                         [_thread_blocked, id=17680, stack(0x000000e20de00000,0x000000e20df00000) (1024K)]
  0x00000248071e6fd0 JavaThread "Timer-403"                         [_thread_blocked, id=8420, stack(0x000000e20df00000,0x000000e20e000000) (1024K)]
  0x00000248071e4f00 JavaThread "Timer-404"                         [_thread_blocked, id=5536, stack(0x000000e20e100000,0x000000e20e200000) (1024K)]
  0x00000248071e4870 JavaThread "Timer-405"                         [_thread_blocked, id=33432, stack(0x000000e20e000000,0x000000e20e100000) (1024K)]
  0x00000248071e3b50 JavaThread "Timer-406"                         [_thread_blocked, id=19008, stack(0x000000e20e200000,0x000000e20e300000) (1024K)]
  0x00000248071e8a10 JavaThread "Timer-407"                         [_thread_blocked, id=28536, stack(0x000000e20e400000,0x000000e20e500000) (1024K)]
  0x00000248071eaae0 JavaThread "Timer-408"                         [_thread_blocked, id=26228, stack(0x000000e20e500000,0x000000e20e600000) (1024K)]
  0x00000248071e90a0 JavaThread "Timer-409"                         [_thread_blocked, id=1948, stack(0x000000e20e600000,0x000000e20e700000) (1024K)]
  0x00000248071e7cf0 JavaThread "Timer-410"                         [_thread_blocked, id=24676, stack(0x000000e20e700000,0x000000e20e800000) (1024K)]
  0x00000248071e8380 JavaThread "Timer-411"                         [_thread_blocked, id=33068, stack(0x000000e20e800000,0x000000e20e900000) (1024K)]
  0x00000248071e9dc0 JavaThread "Timer-412"                         [_thread_blocked, id=3904, stack(0x000000e20ec00000,0x000000e20ed00000) (1024K)]
  0x00000248071eb800 JavaThread "Worker-75: Initialize workspace"        [_thread_blocked, id=19056, stack(0x000000e20ee00000,0x000000e20ef00000) (1024K)]
  0x00000248071e9730 JavaThread "Timer-413"                         [_thread_blocked, id=7180, stack(0x000000e20e900000,0x000000e20ea00000) (1024K)]
  0x00000248071ea450 JavaThread "Timer-414"                         [_thread_blocked, id=15932, stack(0x000000e20ef00000,0x000000e20f000000) (1024K)]
  0x00000248071e7660 JavaThread "Timer-415"                         [_thread_blocked, id=32184, stack(0x000000e20ed00000,0x000000e20ee00000) (1024K)]
  0x00000248071ed240 JavaThread "Timer-416"                         [_thread_blocked, id=2784, stack(0x000000e20f000000,0x000000e20f100000) (1024K)]
  0x00000248071edf60 JavaThread "Timer-417"                         [_thread_blocked, id=31376, stack(0x000000e20f100000,0x000000e20f200000) (1024K)]
  0x00000248071eb170 JavaThread "Timer-418"                         [_thread_blocked, id=31248, stack(0x000000e20f200000,0x000000e20f300000) (1024K)]
  0x00000248071ef310 JavaThread "Timer-419"                         [_thread_blocked, id=12968, stack(0x000000e20f300000,0x000000e20f400000) (1024K)]
  0x00000248071ee5f0 JavaThread "Timer-420"                         [_thread_blocked, id=27348, stack(0x000000e20f500000,0x000000e20f600000) (1024K)]
  0x00000248071ef9a0 JavaThread "Timer-421"                         [_thread_blocked, id=11496, stack(0x000000e20ad00000,0x000000e20ae00000) (1024K)]
  0x00000248071ed8d0 JavaThread "Timer-422"                         [_thread_blocked, id=33468, stack(0x000000e20f400000,0x000000e20f500000) (1024K)]
  0x00000248071ecbb0 JavaThread "Worker-77: Initialize workspace"        [_thread_blocked, id=18740, stack(0x000000e20f600000,0x000000e20f700000) (1024K)]
  0x00000248071eec80 JavaThread "Timer-423"                         [_thread_blocked, id=17144, stack(0x000000e20f700000,0x000000e20f800000) (1024K)]
  0x00000248071e41e0 JavaThread "Timer-424"                         [_thread_blocked, id=31364, stack(0x000000e20e300000,0x000000e20e400000) (1024K)]
  0x00000248071ec520 JavaThread "Timer-425"                         [_thread_blocked, id=6436, stack(0x000000e20f800000,0x000000e20f900000) (1024K)]
  0x00000248071f0030 JavaThread "Timer-426"                         [_thread_blocked, id=31780, stack(0x000000e20f900000,0x000000e20fa00000) (1024K)]
  0x00000248071f2100 JavaThread "Timer-427"                         [_thread_blocked, id=8228, stack(0x000000e20fb00000,0x000000e20fc00000) (1024K)]
  0x00000248071f2790 JavaThread "Timer-428"                         [_thread_blocked, id=27732, stack(0x000000e20fd00000,0x000000e20fe00000) (1024K)]
  0x0000024806d48560 JavaThread "Timer-429"                         [_thread_blocked, id=20468, stack(0x000000e20fc00000,0x000000e20fd00000) (1024K)]
  0x00000248071f06c0 JavaThread "Timer-430"                         [_thread_blocked, id=31160, stack(0x000000e20fe00000,0x000000e20ff00000) (1024K)]
  0x00000248071f0d50 JavaThread "Timer-431"                         [_thread_blocked, id=3112, stack(0x000000e20ff00000,0x000000e210000000) (1024K)]
  0x00000248071f13e0 JavaThread "Timer-432"                         [_thread_blocked, id=32908, stack(0x000000e210000000,0x000000e210100000) (1024K)]
  0x0000024806b89e80 JavaThread "Timer-433"                         [_thread_blocked, id=33564, stack(0x000000e210100000,0x000000e210200000) (1024K)]
  0x00000248073b9b40 JavaThread "Timer-434"                         [_thread_blocked, id=30360, stack(0x000000e210200000,0x000000e210300000) (1024K)]
  0x00000248073b8100 JavaThread "Timer-435"                         [_thread_blocked, id=15616, stack(0x000000e210300000,0x000000e210400000) (1024K)]
  0x00000248073baef0 JavaThread "Timer-436"                         [_thread_blocked, id=29844, stack(0x000000e210400000,0x000000e210500000) (1024K)]
  0x00000248073bb580 JavaThread "Timer-437"                         [_thread_blocked, id=32332, stack(0x000000e210500000,0x000000e210600000) (1024K)]
  0x00000248073b8e20 JavaThread "Timer-438"                         [_thread_blocked, id=28208, stack(0x000000e210700000,0x000000e210800000) (1024K)]
  0x00000248073bbc10 JavaThread "Timer-439"                         [_thread_blocked, id=13708, stack(0x000000e210800000,0x000000e210900000) (1024K)]
  0x00000248073ba1d0 JavaThread "Worker-111: Initialize workspace"        [_thread_blocked, id=30228, stack(0x000000e200300000,0x000000e200400000) (1024K)]
  0x00000248073bc930 JavaThread "Timer-440"                         [_thread_blocked, id=31812, stack(0x000000e210900000,0x000000e210a00000) (1024K)]
  0x00000248073ba860 JavaThread "Timer-441"                         [_thread_blocked, id=11620, stack(0x000000e210a00000,0x000000e210b00000) (1024K)]
  0x00000248073bc2a0 JavaThread "Timer-442"                         [_thread_blocked, id=31972, stack(0x000000e210b00000,0x000000e210c00000) (1024K)]
  0x00000248073b94b0 JavaThread "Timer-443"                         [_thread_blocked, id=32244, stack(0x000000e210c00000,0x000000e210d00000) (1024K)]
  0x00000248073bea00 JavaThread "Timer-444"                         [_thread_blocked, id=31536, stack(0x000000e210e00000,0x000000e210f00000) (1024K)]
  0x00000248073bcfc0 JavaThread "Timer-445"                         [_thread_blocked, id=31640, stack(0x000000e210d00000,0x000000e210e00000) (1024K)]
  0x00000248073bf090 JavaThread "Timer-446"                         [_thread_blocked, id=20564, stack(0x000000e211000000,0x000000e211100000) (1024K)]
  0x00000248073bf720 JavaThread "Timer-447"                         [_thread_blocked, id=19244, stack(0x000000e210f00000,0x000000e211000000) (1024K)]
  0x00000248073b8790 JavaThread "Worker-133: Initialize workspace"        [_thread_blocked, id=7536, stack(0x000000e210600000,0x000000e210700000) (1024K)]
  0x00000248073bd650 JavaThread "Timer-448"                         [_thread_blocked, id=20652, stack(0x000000e211200000,0x000000e211300000) (1024K)]
  0x00000248073c0440 JavaThread "Timer-449"                         [_thread_blocked, id=31408, stack(0x000000e211300000,0x000000e211400000) (1024K)]
  0x00000248073be370 JavaThread "Timer-450"                         [_thread_blocked, id=21380, stack(0x000000e211400000,0x000000e211500000) (1024K)]
  0x00000248073c1160 JavaThread "Timer-451"                         [_thread_blocked, id=6704, stack(0x000000e211500000,0x000000e211600000) (1024K)]
  0x00000248073bdce0 JavaThread "Timer-452"                         [_thread_blocked, id=26684, stack(0x000000e211700000,0x000000e211800000) (1024K)]
  0x00000248073c2ba0 JavaThread "Timer-453"                         [_thread_blocked, id=1332, stack(0x000000e211600000,0x000000e211700000) (1024K)]
  0x00000248073c17f0 JavaThread "Timer-454"                         [_thread_blocked, id=4468, stack(0x000000e211900000,0x000000e211a00000) (1024K)]
  0x00000248073c5300 JavaThread "Timer-455"                         [_thread_blocked, id=32888, stack(0x000000e211a00000,0x000000e211b00000) (1024K)]
  0x00000248073c3f50 JavaThread "Worker-154: Initialize workspace"        [_thread_blocked, id=31412, stack(0x000000e211100000,0x000000e211200000) (1024K)]
  0x00000248073c3230 JavaThread "Timer-456"                         [_thread_blocked, id=28756, stack(0x000000e211b00000,0x000000e211c00000) (1024K)]
  0x00000248073c38c0 JavaThread "Timer-457"                         [_thread_blocked, id=22616, stack(0x000000e211c00000,0x000000e211d00000) (1024K)]
  0x00000248073c1e80 JavaThread "Timer-458"                         [_thread_blocked, id=22300, stack(0x000000e211d00000,0x000000e211e00000) (1024K)]
  0x00000248073c0ad0 JavaThread "Timer-459"                         [_thread_blocked, id=15652, stack(0x000000e211e00000,0x000000e211f00000) (1024K)]
  0x00000248073c6d40 JavaThread "Timer-460"                         [_thread_blocked, id=23060, stack(0x000000e212000000,0x000000e212100000) (1024K)]
  0x00000248073c73d0 JavaThread "Timer-461"                         [_thread_blocked, id=32200, stack(0x000000e211f00000,0x000000e212000000) (1024K)]
  0x00000248073c45e0 JavaThread "Timer-462"                         [_thread_blocked, id=18780, stack(0x000000e212200000,0x000000e212300000) (1024K)]
  0x00000248073c66b0 JavaThread "Timer-463"                         [_thread_blocked, id=26388, stack(0x000000e212100000,0x000000e212200000) (1024K)]
  0x00000248073c4c70 JavaThread "Worker-173: Initialize workspace"        [_thread_blocked, id=15040, stack(0x000000e211800000,0x000000e211900000) (1024K)]
  0x00000248073c2510 JavaThread "Timer-464"                         [_thread_blocked, id=27424, stack(0x000000e212400000,0x000000e212500000) (1024K)]
  0x00000248073c6020 JavaThread "Timer-465"                         [_thread_blocked, id=31588, stack(0x000000e212500000,0x000000e212600000) (1024K)]
  0x00000248071e34c0 JavaThread "Timer-466"                         [_thread_blocked, id=22652, stack(0x000000e212600000,0x000000e212700000) (1024K)]
  0x00000248071f1a70 JavaThread "Timer-467"                         [_thread_blocked, id=22832, stack(0x000000e212700000,0x000000e212800000) (1024K)]
  0x0000024807304f50 JavaThread "Timer-468"                         [_thread_blocked, id=27708, stack(0x000000e212800000,0x000000e212900000) (1024K)]
  0x00000248073055e0 JavaThread "Timer-469"                         [_thread_blocked, id=28496, stack(0x000000e212900000,0x000000e212a00000) (1024K)]
  0x0000024807305c70 JavaThread "Timer-470"                         [_thread_blocked, id=28240, stack(0x000000e212a00000,0x000000e212b00000) (1024K)]
  0x0000024807306300 JavaThread "Timer-471"                         [_thread_blocked, id=33112, stack(0x000000e212b00000,0x000000e212c00000) (1024K)]
  0x0000024807306990 JavaThread "Worker-195: Initialize workspace"        [_thread_blocked, id=29344, stack(0x000000e212300000,0x000000e212400000) (1024K)]
  0x0000024807304230 JavaThread "Timer-472"                         [_thread_blocked, id=756, stack(0x000000e212d00000,0x000000e212e00000) (1024K)]
  0x0000024807307020 JavaThread "Timer-473"                         [_thread_blocked, id=31940, stack(0x000000e212e00000,0x000000e212f00000) (1024K)]
  0x00000248073076b0 JavaThread "Timer-474"                         [_thread_blocked, id=23576, stack(0x000000e212f00000,0x000000e213000000) (1024K)]
  0x0000024807307d40 JavaThread "Timer-475"                         [_thread_blocked, id=33092, stack(0x000000e213000000,0x000000e213100000) (1024K)]
  0x00000248073048c0 JavaThread "Timer-476"                         [_thread_blocked, id=32272, stack(0x000000e213200000,0x000000e213300000) (1024K)]
  0x000002480730ab30 JavaThread "Timer-477"                         [_thread_blocked, id=20636, stack(0x000000e213100000,0x000000e213200000) (1024K)]
  0x000002480730a4a0 JavaThread "Timer-478"                         [_thread_blocked, id=16188, stack(0x000000e213300000,0x000000e213400000) (1024K)]
  0x00000248073090f0 JavaThread "Timer-479"                         [_thread_blocked, id=6860, stack(0x000000e213500000,0x000000e213600000) (1024K)]
  0x0000024807303ba0 JavaThread "Worker-216: Initialize workspace"        [_thread_blocked, id=30068, stack(0x000000e212c00000,0x000000e212d00000) (1024K)]
  0x000002480730b850 JavaThread "Timer-480"                         [_thread_blocked, id=33740, stack(0x000000e213600000,0x000000e213700000) (1024K)]
  0x0000024807309e10 JavaThread "Timer-481"                         [_thread_blocked, id=24060, stack(0x000000e213700000,0x000000e213800000) (1024K)]
  0x00000248073083d0 JavaThread "Timer-482"                         [_thread_blocked, id=26328, stack(0x000000e213800000,0x000000e213900000) (1024K)]
  0x0000024807308a60 JavaThread "Timer-483"                         [_thread_blocked, id=26492, stack(0x000000e213900000,0x000000e213a00000) (1024K)]
  0x000002480730bee0 JavaThread "Timer-484"                         [_thread_blocked, id=6736, stack(0x000000e213b00000,0x000000e213c00000) (1024K)]
  0x000002480730c570 JavaThread "Timer-485"                         [_thread_blocked, id=19108, stack(0x000000e213a00000,0x000000e213b00000) (1024K)]
  0x000002480730cc00 JavaThread "Timer-486"                         [_thread_blocked, id=33404, stack(0x000000e213c00000,0x000000e213d00000) (1024K)]
  0x0000024807309780 JavaThread "Timer-487"                         [_thread_blocked, id=31528, stack(0x000000e213d00000,0x000000e213e00000) (1024K)]
  0x000002480730d290 JavaThread "Worker-235: Initialize workspace"        [_thread_in_native, id=32144, stack(0x000000e213400000,0x000000e213500000) (1024K)]
  0x000002480730ecd0 JavaThread "Timer-488"                         [_thread_blocked, id=31748, stack(0x000000e213f00000,0x000000e214000000) (1024K)]
  0x0000024807310710 JavaThread "Timer-489"                         [_thread_blocked, id=33020, stack(0x000000e214000000,0x000000e214100000) (1024K)]
  0x000002480730f360 JavaThread "Timer-490"                         [_thread_blocked, id=6456, stack(0x000000e214100000,0x000000e214200000) (1024K)]
  0x000002480730dfb0 JavaThread "Timer-491"                         [_thread_blocked, id=22960, stack(0x000000e214200000,0x000000e214300000) (1024K)]
  0x0000024807311430 JavaThread "Timer-492"                         [_thread_blocked, id=31612, stack(0x000000e214400000,0x000000e214500000) (1024K)]
  0x00000248073127e0 JavaThread "Timer-493"                         [_thread_blocked, id=22708, stack(0x000000e214300000,0x000000e214400000) (1024K)]
  0x0000024807312e70 JavaThread "Timer-494"                         [_thread_blocked, id=21684, stack(0x000000e214500000,0x000000e214600000) (1024K)]
  0x0000024807312150 JavaThread "Timer-495"                         [_thread_blocked, id=33560, stack(0x000000e214700000,0x000000e214800000) (1024K)]
  0x000002480730b1c0 JavaThread "Worker-253: Initialize workspace"        [_thread_blocked, id=23700, stack(0x000000e213e00000,0x000000e213f00000) (1024K)]
  0x0000024807310080 JavaThread "Timer-496"                         [_thread_blocked, id=2388, stack(0x000000e214800000,0x000000e214900000) (1024K)]
  0x000002480730f9f0 JavaThread "Timer-497"                         [_thread_blocked, id=32496, stack(0x000000e214900000,0x000000e214a00000) (1024K)]
  0x0000024807313b90 JavaThread "Timer-498"                         [_thread_blocked, id=32320, stack(0x000000e214a00000,0x000000e214b00000) (1024K)]
  0x0000024807310da0 JavaThread "Timer-499"                         [_thread_blocked, id=32480, stack(0x000000e214b00000,0x000000e214c00000) (1024K)]
  0x0000024807313500 JavaThread "Timer-500"                         [_thread_blocked, id=31920, stack(0x000000e214c00000,0x000000e214d00000) (1024K)]
  0x00000248073162f0 JavaThread "Timer-501"                         [_thread_blocked, id=33396, stack(0x000000e214d00000,0x000000e214e00000) (1024K)]
  0x0000024807314220 JavaThread "Timer-502"                         [_thread_blocked, id=2436, stack(0x000000e214f00000,0x000000e215000000) (1024K)]
  0x0000024807316980 JavaThread "Timer-503"                         [_thread_blocked, id=12028, stack(0x000000e215000000,0x000000e215100000) (1024K)]
  0x00000248073148b0 JavaThread "Worker-269: Initialize workspace"        [_thread_blocked, id=25144, stack(0x000000e214600000,0x000000e214700000) (1024K)]
  0x0000024807311ac0 JavaThread "Timer-504"                         [_thread_blocked, id=21192, stack(0x000000e215100000,0x000000e215200000) (1024K)]
  0x0000024807315c60 JavaThread "Timer-505"                         [_thread_blocked, id=15720, stack(0x000000e215200000,0x000000e215300000) (1024K)]
  0x00000248073183c0 JavaThread "Timer-506"                         [_thread_blocked, id=14852, stack(0x000000e215300000,0x000000e215400000) (1024K)]
  0x0000024807317010 JavaThread "Timer-507"                         [_thread_blocked, id=14536, stack(0x000000e215400000,0x000000e215500000) (1024K)]
  0x00000248073155d0 JavaThread "Timer-508"                         [_thread_blocked, id=17972, stack(0x000000e215600000,0x000000e215700000) (1024K)]
  0x000002480731ab20 JavaThread "Timer-509"                         [_thread_blocked, id=32976, stack(0x000000e215500000,0x000000e215600000) (1024K)]
  0x0000024807318a50 JavaThread "Timer-510"                         [_thread_blocked, id=33200, stack(0x000000e215800000,0x000000e215900000) (1024K)]
  0x00000248073190e0 JavaThread "Timer-511"                         [_thread_blocked, id=23396, stack(0x000000e215900000,0x000000e215a00000) (1024K)]
  0x00000248073176a0 JavaThread "Worker-290: Initialize workspace"        [_thread_blocked, id=30552, stack(0x000000e214e00000,0x000000e214f00000) (1024K)]
  0x0000024807314f40 JavaThread "Timer-512"                         [_thread_blocked, id=22008, stack(0x000000e215a00000,0x000000e215b00000) (1024K)]
  0x000002480731b1b0 JavaThread "Timer-513"                         [_thread_blocked, id=20236, stack(0x000000e215b00000,0x000000e215c00000) (1024K)]
  0x0000024807319770 JavaThread "Timer-514"                         [_thread_blocked, id=29348, stack(0x000000e215c00000,0x000000e215d00000) (1024K)]
  0x000002480731b840 JavaThread "Timer-515"                         [_thread_blocked, id=26372, stack(0x000000e215d00000,0x000000e215e00000) (1024K)]
  0x000002480731bed0 JavaThread "Timer-516"                         [_thread_blocked, id=31476, stack(0x000000e215f00000,0x000000e216000000) (1024K)]
  0x000002480731a490 JavaThread "Timer-517"                         [_thread_blocked, id=31320, stack(0x000000e215e00000,0x000000e215f00000) (1024K)]
  0x000002480731c560 JavaThread "Timer-518"                         [_thread_blocked, id=32960, stack(0x000000e216000000,0x000000e216100000) (1024K)]
  0x0000024807319e00 JavaThread "Timer-519"                         [_thread_blocked, id=16880, stack(0x000000e216100000,0x000000e216200000) (1024K)]
  0x0000024807317d30 JavaThread "Worker-309: Initialize workspace"        [_thread_blocked, id=5912, stack(0x000000e215700000,0x000000e215800000) (1024K)]
  0x000002480731cbf0 JavaThread "Timer-520"                         [_thread_blocked, id=26976, stack(0x000000e216300000,0x000000e216400000) (1024K)]
  0x000002480731d910 JavaThread "Timer-521"                         [_thread_blocked, id=24660, stack(0x000000e216400000,0x000000e216500000) (1024K)]
  0x000002480731e630 JavaThread "Timer-522"                         [_thread_blocked, id=28580, stack(0x000000e216500000,0x000000e216600000) (1024K)]
  0x000002480731ecc0 JavaThread "Timer-523"                         [_thread_blocked, id=33592, stack(0x000000e216600000,0x000000e216700000) (1024K)]
  0x0000024807320070 JavaThread "Timer-524"                         [_thread_blocked, id=25308, stack(0x000000e216800000,0x000000e216900000) (1024K)]
  0x0000024807320d90 JavaThread "Timer-525"                         [_thread_blocked, id=25388, stack(0x000000e216700000,0x000000e216800000) (1024K)]
  0x0000024807321420 JavaThread "Timer-526"                         [_thread_blocked, id=2312, stack(0x000000e216900000,0x000000e216a00000) (1024K)]
  0x000002480731f9e0 JavaThread "Timer-527"                         [_thread_blocked, id=29376, stack(0x000000e216b00000,0x000000e216c00000) (1024K)]
  0x000002480731d280 JavaThread "Worker-329: Initialize workspace"        [_thread_blocked, id=29744, stack(0x000000e216200000,0x000000e216300000) (1024K)]
  0x0000024807321ab0 JavaThread "Timer-528"                         [_thread_blocked, id=32692, stack(0x000000e216c00000,0x000000e216d00000) (1024K)]
  0x0000024807322140 JavaThread "Timer-529"                         [_thread_blocked, id=32560, stack(0x000000e216d00000,0x000000e216e00000) (1024K)]
  0x0000024807320700 JavaThread "Timer-530"                         [_thread_blocked, id=29996, stack(0x000000e216e00000,0x000000e216f00000) (1024K)]
  0x00000248073227d0 JavaThread "Timer-531"                         [_thread_blocked, id=2692, stack(0x000000e216f00000,0x000000e217000000) (1024K)]
  0x0000024807322e60 JavaThread "Timer-532"                         [_thread_blocked, id=14224, stack(0x000000e217100000,0x000000e217200000) (1024K)]
  0x00000248073bfdb0 JavaThread "Timer-533"                         [_thread_blocked, id=29636, stack(0x000000e217000000,0x000000e217100000) (1024K)]
  0x00000248073c5990 JavaThread "Timer-534"                         [_thread_blocked, id=25740, stack(0x000000e217300000,0x000000e217400000) (1024K)]
  0x000002480731f350 JavaThread "Timer-535"                         [_thread_blocked, id=32636, stack(0x000000e217200000,0x000000e217300000) (1024K)]
  0x000002480731dfa0 JavaThread "Worker-349: Initialize workspace"        [_thread_blocked, id=32864, stack(0x000000e216a00000,0x000000e216b00000) (1024K)]
  0x0000024807bd0f60 JavaThread "Timer-536"                         [_thread_blocked, id=12572, stack(0x000000e217500000,0x000000e217600000) (1024K)]
  0x0000024807bd08d0 JavaThread "Timer-537"                         [_thread_blocked, id=344, stack(0x000000e217600000,0x000000e217700000) (1024K)]
  0x0000024807bd15f0 JavaThread "Timer-538"                         [_thread_blocked, id=30376, stack(0x000000e217700000,0x000000e217800000) (1024K)]
  0x0000024807bd2310 JavaThread "Timer-539"                         [_thread_blocked, id=26516, stack(0x000000e217800000,0x000000e217900000) (1024K)]
  0x0000024807bd36c0 JavaThread "Timer-540"                         [_thread_blocked, id=28284, stack(0x000000e217a00000,0x000000e217b00000) (1024K)]
  0x0000024807bd29a0 JavaThread "Timer-541"                         [_thread_blocked, id=33276, stack(0x000000e217900000,0x000000e217a00000) (1024K)]
  0x0000024807bd3030 JavaThread "Timer-542"                         [_thread_blocked, id=1524, stack(0x000000e217c00000,0x000000e217d00000) (1024K)]
  0x0000024807bd0240 JavaThread "Timer-543"                         [_thread_blocked, id=19296, stack(0x000000e217b00000,0x000000e217c00000) (1024K)]
  0x0000024807bd4a70 JavaThread "Worker-367: Initialize workspace"        [_thread_blocked, id=10488, stack(0x000000e217400000,0x000000e217500000) (1024K)]
  0x0000024807bd3d50 JavaThread "Timer-544"                         [_thread_blocked, id=30384, stack(0x000000e217e00000,0x000000e217f00000) (1024K)]
  0x0000024807bd1c80 JavaThread "Timer-545"                         [_thread_blocked, id=27636, stack(0x000000e217f00000,0x000000e218000000) (1024K)]
  0x0000024807bd71d0 JavaThread "Timer-546"                         [_thread_blocked, id=32760, stack(0x000000e218000000,0x000000e218100000) (1024K)]
  0x0000024807bd64b0 JavaThread "Timer-547"                         [_thread_blocked, id=31992, stack(0x000000e218100000,0x000000e218200000) (1024K)]
  0x0000024807bd5790 JavaThread "Timer-548"                         [_thread_blocked, id=28684, stack(0x000000e218300000,0x000000e218400000) (1024K)]
  0x0000024807bd6b40 JavaThread "Timer-549"                         [_thread_blocked, id=27192, stack(0x000000e218200000,0x000000e218300000) (1024K)]
  0x0000024807bd7860 JavaThread "Timer-550"                         [_thread_blocked, id=25344, stack(0x000000e218500000,0x000000e218600000) (1024K)]
  0x0000024807bd8580 JavaThread "Timer-551"                         [_thread_blocked, id=16064, stack(0x000000e218600000,0x000000e218700000) (1024K)]
  0x0000024807bd5100 JavaThread "Worker-391: Initialize workspace"        [_thread_blocked, id=14252, stack(0x000000e217d00000,0x000000e217e00000) (1024K)]
  0x0000024807bd8c10 JavaThread "Timer-552"                         [_thread_blocked, id=8548, stack(0x000000e218700000,0x000000e218800000) (1024K)]
  0x0000024807bd5e20 JavaThread "Timer-553"                         [_thread_blocked, id=13212, stack(0x000000e218800000,0x000000e218900000) (1024K)]
  0x0000024807bdace0 JavaThread "Timer-554"                         [_thread_blocked, id=11720, stack(0x000000e218900000,0x000000e218a00000) (1024K)]
  0x0000024807bda650 JavaThread "Timer-555"                         [_thread_blocked, id=23036, stack(0x000000e218a00000,0x000000e218b00000) (1024K)]
  0x0000024807bd9930 JavaThread "Timer-556"                         [_thread_blocked, id=25340, stack(0x000000e218c00000,0x000000e218d00000) (1024K)]
  0x0000024807bdb370 JavaThread "Timer-557"                         [_thread_blocked, id=21196, stack(0x000000e218b00000,0x000000e218c00000) (1024K)]
  0x0000024807bdc090 JavaThread "Timer-558"                         [_thread_blocked, id=31140, stack(0x000000e218e00000,0x000000e218f00000) (1024K)]
  0x0000024807bd92a0 JavaThread "Timer-559"                         [_thread_blocked, id=21864, stack(0x000000e218f00000,0x000000e219000000) (1024K)]
  0x0000024807bd9fc0 JavaThread "Worker-413: Initialize workspace"        [_thread_blocked, id=6772, stack(0x000000e218400000,0x000000e218500000) (1024K)]
  0x0000024807bdba00 JavaThread "Timer-560"                         [_thread_blocked, id=27412, stack(0x000000e219000000,0x000000e219100000) (1024K)]
  0x0000024807bdcdb0 JavaThread "Timer-561"                         [_thread_blocked, id=30076, stack(0x000000e219100000,0x000000e219200000) (1024K)]
  0x0000024807be0230 JavaThread "Timer-562"                         [_thread_blocked, id=24540, stack(0x000000e219200000,0x000000e219300000) (1024K)]
  0x0000024807be08c0 JavaThread "Timer-563"                         [_thread_blocked, id=23944, stack(0x000000e219300000,0x000000e219400000) (1024K)]
  0x0000024807bdee80 JavaThread "Timer-564"                         [_thread_blocked, id=32000, stack(0x000000e219500000,0x000000e219600000) (1024K)]
  0x0000024807bdd440 JavaThread "Timer-565"                         [_thread_blocked, id=23172, stack(0x000000e219400000,0x000000e219500000) (1024K)]
  0x0000024807be0f50 JavaThread "Timer-566"                         [_thread_blocked, id=23784, stack(0x000000e219700000,0x000000e219800000) (1024K)]
  0x0000024807bde7f0 JavaThread "Timer-567"                         [_thread_blocked, id=14248, stack(0x000000e219900000,0x000000e219a00000) (1024K)]
  0x0000024807bd7ef0 JavaThread "Worker-431: Initialize workspace"        [_thread_blocked, id=3752, stack(0x000000e218d00000,0x000000e218e00000) (1024K)]
  0x0000024807be15e0 JavaThread "Timer-568"                         [_thread_blocked, id=31936, stack(0x000000e219800000,0x000000e219900000) (1024K)]
  0x0000024807bdf510 JavaThread "Timer-569"                         [_thread_blocked, id=31220, stack(0x000000e219a00000,0x000000e219b00000) (1024K)]
  0x0000024807bde160 JavaThread "Timer-570"                         [_thread_blocked, id=28664, stack(0x000000e219b00000,0x000000e219c00000) (1024K)]
  0x0000024807be1c70 JavaThread "Timer-571"                         [_thread_blocked, id=20112, stack(0x000000e219c00000,0x000000e219d00000) (1024K)]
  0x0000024807be2300 JavaThread "Timer-572"                         [_thread_blocked, id=5444, stack(0x000000e219e00000,0x000000e219f00000) (1024K)]
  0x0000024807be2990 JavaThread "Timer-573"                         [_thread_blocked, id=30240, stack(0x000000e219d00000,0x000000e219e00000) (1024K)]
  0x0000024807be3020 JavaThread "Timer-574"                         [_thread_blocked, id=26948, stack(0x000000e21a000000,0x000000e21a100000) (1024K)]
  0x0000024807be5e10 JavaThread "Timer-575"                         [_thread_blocked, id=24840, stack(0x000000e21a100000,0x000000e21a200000) (1024K)]
  0x0000024807bd43e0 JavaThread "Worker-455: Initialize workspace"        [_thread_blocked, id=24784, stack(0x000000e20fa00000,0x000000e20fb00000) (1024K)]
  0x0000024807be43d0 JavaThread "Timer-576"                         [_thread_blocked, id=3676, stack(0x000000e21a200000,0x000000e21a300000) (1024K)]
  0x0000024807be36b0 JavaThread "Timer-577"                         [_thread_blocked, id=1824, stack(0x000000e21a300000,0x000000e21a400000) (1024K)]
  0x0000024807be5780 JavaThread "Timer-578"                         [_thread_blocked, id=18616, stack(0x000000e21a400000,0x000000e21a500000) (1024K)]
  0x0000024807be50f0 JavaThread "Timer-579"                         [_thread_blocked, id=33136, stack(0x000000e21a500000,0x000000e21a600000) (1024K)]
  0x0000024807be64a0 JavaThread "Timer-580"                         [_thread_blocked, id=32352, stack(0x000000e21a700000,0x000000e21a800000) (1024K)]
  0x0000024807be4a60 JavaThread "Timer-581"                         [_thread_blocked, id=29596, stack(0x000000e21a600000,0x000000e21a700000) (1024K)]
  0x0000024807be6b30 JavaThread "Timer-582"                         [_thread_blocked, id=20560, stack(0x000000e21a800000,0x000000e21a900000) (1024K)]
  0x0000024807be8c00 JavaThread "Timer-583"                         [_thread_blocked, id=29724, stack(0x000000e21aa00000,0x000000e21ab00000) (1024K)]
  0x0000024807bddad0 JavaThread "Worker-475: Initialize workspace"        [_thread_blocked, id=25256, stack(0x000000e219f00000,0x000000e21a000000) (1024K)]
  0x0000024807be3d40 JavaThread "Timer-584"                         [_thread_blocked, id=33292, stack(0x000000e21ab00000,0x000000e21ac00000) (1024K)]
  0x0000024807be7850 JavaThread "Timer-585"                         [_thread_blocked, id=21108, stack(0x000000e21ac00000,0x000000e21ad00000) (1024K)]
  0x0000024807be7ee0 JavaThread "Timer-586"                         [_thread_blocked, id=9420, stack(0x000000e21ad00000,0x000000e21ae00000) (1024K)]
  0x0000024807be9920 JavaThread "Timer-587"                         [_thread_blocked, id=32872, stack(0x000000e21ae00000,0x000000e21af00000) (1024K)]
  0x0000024807be8570 JavaThread "Timer-588"                         [_thread_blocked, id=33080, stack(0x000000e21b000000,0x000000e21b100000) (1024K)]
  0x0000024807be9290 JavaThread "Timer-589"                         [_thread_blocked, id=21276, stack(0x000000e21af00000,0x000000e21b000000) (1024K)]
  0x0000024807be9fb0 JavaThread "Timer-590"                         [_thread_blocked, id=23836, stack(0x000000e21b200000,0x000000e21b300000) (1024K)]
  0x0000024807bec080 JavaThread "Timer-591"                         [_thread_blocked, id=3604, stack(0x000000e21b100000,0x000000e21b200000) (1024K)]
  0x0000024807beacd0 JavaThread "Worker-494: Initialize workspace"        [_thread_blocked, id=14988, stack(0x000000e21a900000,0x000000e21aa00000) (1024K)]
  0x0000024807bee150 JavaThread "Timer-592"                         [_thread_blocked, id=20780, stack(0x000000e21b400000,0x000000e21b500000) (1024K)]
  0x0000024807bee7e0 JavaThread "Timer-593"                         [_thread_blocked, id=21940, stack(0x000000e21b500000,0x000000e21b600000) (1024K)]
  0x0000024807becda0 JavaThread "Timer-594"                         [_thread_blocked, id=28776, stack(0x000000e21b600000,0x000000e21b700000) (1024K)]
  0x0000024807beb360 JavaThread "Timer-595"                         [_thread_blocked, id=18604, stack(0x000000e21b700000,0x000000e21b800000) (1024K)]
  0x0000024807beee70 JavaThread "Timer-596"                         [_thread_blocked, id=28792, stack(0x000000e21b900000,0x000000e21ba00000) (1024K)]
  0x0000024807bec710 JavaThread "Timer-597"                         [_thread_blocked, id=28420, stack(0x000000e21b800000,0x000000e21b900000) (1024K)]
  0x0000024807beb9f0 JavaThread "Timer-598"                         [_thread_blocked, id=972, stack(0x000000e21bb00000,0x000000e21bc00000) (1024K)]
  0x0000024807bef500 JavaThread "Timer-599"                         [_thread_blocked, id=21212, stack(0x000000e21ba00000,0x000000e21bb00000) (1024K)]
  0x0000024807bed430 JavaThread "Worker-515: Initialize workspace"        [_thread_blocked, id=21220, stack(0x000000e21b300000,0x000000e21b400000) (1024K)]
  0x0000024807bea640 JavaThread "Timer-600"                         [_thread_blocked, id=15112, stack(0x000000e21bc00000,0x000000e21bd00000) (1024K)]
  0x0000024807bf2980 JavaThread "Timer-601"                         [_thread_blocked, id=29336, stack(0x000000e21be00000,0x000000e21bf00000) (1024K)]
  0x0000024807bf1c60 JavaThread "Timer-602"                         [_thread_blocked, id=29048, stack(0x000000e21bf00000,0x000000e21c000000) (1024K)]
  0x0000024807bf0220 JavaThread "Timer-603"                         [_thread_blocked, id=21788, stack(0x000000e21c000000,0x000000e21c100000) (1024K)]
  0x0000024807bf3010 JavaThread "Timer-604"                         [_thread_blocked, id=22476, stack(0x000000e21c200000,0x000000e21c300000) (1024K)]
  0x0000024807bf22f0 JavaThread "Timer-605"                         [_thread_blocked, id=11072, stack(0x000000e21c100000,0x000000e21c200000) (1024K)]
  0x0000024807befb90 JavaThread "Timer-606"                         [_thread_blocked, id=32364, stack(0x000000e21c400000,0x000000e21c500000) (1024K)]
  0x0000024807bf3d30 JavaThread "Timer-607"                         [_thread_blocked, id=23228, stack(0x000000e21c500000,0x000000e21c600000) (1024K)]
  0x0000024807bf08b0 JavaThread "Worker-536: Initialize workspace"        [_thread_blocked, id=28588, stack(0x000000e219600000,0x000000e219700000) (1024K)]
  0x0000024807bedac0 JavaThread "Timer-608"                         [_thread_blocked, id=25636, stack(0x000000e21c600000,0x000000e21c700000) (1024K)]
  0x0000024807bf4a50 JavaThread "Timer-609"                         [_thread_blocked, id=8924, stack(0x000000e21c700000,0x000000e21c800000) (1024K)]
  0x0000024807bf36a0 JavaThread "Timer-610"                         [_thread_blocked, id=21140, stack(0x000000e21c800000,0x000000e21c900000) (1024K)]
  0x0000024807bf43c0 JavaThread "Timer-611"                         [_thread_blocked, id=32808, stack(0x000000e21c900000,0x000000e21ca00000) (1024K)]
  0x0000024807bf15d0 JavaThread "Timer-612"                         [_thread_blocked, id=30348, stack(0x000000e21cb00000,0x000000e21cc00000) (1024K)]
  0x0000024807bf6b20 JavaThread "Timer-613"                         [_thread_blocked, id=16524, stack(0x000000e21ca00000,0x000000e21cb00000) (1024K)]
  0x0000024807bf7ed0 JavaThread "Timer-614"                         [_thread_blocked, id=27668, stack(0x000000e21cd00000,0x000000e21ce00000) (1024K)]
  0x0000024807bf50e0 JavaThread "Timer-615"                         [_thread_blocked, id=33424, stack(0x000000e21ce00000,0x000000e21cf00000) (1024K)]
  0x0000024807bf0f40 JavaThread "Worker-550: Initialize workspace"        [_thread_blocked, id=31724, stack(0x000000e21c300000,0x000000e21c400000) (1024K)]
  0x0000024807bf7840 JavaThread "Timer-616"                         [_thread_blocked, id=24044, stack(0x000000e21cf00000,0x000000e21d000000) (1024K)]
  0x0000024807bf5770 JavaThread "Timer-617"                         [_thread_blocked, id=20228, stack(0x000000e21d000000,0x000000e21d100000) (1024K)]
  0x0000024807bf9280 JavaThread "Timer-618"                         [_thread_blocked, id=28224, stack(0x000000e21d100000,0x000000e21d200000) (1024K)]
  0x0000024807bf71b0 JavaThread "Timer-619"                         [_thread_blocked, id=29780, stack(0x000000e21d200000,0x000000e21d300000) (1024K)]
  0x0000024807bf5e00 JavaThread "Timer-620"                         [_thread_blocked, id=20580, stack(0x000000e21d400000,0x000000e21d500000) (1024K)]
  0x0000024807bf9910 JavaThread "Timer-621"                         [_thread_blocked, id=24972, stack(0x000000e21d300000,0x000000e21d400000) (1024K)]
  0x0000024807bf6490 JavaThread "Timer-622"                         [_thread_blocked, id=19904, stack(0x000000e21d600000,0x000000e21d700000) (1024K)]
  0x0000024807bfd420 JavaThread "Timer-623"                         [_thread_blocked, id=5892, stack(0x000000e21d500000,0x000000e21d600000) (1024K)]
  0x0000024807bfb9e0 JavaThread "Worker-570: Initialize workspace"        [_thread_blocked, id=31428, stack(0x000000e21cc00000,0x000000e21cd00000) (1024K)]
  0x0000024807bf9fa0 JavaThread "Timer-624"                         [_thread_blocked, id=33300, stack(0x000000e21d800000,0x000000e21d900000) (1024K)]
  0x0000024807bfc070 JavaThread "Timer-625"                         [_thread_blocked, id=11760, stack(0x000000e21d900000,0x000000e21da00000) (1024K)]
  0x0000024807bf8bf0 JavaThread "Timer-626"                         [_thread_blocked, id=29544, stack(0x000000e21da00000,0x000000e21db00000) (1024K)]
  0x0000024807bfdab0 JavaThread "Timer-627"                         [_thread_blocked, id=29676, stack(0x000000e21db00000,0x000000e21dc00000) (1024K)]
  0x0000024807bfa630 JavaThread "Timer-628"                         [_thread_blocked, id=28504, stack(0x000000e21dd00000,0x000000e21de00000) (1024K)]
  0x0000024807bfc700 JavaThread "Timer-629"                         [_thread_blocked, id=28316, stack(0x000000e21dc00000,0x000000e21dd00000) (1024K)]
  0x0000024807bfe140 JavaThread "Timer-630"                         [_thread_blocked, id=2600, stack(0x000000e21de00000,0x000000e21df00000) (1024K)]
  0x0000024807bfcd90 JavaThread "Timer-631"                         [_thread_blocked, id=31468, stack(0x000000e21df00000,0x000000e21e000000) (1024K)]
  0x0000024807bfacc0 JavaThread "Worker-588: Initialize workspace"        [_thread_blocked, id=28280, stack(0x000000e21d700000,0x000000e21d800000) (1024K)]
  0x0000024807c008a0 JavaThread "Timer-632"                         [_thread_blocked, id=32452, stack(0x000000e21e100000,0x000000e21e200000) (1024K)]
  0x0000024807c00f30 JavaThread "Timer-633"                         [_thread_blocked, id=28272, stack(0x000000e21e200000,0x000000e21e300000) (1024K)]
  0x0000024807bff4f0 JavaThread "Timer-634"                         [_thread_blocked, id=4168, stack(0x000000e21e300000,0x000000e21e400000) (1024K)]
  0x0000024807c015c0 JavaThread "Timer-635"                         [_thread_blocked, id=30736, stack(0x000000e21e400000,0x000000e21e500000) (1024K)]
  0x0000024807c00210 JavaThread "Timer-636"                         [_thread_blocked, id=22860, stack(0x000000e21e600000,0x000000e21e700000) (1024K)]
  0x0000024807c01c50 JavaThread "Timer-637"                         [_thread_blocked, id=24220, stack(0x000000e21e500000,0x000000e21e600000) (1024K)]
  0x0000024807bfe7d0 JavaThread "Timer-638"                         [_thread_blocked, id=22660, stack(0x000000e21e800000,0x000000e21e900000) (1024K)]
  0x0000024807c022e0 JavaThread "Timer-639"                         [_thread_blocked, id=22548, stack(0x000000e21e700000,0x000000e21e800000) (1024K)]
  0x0000024807bfb350 JavaThread "Worker-606: Initialize workspace"        [_thread_blocked, id=20036, stack(0x000000e21e000000,0x000000e21e100000) (1024K)]
  0x0000024807c02970 JavaThread "Timer-640"                         [_thread_blocked, id=30968, stack(0x000000e21ea00000,0x000000e21eb00000) (1024K)]
  0x0000024807c03000 JavaThread "Timer-641"                         [_thread_blocked, id=24996, stack(0x000000e21eb00000,0x000000e21ec00000) (1024K)]
  0x0000024807bffb80 JavaThread "Timer-642"                         [_thread_blocked, id=10244, stack(0x000000e21ee00000,0x000000e21ef00000) (1024K)]
  0x0000024807c03690 JavaThread "Timer-643"                         [_thread_blocked, id=28532, stack(0x000000e21ef00000,0x000000e21f000000) (1024K)]
  0x0000024807c03d20 JavaThread "Timer-644"                         [_thread_blocked, id=30052, stack(0x000000e21f000000,0x000000e21f100000) (1024K)]
  0x0000024807c043b0 JavaThread "Timer-645"                         [_thread_blocked, id=18540, stack(0x000000e21f100000,0x000000e21f200000) (1024K)]
  0x0000024807c06480 JavaThread "Timer-646"                         [_thread_blocked, id=23996, stack(0x000000e21f300000,0x000000e21f400000) (1024K)]
  0x0000024807c04a40 JavaThread "Timer-647"                         [_thread_blocked, id=32220, stack(0x000000e21f400000,0x000000e21f500000) (1024K)]
  0x0000024807bfee60 JavaThread "Worker-627: Initialize workspace"        [_thread_blocked, id=30620, stack(0x000000e21e900000,0x000000e21ea00000) (1024K)]
  0x0000024807c06b10 JavaThread "Timer-648"                         [_thread_blocked, id=23688, stack(0x000000e21f500000,0x000000e21f600000) (1024K)]
  0x0000024807c050d0 JavaThread "Timer-649"                         [_thread_blocked, id=21320, stack(0x000000e21f600000,0x000000e21f700000) (1024K)]
  0x0000024807c071a0 JavaThread "Timer-650"                         [_thread_blocked, id=23164, stack(0x000000e21f700000,0x000000e21f800000) (1024K)]
  0x0000024807c05760 JavaThread "Timer-651"                         [_thread_blocked, id=31052, stack(0x000000e21f800000,0x000000e21f900000) (1024K)]
  0x0000024807c07830 JavaThread "Timer-652"                         [_thread_blocked, id=33180, stack(0x000000e21fa00000,0x000000e21fb00000) (1024K)]
  0x0000024807c08be0 JavaThread "Timer-653"                         [_thread_blocked, id=9448, stack(0x000000e21f900000,0x000000e21fa00000) (1024K)]
  0x0000024807c09270 JavaThread "Timer-654"                         [_thread_blocked, id=5880, stack(0x000000e21fc00000,0x000000e21fd00000) (1024K)]
  0x0000024807c05df0 JavaThread "Timer-655"                         [_thread_blocked, id=31344, stack(0x000000e21fd00000,0x000000e21fe00000) (1024K)]
  0x0000024807c0b340 JavaThread "Worker-646: Initialize workspace"        [_thread_blocked, id=1424, stack(0x000000e21f200000,0x000000e21f300000) (1024K)]
  0x0000024807c0acb0 JavaThread "Timer-656"                         [_thread_blocked, id=32788, stack(0x000000e21fe00000,0x000000e21ff00000) (1024K)]
  0x0000024807c0b9d0 JavaThread "Timer-657"                         [_thread_blocked, id=14300, stack(0x000000e21ff00000,0x000000e220000000) (1024K)]
  0x0000024807c09900 JavaThread "Timer-658"                         [_thread_blocked, id=13240, stack(0x000000e220000000,0x000000e220100000) (1024K)]
  0x0000024807c08550 JavaThread "Timer-659"                         [_thread_blocked, id=28572, stack(0x000000e220100000,0x000000e220200000) (1024K)]
  0x0000024807c09f90 JavaThread "Timer-660"                         [_thread_blocked, id=25728, stack(0x000000e220300000,0x000000e220400000) (1024K)]
  0x0000024807c0c060 JavaThread "Timer-661"                         [_thread_blocked, id=11244, stack(0x000000e220200000,0x000000e220300000) (1024K)]
  0x0000024807c0c6f0 JavaThread "Timer-662"                         [_thread_blocked, id=32916, stack(0x000000e220500000,0x000000e220600000) (1024K)]
  0x0000024807c0fb70 JavaThread "Timer-663"                         [_thread_blocked, id=29068, stack(0x000000e220400000,0x000000e220500000) (1024K)]
  0x0000024807c0cd80 JavaThread "Worker-667: Initialize workspace"        [_thread_blocked, id=25904, stack(0x000000e21fb00000,0x000000e21fc00000) (1024K)]
  0x0000024807c0a620 JavaThread "Timer-664"                         [_thread_blocked, id=7832, stack(0x000000e220700000,0x000000e220800000) (1024K)]
  0x0000024807c0ee50 JavaThread "Timer-665"                         [_thread_blocked, id=31504, stack(0x000000e220800000,0x000000e220900000) (1024K)]
  0x0000024807c10890 JavaThread "Timer-666"                         [_thread_blocked, id=29128, stack(0x000000e220900000,0x000000e220a00000) (1024K)]
  0x0000024807c0f4e0 JavaThread "Timer-667"                         [_thread_blocked, id=30128, stack(0x000000e220a00000,0x000000e220b00000) (1024K)]
  0x0000024807c10200 JavaThread "Timer-668"                         [_thread_blocked, id=7508, stack(0x000000e220c00000,0x000000e220d00000) (1024K)]
  0x0000024807c0daa0 JavaThread "Timer-669"                         [_thread_blocked, id=16088, stack(0x000000e220b00000,0x000000e220c00000) (1024K)]
  0x0000024807c0e130 JavaThread "Timer-670"                         [_thread_blocked, id=27464, stack(0x000000e220e00000,0x000000e220f00000) (1024K)]
  0x0000024807bdfba0 JavaThread "Timer-671"                         [_thread_blocked, id=3404, stack(0x000000e220f00000,0x000000e221000000) (1024K)]
  0x0000024807c0d410 JavaThread "Worker-683: Initialize workspace"        [_thread_blocked, id=22752, stack(0x000000e220600000,0x000000e220700000) (1024K)]
  0x0000024807bf8560 JavaThread "Timer-672"                         [_thread_blocked, id=9924, stack(0x000000e221000000,0x000000e221100000) (1024K)]
  0x0000024807c0e7c0 JavaThread "Timer-673"                         [_thread_blocked, id=24504, stack(0x000000e221100000,0x000000e221200000) (1024K)]
  0x00000247ffc49d30 JavaThread "Timer-674"                         [_thread_blocked, id=23284, stack(0x000000e221200000,0x000000e221300000) (1024K)]
  0x000002480730d920 JavaThread "Timer-675"                         [_thread_blocked, id=19220, stack(0x000000e221300000,0x000000e221400000) (1024K)]
  0x0000024807845540 JavaThread "Timer-676"                         [_thread_blocked, id=32520, stack(0x000000e221500000,0x000000e221600000) (1024K)]
  0x0000024807847ca0 JavaThread "Timer-677"                         [_thread_blocked, id=29840, stack(0x000000e221400000,0x000000e221500000) (1024K)]
  0x0000024807845bd0 JavaThread "Timer-678"                         [_thread_blocked, id=30708, stack(0x000000e221700000,0x000000e221800000) (1024K)]
  0x00000248078468f0 JavaThread "Timer-679"                         [_thread_blocked, id=22156, stack(0x000000e221600000,0x000000e221700000) (1024K)]
  0x0000024807846f80 JavaThread "Worker-703: Initialize workspace"        [_thread_blocked, id=1996, stack(0x000000e220d00000,0x000000e220e00000) (1024K)]
  0x0000024807848330 JavaThread "Timer-680"                         [_thread_blocked, id=28596, stack(0x000000e221900000,0x000000e221a00000) (1024K)]
  0x0000024807844eb0 JavaThread "Timer-681"                         [_thread_blocked, id=33500, stack(0x000000e221a00000,0x000000e221b00000) (1024K)]
  0x000002480784b120 JavaThread "Timer-682"                         [_thread_blocked, id=23308, stack(0x000000e221b00000,0x000000e221c00000) (1024K)]
  0x00000248078489c0 JavaThread "Timer-683"                         [_thread_blocked, id=24140, stack(0x000000e221c00000,0x000000e221d00000) (1024K)]
  0x0000024807849d70 JavaThread "Timer-684"                         [_thread_blocked, id=28388, stack(0x000000e221e00000,0x000000e221f00000) (1024K)]
  0x000002480784b7b0 JavaThread "Timer-685"                         [_thread_blocked, id=30504, stack(0x000000e221d00000,0x000000e221e00000) (1024K)]
  0x000002480784be40 JavaThread "Timer-686"                         [_thread_blocked, id=29468, stack(0x000000e221f00000,0x000000e222000000) (1024K)]
  0x000002480784c4d0 JavaThread "Timer-687"                         [_thread_blocked, id=31916, stack(0x000000e222100000,0x000000e222200000) (1024K)]
  0x0000024807849050 JavaThread "Worker-721: Initialize workspace"        [_thread_blocked, id=16952, stack(0x000000e221800000,0x000000e221900000) (1024K)]
  0x00000248078496e0 JavaThread "Timer-688"                         [_thread_blocked, id=24524, stack(0x000000e222200000,0x000000e222300000) (1024K)]
  0x000002480784aa90 JavaThread "Timer-689"                         [_thread_blocked, id=28784, stack(0x000000e222300000,0x000000e222400000) (1024K)]
  0x0000024807847610 JavaThread "Timer-690"                         [_thread_blocked, id=14264, stack(0x000000e222400000,0x000000e222500000) (1024K)]
  0x000002480784f2c0 JavaThread "Timer-691"                         [_thread_blocked, id=30880, stack(0x000000e222500000,0x000000e222600000) (1024K)]
  0x000002480784e5a0 JavaThread "Timer-692"                         [_thread_blocked, id=33380, stack(0x000000e222700000,0x000000e222800000) (1024K)]
  0x000002480784ec30 JavaThread "Timer-693"                         [_thread_blocked, id=12060, stack(0x000000e222600000,0x000000e222700000) (1024K)]
  0x000002480784f950 JavaThread "Timer-694"                         [_thread_blocked, id=32684, stack(0x000000e222800000,0x000000e222900000) (1024K)]
  0x000002480784d880 JavaThread "Timer-695"                         [_thread_blocked, id=5092, stack(0x000000e222a00000,0x000000e222b00000) (1024K)]
  0x000002480784df10 JavaThread "Worker-736: Initialize workspace"        [_thread_blocked, id=32024, stack(0x000000e222900000,0x000000e222a00000) (1024K)]
  0x000002480784a400 JavaThread "Timer-696"                         [_thread_blocked, id=9832, stack(0x000000e222b00000,0x000000e222c00000) (1024K)]
  0x0000024807850670 JavaThread "Timer-697"                         [_thread_blocked, id=27864, stack(0x000000e222c00000,0x000000e222d00000) (1024K)]
  0x000002480784ffe0 JavaThread "Timer-698"                         [_thread_blocked, id=16476, stack(0x000000e222d00000,0x000000e222e00000) (1024K)]
  0x0000024807853af0 JavaThread "Timer-699"                         [_thread_blocked, id=31776, stack(0x000000e222e00000,0x000000e222f00000) (1024K)]
  0x0000024807852dd0 JavaThread "Timer-700"                         [_thread_blocked, id=31484, stack(0x000000e223000000,0x000000e223100000) (1024K)]
  0x0000024807854180 JavaThread "Timer-701"                         [_thread_blocked, id=4408, stack(0x000000e222f00000,0x000000e223000000) (1024K)]
  0x0000024807851390 JavaThread "Timer-702"                         [_thread_blocked, id=11196, stack(0x000000e223200000,0x000000e223300000) (1024K)]
  0x0000024807853460 JavaThread "Timer-703"                         [_thread_blocked, id=30212, stack(0x000000e223300000,0x000000e223400000) (1024K)]
  0x000002480784cb60 JavaThread "Worker-758: Initialize workspace"        [_thread_blocked, id=19304, stack(0x000000e222000000,0x000000e222100000) (1024K)]
  0x00000248078520b0 JavaThread "Timer-704"                         [_thread_blocked, id=24472, stack(0x000000e223400000,0x000000e223500000) (1024K)]
  0x0000024807854810 JavaThread "Timer-705"                         [_thread_blocked, id=13544, stack(0x000000e223500000,0x000000e223600000) (1024K)]
  0x0000024807851a20 JavaThread "Timer-706"                         [_thread_blocked, id=31628, stack(0x000000e223600000,0x000000e223700000) (1024K)]
  0x0000024807854ea0 JavaThread "Timer-707"                         [_thread_blocked, id=28444, stack(0x000000e223700000,0x000000e223800000) (1024K)]
  0x0000024807855bc0 JavaThread "Timer-708"                         [_thread_blocked, id=20600, stack(0x000000e223900000,0x000000e223a00000) (1024K)]
  0x0000024807855530 JavaThread "Timer-709"                         [_thread_blocked, id=31864, stack(0x000000e223800000,0x000000e223900000) (1024K)]
  0x0000024807852740 JavaThread "Timer-710"                         [_thread_blocked, id=23844, stack(0x000000e223a00000,0x000000e223b00000) (1024K)]
  0x00000248078589b0 JavaThread "Timer-711"                         [_thread_blocked, id=5324, stack(0x000000e223c00000,0x000000e223d00000) (1024K)]
  0x000002480784d1f0 JavaThread "Worker-776: Initialize workspace"        [_thread_blocked, id=15992, stack(0x000000e21bd00000,0x000000e21be00000) (1024K)]
  0x0000024807857600 JavaThread "Timer-712"                         [_thread_blocked, id=15620, stack(0x000000e223d00000,0x000000e223e00000) (1024K)]
  0x0000024807859040 JavaThread "Timer-713"                         [_thread_blocked, id=32644, stack(0x000000e223e00000,0x000000e223f00000) (1024K)]
  0x0000024807857c90 JavaThread "Timer-714"                         [_thread_blocked, id=24804, stack(0x000000e223f00000,0x000000e224000000) (1024K)]
  0x0000024807858320 JavaThread "Timer-715"                         [_thread_blocked, id=26676, stack(0x000000e224000000,0x000000e224100000) (1024K)]
  0x00000248078596d0 JavaThread "Timer-716"                         [_thread_blocked, id=3808, stack(0x000000e224100000,0x000000e224200000) (1024K)]
  0x0000024807856250 JavaThread "Timer-717"                         [_thread_blocked, id=26308, stack(0x000000e224200000,0x000000e224300000) (1024K)]
  0x000002480785a3f0 JavaThread "Timer-718"                         [_thread_blocked, id=14320, stack(0x000000e224400000,0x000000e224500000) (1024K)]
  0x0000024807856f70 JavaThread "Timer-719"                         [_thread_blocked, id=29692, stack(0x000000e224500000,0x000000e224600000) (1024K)]
  0x00000248078568e0 JavaThread "Worker-796: Initialize workspace"        [_thread_blocked, id=32340, stack(0x000000e223b00000,0x000000e223c00000) (1024K)]
  0x000002480785be30 JavaThread "Timer-720"                         [_thread_blocked, id=21736, stack(0x000000e224600000,0x000000e224700000) (1024K)]
  0x000002480785b7a0 JavaThread "Timer-721"                         [_thread_blocked, id=30932, stack(0x000000e224700000,0x000000e224800000) (1024K)]
  0x000002480785b110 JavaThread "Timer-722"                         [_thread_blocked, id=21284, stack(0x000000e224800000,0x000000e224900000) (1024K)]
  0x000002480785c4c0 JavaThread "Timer-723"                         [_thread_blocked, id=25060, stack(0x000000e224900000,0x000000e224a00000) (1024K)]
  0x000002480785d1e0 JavaThread "Timer-724"                         [_thread_blocked, id=29672, stack(0x000000e224b00000,0x000000e224c00000) (1024K)]
  0x000002480785cb50 JavaThread "Timer-725"                         [_thread_blocked, id=3576, stack(0x000000e224a00000,0x000000e224b00000) (1024K)]
  0x0000024807859d60 JavaThread "Timer-726"                         [_thread_blocked, id=24760, stack(0x000000e224d00000,0x000000e224e00000) (1024K)]
  0x000002480785df00 JavaThread "Timer-727"                         [_thread_blocked, id=29708, stack(0x000000e224e00000,0x000000e224f00000) (1024K)]
  0x000002480785d870 JavaThread "Worker-815: Initialize workspace"        [_thread_blocked, id=8692, stack(0x000000e224300000,0x000000e224400000) (1024K)]
  0x000002480785aa80 JavaThread "Timer-728"                         [_thread_blocked, id=22744, stack(0x000000e224c00000,0x000000e224d00000) (1024K)]
  0x000002480785ec20 JavaThread "Timer-729"                         [_thread_blocked, id=30600, stack(0x000000e225000000,0x000000e225100000) (1024K)]
  0x0000024807860cf0 JavaThread "Timer-730"                         [_thread_blocked, id=332, stack(0x000000e225100000,0x000000e225200000) (1024K)]
  0x000002480785f940 JavaThread "Timer-731"                         [_thread_blocked, id=33444, stack(0x000000e225200000,0x000000e225300000) (1024K)]
  0x00000248078620a0 JavaThread "Timer-732"                         [_thread_blocked, id=31952, stack(0x000000e225400000,0x000000e225500000) (1024K)]
  0x0000024807862730 JavaThread "Timer-733"                         [_thread_blocked, id=32488, stack(0x000000e225300000,0x000000e225400000) (1024K)]
  0x0000024807861380 JavaThread "Timer-734"                         [_thread_blocked, id=29968, stack(0x000000e225600000,0x000000e225700000) (1024K)]
  0x000002480785f2b0 JavaThread "Timer-735"                         [_thread_blocked, id=24360, stack(0x000000e225500000,0x000000e225600000) (1024K)]
  0x000002480785e590 JavaThread "Worker-829: Initialize workspace"        [_thread_blocked, id=10072, stack(0x000000e224f00000,0x000000e225000000) (1024K)]
  0x0000024807860660 JavaThread "Timer-736"                         [_thread_blocked, id=24364, stack(0x000000e225800000,0x000000e225900000) (1024K)]
  0x0000024807864e90 JavaThread "Timer-737"                         [_thread_blocked, id=16400, stack(0x000000e225900000,0x000000e225a00000) (1024K)]
  0x0000024807865520 JavaThread "Timer-738"                         [_thread_blocked, id=24788, stack(0x000000e225a00000,0x000000e225b00000) (1024K)]
  0x0000024807863450 JavaThread "Timer-739"                         [_thread_blocked, id=32548, stack(0x000000e225b00000,0x000000e225c00000) (1024K)]
  0x0000024807866240 JavaThread "Timer-740"                         [_thread_blocked, id=16388, stack(0x000000e225d00000,0x000000e225e00000) (1024K)]
  0x0000024807864170 JavaThread "Timer-741"                         [_thread_blocked, id=6312, stack(0x000000e225c00000,0x000000e225d00000) (1024K)]
  0x0000024807864800 JavaThread "Timer-742"                         [_thread_blocked, id=30908, stack(0x000000e225e00000,0x000000e225f00000) (1024K)]
  0x0000024807863ae0 JavaThread "Timer-743"                         [_thread_blocked, id=30096, stack(0x000000e226000000,0x000000e226100000) (1024K)]
  0x000002480785ffd0 JavaThread "Worker-848: Initialize workspace"        [_thread_blocked, id=23668, stack(0x000000e225700000,0x000000e225800000) (1024K)]
  0x0000024807866f60 JavaThread "Timer-744"                         [_thread_blocked, id=21560, stack(0x000000e225f00000,0x000000e226000000) (1024K)]
  0x0000024807865bb0 JavaThread "Timer-745"                         [_thread_blocked, id=31688, stack(0x000000e226200000,0x000000e226300000) (1024K)]
  0x0000024807869030 JavaThread "Timer-746"                         [_thread_blocked, id=11328, stack(0x000000e226300000,0x000000e226400000) (1024K)]
  0x0000024807868310 JavaThread "Timer-747"                         [_thread_blocked, id=31896, stack(0x000000e226400000,0x000000e226500000) (1024K)]
  0x0000024807869d50 JavaThread "Timer-748"                         [_thread_blocked, id=4332, stack(0x000000e226500000,0x000000e226600000) (1024K)]
  0x00000248078689a0 JavaThread "Timer-749"                         [_thread_blocked, id=32260, stack(0x000000e226600000,0x000000e226700000) (1024K)]
  0x00000248078696c0 JavaThread "Timer-750"                         [_thread_blocked, id=29116, stack(0x000000e226700000,0x000000e226800000) (1024K)]
  0x000002480786a3e0 JavaThread "Timer-751"                         [_thread_blocked, id=20728, stack(0x000000e226900000,0x000000e226a00000) (1024K)]
  0x00000248078668d0 JavaThread "Worker-861: Initialize workspace"        [_thread_blocked, id=28956, stack(0x000000e226800000,0x000000e226900000) (1024K)]
  0x00000248078675f0 JavaThread "Timer-752"                         [_thread_blocked, id=28212, stack(0x000000e226b00000,0x000000e226c00000) (1024K)]
  0x000002480786b100 JavaThread "Timer-753"                         [_thread_blocked, id=29720, stack(0x000000e226c00000,0x000000e226d00000) (1024K)]
  0x0000024807867c80 JavaThread "Timer-754"                         [_thread_blocked, id=31732, stack(0x000000e226d00000,0x000000e226e00000) (1024K)]
  0x000002480786d1d0 JavaThread "Timer-755"                         [_thread_blocked, id=25316, stack(0x000000e226e00000,0x000000e226f00000) (1024K)]
  0x000002480786def0 JavaThread "Timer-756"                         [_thread_blocked, id=23084, stack(0x000000e227000000,0x000000e227100000) (1024K)]
  0x000002480786be20 JavaThread "Timer-757"                         [_thread_blocked, id=31384, stack(0x000000e226f00000,0x000000e227000000) (1024K)]
  0x000002480786c4b0 JavaThread "Timer-758"                         [_thread_blocked, id=31836, stack(0x000000e227200000,0x000000e227300000) (1024K)]
  0x000002480786ec10 JavaThread "Timer-759"                         [_thread_blocked, id=30804, stack(0x000000e227300000,0x000000e227400000) (1024K)]
  0x000002480786d860 JavaThread "Worker-875: Initialize workspace"        [_thread_blocked, id=29600, stack(0x000000e227100000,0x000000e227200000) (1024K)]
  0x000002480786e580 JavaThread "Timer-760"                         [_thread_blocked, id=28512, stack(0x000000e227400000,0x000000e227500000) (1024K)]
  0x000002480786b790 JavaThread "Timer-761"                         [_thread_blocked, id=8404, stack(0x000000e227500000,0x000000e227600000) (1024K)]
  0x000002480786cb40 JavaThread "Timer-762"                         [_thread_blocked, id=27012, stack(0x000000e227600000,0x000000e227700000) (1024K)]
  0x0000024807872720 JavaThread "Timer-763"                         [_thread_blocked, id=33784, stack(0x000000e227700000,0x000000e227800000) (1024K)]
  0x0000024807871370 JavaThread "Timer-764"                         [_thread_blocked, id=24256, stack(0x000000e227900000,0x000000e227a00000) (1024K)]
  0x0000024807872090 JavaThread "Timer-765"                         [_thread_blocked, id=21744, stack(0x000000e227800000,0x000000e227900000) (1024K)]
  0x000002480786f2a0 JavaThread "Timer-766"                         [_thread_blocked, id=21948, stack(0x000000e227b00000,0x000000e227c00000) (1024K)]
  0x0000024807871a00 JavaThread "Timer-767"                         [_thread_blocked, id=17776, stack(0x000000e227c00000,0x000000e227d00000) (1024K)]
  0x000002480786aa70 JavaThread "Worker-891: Initialize workspace"        [_thread_blocked, id=22568, stack(0x000000e226a00000,0x000000e226b00000) (1024K)]
  0x000002480786f930 JavaThread "Timer-768"                         [_thread_blocked, id=2616, stack(0x000000e227d00000,0x000000e227e00000) (1024K)]
  0x0000024807873440 JavaThread "Timer-769"                         [_thread_blocked, id=23368, stack(0x000000e227e00000,0x000000e227f00000) (1024K)]
  0x0000024807870ce0 JavaThread "Timer-770"                         [_thread_blocked, id=18328, stack(0x000000e227f00000,0x000000e228000000) (1024K)]
  0x000002480786ffc0 JavaThread "Timer-771"                         [_thread_blocked, id=25240, stack(0x000000e228000000,0x000000e228100000) (1024K)]
  0x0000024807873ad0 JavaThread "Timer-772"                         [_thread_blocked, id=33216, stack(0x000000e228200000,0x000000e228300000) (1024K)]
  0x0000024807870650 JavaThread "Timer-773"                         [_thread_blocked, id=25764, stack(0x000000e228100000,0x000000e228200000) (1024K)]
  0x0000024807874e80 JavaThread "Timer-774"                         [_thread_blocked, id=28680, stack(0x000000e228400000,0x000000e228500000) (1024K)]
  0x0000024807875ba0 JavaThread "Timer-775"                         [_thread_blocked, id=11600, stack(0x000000e228300000,0x000000e228400000) (1024K)]
  0x0000024807874160 JavaThread "Worker-906: Initialize workspace"        [_thread_blocked, id=28320, stack(0x000000e227a00000,0x000000e227b00000) (1024K)]
  0x00000248078747f0 JavaThread "Timer-776"                         [_thread_blocked, id=26204, stack(0x000000e228500000,0x000000e228600000) (1024K)]
  0x0000024807872db0 JavaThread "Timer-777"                         [_thread_blocked, id=28700, stack(0x000000e228600000,0x000000e228700000) (1024K)]
  0x0000024807877c70 JavaThread "Timer-778"                         [_thread_blocked, id=25472, stack(0x000000e228700000,0x000000e228800000) (1024K)]
  0x0000024807876230 JavaThread "Timer-779"                         [_thread_blocked, id=27696, stack(0x000000e228800000,0x000000e228900000) (1024K)]
  0x0000024807876f50 JavaThread "Timer-780"                         [_thread_blocked, id=3100, stack(0x000000e228900000,0x000000e228a00000) (1024K)]
  0x0000024807878300 JavaThread "Timer-781"                         [_thread_blocked, id=18636, stack(0x000000e228a00000,0x000000e228b00000) (1024K)]
  0x00000248078775e0 JavaThread "Timer-782"                         [_thread_blocked, id=10876, stack(0x000000e228b00000,0x000000e228c00000) (1024K)]
  0x0000024807878990 JavaThread "Timer-783"                         [_thread_blocked, id=30484, stack(0x000000e228c00000,0x000000e228d00000) (1024K)]
  0x0000024807861a10 JavaThread "Worker-925: Initialize workspace"        [_thread_blocked, id=852, stack(0x000000e223100000,0x000000e223200000) (1024K)]
  0x0000024807879020 JavaThread "Timer-784"                         [_thread_blocked, id=30252, stack(0x000000e228e00000,0x000000e228f00000) (1024K)]
  0x000002480787b0f0 JavaThread "Timer-785"                         [_thread_blocked, id=30004, stack(0x000000e228f00000,0x000000e229000000) (1024K)]
  0x000002480787be10 JavaThread "Timer-786"                         [_thread_blocked, id=19356, stack(0x000000e229000000,0x000000e229100000) (1024K)]
  0x000002480787c4a0 JavaThread "Timer-787"                         [_thread_blocked, id=10784, stack(0x000000e229100000,0x000000e229200000) (1024K)]
  0x00000248078796b0 JavaThread "Timer-788"                         [_thread_blocked, id=28236, stack(0x000000e229200000,0x000000e229300000) (1024K)]
  0x000002480787d1c0 JavaThread "Timer-789"                         [_thread_blocked, id=27608, stack(0x000000e229300000,0x000000e229400000) (1024K)]
  0x000002480787cb30 JavaThread "Timer-790"                         [_thread_blocked, id=33416, stack(0x000000e229400000,0x000000e229500000) (1024K)]
  0x0000024807879d40 JavaThread "Timer-791"                         [_thread_blocked, id=17644, stack(0x000000e229500000,0x000000e229600000) (1024K)]
  0x00000248078768c0 JavaThread "Worker-944: Initialize workspace"        [_thread_blocked, id=24396, stack(0x000000e228d00000,0x000000e228e00000) (1024K)]
  0x000002480787d850 JavaThread "Timer-792"                         [_thread_blocked, id=32100, stack(0x000000e229700000,0x000000e229800000) (1024K)]
  0x000002480787b780 JavaThread "Timer-793"                         [_thread_blocked, id=3492, stack(0x000000e229800000,0x000000e229900000) (1024K)]
  0x000002480787a3d0 JavaThread "Timer-794"                         [_thread_blocked, id=7516, stack(0x000000e229900000,0x000000e229a00000) (1024K)]
  0x000002480787dee0 JavaThread "Timer-795"                         [_thread_blocked, id=21712, stack(0x000000e229a00000,0x000000e229b00000) (1024K)]
  0x000002480787aa60 JavaThread "Timer-796"                         [_thread_blocked, id=26088, stack(0x000000e229b00000,0x000000e229c00000) (1024K)]
  0x0000024807880640 JavaThread "Timer-797"                         [_thread_blocked, id=26444, stack(0x000000e229c00000,0x000000e229d00000) (1024K)]
  0x000002480787ec00 JavaThread "Timer-798"                         [_thread_blocked, id=18152, stack(0x000000e229e00000,0x000000e229f00000) (1024K)]
  0x0000024807880cd0 JavaThread "Timer-799"                         [_thread_blocked, id=24284, stack(0x000000e229d00000,0x000000e229e00000) (1024K)]
  0x0000024807875510 JavaThread "Worker-960: Initialize workspace"        [_thread_blocked, id=27840, stack(0x000000e229f00000,0x000000e22a000000) (1024K)]
  0x000002480787f290 JavaThread "Timer-800"                         [_thread_blocked, id=33412, stack(0x000000e22a000000,0x000000e22a100000) (1024K)]
  0x000002480787e570 JavaThread "Timer-801"                         [_thread_blocked, id=8616, stack(0x000000e22a100000,0x000000e22a200000) (1024K)]
  0x000002480787f920 JavaThread "Timer-802"                         [_thread_blocked, id=8452, stack(0x000000e22a200000,0x000000e22a300000) (1024K)]
  0x0000024807881360 JavaThread "Timer-803"                         [_thread_blocked, id=30680, stack(0x000000e22a300000,0x000000e22a400000) (1024K)]
  0x0000024807882080 JavaThread "Timer-804"                         [_thread_blocked, id=31508, stack(0x000000e22a400000,0x000000e22a500000) (1024K)]
  0x0000024807883430 JavaThread "Timer-805"                         [_thread_blocked, id=23624, stack(0x000000e22a500000,0x000000e22a600000) (1024K)]
  0x0000024807882da0 JavaThread "Timer-806"                         [_thread_blocked, id=33752, stack(0x000000e22a600000,0x000000e22a700000) (1024K)]
  0x000002480787ffb0 JavaThread "Timer-807"                         [_thread_blocked, id=30480, stack(0x000000e22a700000,0x000000e22a800000) (1024K)]
  0x00000248078819f0 JavaThread "Worker-976: Initialize workspace"        [_thread_blocked, id=22640, stack(0x000000e22a800000,0x000000e22a900000) (1024K)]
  0x00000248078847e0 JavaThread "Timer-808"                         [_thread_blocked, id=32392, stack(0x000000e22a900000,0x000000e22aa00000) (1024K)]
  0x0000024807882710 JavaThread "Timer-809"                         [_thread_blocked, id=27084, stack(0x000000e22aa00000,0x000000e22ab00000) (1024K)]
  0x0000024807883ac0 JavaThread "Timer-810"                         [_thread_blocked, id=21512, stack(0x000000e22ab00000,0x000000e22ac00000) (1024K)]
  0x0000024807850d00 JavaThread "Timer-811"                         [_thread_blocked, id=28500, stack(0x000000e22ac00000,0x000000e22ad00000) (1024K)]
  0x0000024807c07ec0 JavaThread "Timer-812"                         [_thread_blocked, id=24968, stack(0x000000e22ad00000,0x000000e22ae00000) (1024K)]
  0x00000247ffa5a890 JavaThread "Timer-813"                         [_thread_blocked, id=30568, stack(0x000000e22ae00000,0x000000e22af00000) (1024K)]
  0x0000024807be71c0 JavaThread "Timer-814"                         [_thread_blocked, id=33268, stack(0x000000e22b000000,0x000000e22b100000) (1024K)]
  0x00000248085282b0 JavaThread "Timer-815"                         [_thread_blocked, id=29916, stack(0x000000e22b100000,0x000000e22b200000) (1024K)]
  0x0000024808527c20 JavaThread "Worker-994: Initialize workspace"        [_thread_blocked, id=32416, stack(0x000000e229600000,0x000000e229700000) (1024K)]
  0x0000024808528940 JavaThread "Timer-816"                         [_thread_blocked, id=29984, stack(0x000000e22b200000,0x000000e22b300000) (1024K)]
  0x0000024808528fd0 JavaThread "Timer-817"                         [_thread_blocked, id=32052, stack(0x000000e22b300000,0x000000e22b400000) (1024K)]
  0x0000024808529660 JavaThread "Timer-818"                         [_thread_blocked, id=12344, stack(0x000000e22b400000,0x000000e22b500000) (1024K)]
  0x000002480852d170 JavaThread "Timer-819"                         [_thread_blocked, id=27808, stack(0x000000e22b500000,0x000000e22b600000) (1024K)]
  0x000002480852bdc0 JavaThread "Timer-820"                         [_thread_blocked, id=13580, stack(0x000000e22b700000,0x000000e22b800000) (1024K)]
  0x0000024808529cf0 JavaThread "Timer-821"                         [_thread_blocked, id=25260, stack(0x000000e22b600000,0x000000e22b700000) (1024K)]
  0x000002480852b730 JavaThread "Timer-822"                         [_thread_blocked, id=29748, stack(0x000000e22b900000,0x000000e22ba00000) (1024K)]
  0x000002480852cae0 JavaThread "Timer-823"                         [_thread_blocked, id=9356, stack(0x000000e22bb00000,0x000000e22bc00000) (1024K)]
  0x000002480852a380 JavaThread "Worker-1011: Initialize workspace"        [_thread_blocked, id=27760, stack(0x000000e22af00000,0x000000e22b000000) (1024K)]
  0x000002480852aa10 JavaThread "Worker-1016: Initialize workspace"        [_thread_blocked, id=31868, stack(0x000000e22b800000,0x000000e22b900000) (1024K)]
  0x000002480852b0a0 JavaThread "Timer-824"                         [_thread_blocked, id=30624, stack(0x000000e22ba00000,0x000000e22bb00000) (1024K)]
  0x000002480852f8d0 JavaThread "Timer-825"                         [_thread_blocked, id=31308, stack(0x000000e22bc00000,0x000000e22bd00000) (1024K)]
  0x000002480852d800 JavaThread "Timer-826"                         [_thread_blocked, id=23156, stack(0x000000e22bd00000,0x000000e22be00000) (1024K)]
  0x000002480852de90 JavaThread "Timer-827"                         [_thread_blocked, id=11392, stack(0x000000e22be00000,0x000000e22bf00000) (1024K)]
  0x000002480852f240 JavaThread "Timer-828"                         [_thread_blocked, id=31904, stack(0x000000e22bf00000,0x000000e22c000000) (1024K)]
  0x000002480852e520 JavaThread "Timer-829"                         [_thread_blocked, id=33716, stack(0x000000e22c000000,0x000000e22c100000) (1024K)]
  0x000002480852ebb0 JavaThread "Timer-830"                         [_thread_blocked, id=30852, stack(0x000000e22c200000,0x000000e22c300000) (1024K)]
  0x000002480852c450 JavaThread "Timer-831"                         [_thread_blocked, id=20944, stack(0x000000e22c100000,0x000000e22c200000) (1024K)]
  0x00000248085305f0 JavaThread "Timer-832"                         [_thread_blocked, id=23976, stack(0x000000e22c400000,0x000000e22c500000) (1024K)]
  0x00000248085333e0 JavaThread "Timer-833"                         [_thread_blocked, id=32408, stack(0x000000e22c500000,0x000000e22c600000) (1024K)]
  0x0000024808533a70 JavaThread "Timer-834"                         [_thread_blocked, id=20544, stack(0x000000e22c600000,0x000000e22c700000) (1024K)]
  0x0000024808530c80 JavaThread "Timer-835"                         [_thread_blocked, id=32284, stack(0x000000e22c700000,0x000000e22c800000) (1024K)]
  0x00000248085319a0 JavaThread "Timer-836"                         [_thread_blocked, id=2080, stack(0x000000e22c900000,0x000000e22ca00000) (1024K)]
  0x0000024808534100 JavaThread "Timer-837"                         [_thread_blocked, id=26296, stack(0x000000e22c800000,0x000000e22c900000) (1024K)]
  0x0000024808534790 JavaThread "Timer-838"                         [_thread_blocked, id=26680, stack(0x000000e22ca00000,0x000000e22cb00000) (1024K)]
  0x0000024808531310 JavaThread "Timer-839"                         [_thread_blocked, id=22044, stack(0x000000e22cc00000,0x000000e22cd00000) (1024K)]
  0x000002480852ff60 JavaThread "Worker-1040: Initialize workspace"        [_thread_blocked, id=30928, stack(0x000000e22c300000,0x000000e22c400000) (1024K)]
  0x00000248085354b0 JavaThread "Timer-840"                         [_thread_blocked, id=33384, stack(0x000000e22cd00000,0x000000e22ce00000) (1024K)]
  0x0000024808532030 JavaThread "Timer-841"                         [_thread_blocked, id=33288, stack(0x000000e22ce00000,0x000000e22cf00000) (1024K)]
  0x0000024808535b40 JavaThread "Timer-842"                         [_thread_blocked, id=23876, stack(0x000000e22cf00000,0x000000e22d000000) (1024K)]
  0x00000248085326c0 JavaThread "Timer-843"                         [_thread_blocked, id=33420, stack(0x000000e22d000000,0x000000e22d100000) (1024K)]
  0x00000248085361d0 JavaThread "Timer-844"                         [_thread_blocked, id=22248, stack(0x000000e22d100000,0x000000e22d200000) (1024K)]
  0x0000024808532d50 JavaThread "Timer-845"                         [_thread_blocked, id=30120, stack(0x000000e22d200000,0x000000e22d300000) (1024K)]
  0x0000024808539ce0 JavaThread "Timer-846"                         [_thread_blocked, id=28744, stack(0x000000e22d400000,0x000000e22d500000) (1024K)]
  0x0000024808538930 JavaThread "Timer-847"                         [_thread_blocked, id=20924, stack(0x000000e22d300000,0x000000e22d400000) (1024K)]
  0x0000024808536860 JavaThread "Worker-1055: Initialize workspace"        [_thread_blocked, id=32036, stack(0x000000e22cb00000,0x000000e22cc00000) (1024K)]
  0x0000024808537580 JavaThread "Timer-848"                         [_thread_blocked, id=23152, stack(0x000000e22d500000,0x000000e22d600000) (1024K)]
  0x0000024808534e20 JavaThread "Timer-849"                         [_thread_blocked, id=4532, stack(0x000000e22d700000,0x000000e22d800000) (1024K)]
  0x0000024808537c10 JavaThread "Timer-850"                         [_thread_blocked, id=19212, stack(0x000000e22d800000,0x000000e22d900000) (1024K)]
  0x000002480853a370 JavaThread "Timer-851"                         [_thread_blocked, id=20668, stack(0x000000e22d900000,0x000000e22da00000) (1024K)]
  0x0000024808538fc0 JavaThread "Timer-852"                         [_thread_blocked, id=17624, stack(0x000000e22db00000,0x000000e22dc00000) (1024K)]
  0x0000024808539650 JavaThread "Timer-853"                         [_thread_blocked, id=8000, stack(0x000000e22da00000,0x000000e22db00000) (1024K)]
  0x000002480853aa00 JavaThread "Timer-854"                         [_thread_blocked, id=12792, stack(0x000000e22dc00000,0x000000e22dd00000) (1024K)]
  0x000002480853b720 JavaThread "Timer-855"                         [_thread_blocked, id=4424, stack(0x000000e22de00000,0x000000e22df00000) (1024K)]
  0x0000024808536ef0 JavaThread "Worker-1070: Initialize workspace"        [_thread_blocked, id=19128, stack(0x000000e22d600000,0x000000e22d700000) (1024K)]
  0x000002480853d7f0 JavaThread "Timer-856"                         [_thread_blocked, id=17640, stack(0x000000e22df00000,0x000000e22e000000) (1024K)]
  0x000002480853de80 JavaThread "Timer-857"                         [_thread_blocked, id=30828, stack(0x000000e22e100000,0x000000e22e200000) (1024K)]
  0x000002480853d160 JavaThread "Timer-858"                         [_thread_blocked, id=10180, stack(0x000000e22e000000,0x000000e22e100000) (1024K)]
  0x000002480853b090 JavaThread "Timer-859"                         [_thread_blocked, id=21964, stack(0x000000e22e200000,0x000000e22e300000) (1024K)]
  0x000002480853bdb0 JavaThread "Timer-860"                         [_thread_blocked, id=13672, stack(0x000000e22e400000,0x000000e22e500000) (1024K)]
  0x000002480853e510 JavaThread "Timer-861"                         [_thread_blocked, id=29036, stack(0x000000e22e500000,0x000000e22e600000) (1024K)]
  0x000002480853eba0 JavaThread "Timer-862"                         [_thread_blocked, id=10104, stack(0x000000e22e300000,0x000000e22e400000) (1024K)]
  0x000002480853c440 JavaThread "Timer-863"                         [_thread_blocked, id=144, stack(0x000000e22e700000,0x000000e22e800000) (1024K)]
  0x00000248085382a0 JavaThread "Worker-1086: Initialize workspace"        [_thread_blocked, id=23272, stack(0x000000e22e600000,0x000000e22e700000) (1024K)]
  0x000002480853f8c0 JavaThread "Timer-864"                         [_thread_blocked, id=12196, stack(0x000000e22e800000,0x000000e22e900000) (1024K)]
  0x000002480853cad0 JavaThread "Timer-865"                         [_thread_blocked, id=6764, stack(0x000000e22e900000,0x000000e22ea00000) (1024K)]
  0x0000024808541300 JavaThread "Timer-866"                         [_thread_blocked, id=28464, stack(0x000000e22ea00000,0x000000e22eb00000) (1024K)]
  0x000002480853ff50 JavaThread "Timer-867"                         [_thread_blocked, id=19984, stack(0x000000e22eb00000,0x000000e22ec00000) (1024K)]
  0x0000024808540c70 JavaThread "Timer-868"                         [_thread_blocked, id=16360, stack(0x000000e22ec00000,0x000000e22ed00000) (1024K)]
  0x0000024808541990 JavaThread "Timer-869"                         [_thread_blocked, id=21668, stack(0x000000e22ed00000,0x000000e22ee00000) (1024K)]
  0x0000024808542d40 JavaThread "Timer-870"                         [_thread_blocked, id=15812, stack(0x000000e22f000000,0x000000e22f100000) (1024K)]
  0x0000024808542020 JavaThread "Timer-871"                         [_thread_blocked, id=19920, stack(0x000000e22f300000,0x000000e22f400000) (1024K)]
  0x00000248085405e0 JavaThread "Worker-1098: Initialize workspace"        [_thread_blocked, id=33708, stack(0x000000e22dd00000,0x000000e22de00000) (1024K)]
  0x0000024808544780 JavaThread "Timer-872"                         [_thread_blocked, id=22400, stack(0x000000e22f200000,0x000000e22f300000) (1024K)]
  0x00000248085433d0 JavaThread "Timer-873"                         [_thread_blocked, id=30556, stack(0x000000e22f400000,0x000000e22f500000) (1024K)]
  0x0000024808544e10 JavaThread "Timer-874"                         [_thread_blocked, id=32668, stack(0x000000e22f500000,0x000000e22f600000) (1024K)]
  0x0000024808543a60 JavaThread "Timer-875"                         [_thread_blocked, id=32936, stack(0x000000e22f600000,0x000000e22f700000) (1024K)]
  0x00000248085454a0 JavaThread "Timer-876"                         [_thread_blocked, id=3740, stack(0x000000e22f800000,0x000000e22f900000) (1024K)]
  0x00000247ffc4cb20 JavaThread "Timer-877"                         [_thread_blocked, id=33076, stack(0x000000e22f700000,0x000000e22f800000) (1024K)]
  0x00000248085440f0 JavaThread "Timer-878"                         [_thread_blocked, id=1236, stack(0x000000e22f900000,0x000000e22fa00000) (1024K)]
  0x00000248085426b0 JavaThread "Timer-879"                         [_thread_blocked, id=33376, stack(0x000000e22fb00000,0x000000e22fc00000) (1024K)]
  0x000002480853f230 JavaThread "Worker-1114: Initialize workspace"        [_thread_blocked, id=11756, stack(0x000000e22f100000,0x000000e22f200000) (1024K)]
  0x00000248085461c0 JavaThread "Timer-880"                         [_thread_blocked, id=20576, stack(0x000000e22fc00000,0x000000e22fd00000) (1024K)]
  0x0000024808546850 JavaThread "Timer-881"                         [_thread_blocked, id=33664, stack(0x000000e22fd00000,0x000000e22fe00000) (1024K)]
  0x0000024807862dc0 JavaThread "Timer-882"                         [_thread_blocked, id=19080, stack(0x000000e22fe00000,0x000000e22ff00000) (1024K)]
  0x0000024807884150 JavaThread "Timer-883"                         [_thread_blocked, id=28608, stack(0x000000e22ff00000,0x000000e230000000) (1024K)]
  0x0000024809617b20 JavaThread "Timer-884"                         [_thread_blocked, id=19400, stack(0x000000e230100000,0x000000e230200000) (1024K)]
  0x0000024809616770 JavaThread "Timer-885"                         [_thread_blocked, id=33204, stack(0x000000e230000000,0x000000e230100000) (1024K)]
  0x0000024809616e00 JavaThread "Timer-886"                         [_thread_blocked, id=31324, stack(0x000000e230300000,0x000000e230400000) (1024K)]
  0x00000248096181b0 JavaThread "Timer-887"                         [_thread_blocked, id=24580, stack(0x000000e230200000,0x000000e230300000) (1024K)]
  0x0000024809618840 JavaThread "Worker-1132: Initialize workspace"        [_thread_blocked, id=31708, stack(0x000000e22fa00000,0x000000e22fb00000) (1024K)]
  0x0000024809618ed0 JavaThread "Timer-888"                         [_thread_blocked, id=24880, stack(0x000000e230500000,0x000000e230600000) (1024K)]
  0x00000248096160e0 JavaThread "Timer-889"                         [_thread_blocked, id=12384, stack(0x000000e230600000,0x000000e230700000) (1024K)]
  0x000002480961c9e0 JavaThread "Timer-890"                         [_thread_blocked, id=26648, stack(0x000000e230700000,0x000000e230800000) (1024K)]
  0x0000024809619bf0 JavaThread "Timer-891"                         [_thread_blocked, id=32640, stack(0x000000e230800000,0x000000e230900000) (1024K)]
  0x000002480961b630 JavaThread "Timer-892"                         [_thread_blocked, id=25500, stack(0x000000e230900000,0x000000e230a00000) (1024K)]
  0x000002480961d070 JavaThread "Timer-893"                         [_thread_blocked, id=4284, stack(0x000000e230a00000,0x000000e230b00000) (1024K)]
  0x000002480961d700 JavaThread "Timer-894"                         [_thread_blocked, id=30300, stack(0x000000e230b00000,0x000000e230c00000) (1024K)]
  0x000002480961a910 JavaThread "Timer-895"                         [_thread_blocked, id=32988, stack(0x000000e230d00000,0x000000e230e00000) (1024K)]
  0x000002480961afa0 JavaThread "Worker-1145: Initialize workspace"        [_thread_blocked, id=25956, stack(0x000000e230400000,0x000000e230500000) (1024K)]
  0x0000024809619560 JavaThread "Timer-896"                         [_thread_blocked, id=30952, stack(0x000000e230c00000,0x000000e230d00000) (1024K)]
  0x0000024809621210 JavaThread "Timer-897"                         [_thread_blocked, id=25564, stack(0x000000e231000000,0x000000e231100000) (1024K)]
  0x000002480961a280 JavaThread "Timer-898"                         [_thread_blocked, id=21244, stack(0x000000e230f00000,0x000000e231000000) (1024K)]
  0x00000248096204f0 JavaThread "Timer-899"                         [_thread_blocked, id=21620, stack(0x000000e231100000,0x000000e231200000) (1024K)]
  0x000002480961dd90 JavaThread "Timer-900"                         [_thread_blocked, id=30064, stack(0x000000e231200000,0x000000e231300000) (1024K)]
  0x0000024809620b80 JavaThread "Timer-901"                         [_thread_blocked, id=15064, stack(0x000000e231300000,0x000000e231400000) (1024K)]
  0x00000248096218a0 JavaThread "Timer-902"                         [_thread_blocked, id=19832, stack(0x000000e231400000,0x000000e231500000) (1024K)]
  0x000002480961e420 JavaThread "Timer-903"                         [_thread_blocked, id=2796, stack(0x000000e231500000,0x000000e231600000) (1024K)]
  0x000002480961c350 JavaThread "Worker-1159: Initialize workspace"        [_thread_blocked, id=2560, stack(0x000000e226100000,0x000000e226200000) (1024K)]
  0x000002480961f140 JavaThread "Timer-904"                         [_thread_blocked, id=3184, stack(0x000000e231700000,0x000000e231800000) (1024K)]
  0x000002480961bcc0 JavaThread "Timer-905"                         [_thread_blocked, id=33124, stack(0x000000e231800000,0x000000e231900000) (1024K)]
  0x000002480961fe60 JavaThread "Timer-906"                         [_thread_blocked, id=3340, stack(0x000000e231900000,0x000000e231a00000) (1024K)]
  0x00000248096225c0 JavaThread "Timer-907"                         [_thread_blocked, id=31460, stack(0x000000e231a00000,0x000000e231b00000) (1024K)]
  0x00000248096232e0 JavaThread "Timer-908"                         [_thread_blocked, id=33728, stack(0x000000e231c00000,0x000000e231d00000) (1024K)]
  0x0000024809624690 JavaThread "Timer-909"                         [_thread_blocked, id=22068, stack(0x000000e231b00000,0x000000e231c00000) (1024K)]
  0x0000024809624000 JavaThread "Timer-910"                         [_thread_blocked, id=8348, stack(0x000000e231e00000,0x000000e231f00000) (1024K)]
  0x00000248096260d0 JavaThread "Timer-911"                         [_thread_blocked, id=30296, stack(0x000000e231f00000,0x000000e232000000) (1024K)]
  0x000002480961eab0 JavaThread "Worker-1172: Initialize workspace"        [_thread_blocked, id=36112, stack(0x000000e230e00000,0x000000e230f00000) (1024K)]
  0x0000024809623970 JavaThread "PatternSearchJob-worker-9"  daemon [_thread_blocked, id=3712, stack(0x000000e232100000,0x000000e232200000) (1024K)]
  0x0000024809621f30 JavaThread "PatternSearchJob-worker-10" daemon [_thread_blocked, id=36004, stack(0x000000e232200000,0x000000e232300000) (1024K)]
  0x0000024809626760 JavaThread "PatternSearchJob-worker-11" daemon [_thread_blocked, id=35044, stack(0x000000e232500000,0x000000e232600000) (1024K)]
  0x0000024809626df0 JavaThread "PatternSearchJob-worker-12" daemon [_thread_blocked, id=34332, stack(0x000000e232600000,0x000000e232700000) (1024K)]
  0x0000024809628830 JavaThread "PatternSearchJob-worker-13" daemon [_thread_blocked, id=35948, stack(0x000000e232700000,0x000000e232800000) (1024K)]
  0x00000248096281a0 JavaThread "Worker-1181: Initialize Workspace"        [_thread_blocked, id=24692, stack(0x000000e232a00000,0x000000e232b00000) (1024K)]
  0x000002480962b620 JavaThread "Connection worker"                 [_thread_blocked, id=26024, stack(0x000000e232c00000,0x000000e232d00000) (1024K)]
  0x000002480962bcb0 JavaThread "Connection worker"                 [_thread_blocked, id=24508, stack(0x000000e232d00000,0x000000e232e00000) (1024K)]
  0x000002480962c340 JavaThread "Connection worker"                 [_thread_blocked, id=25056, stack(0x000000e232e00000,0x000000e232f00000) (1024K)]
  0x0000024809628ec0 JavaThread "Connection worker"                 [_thread_blocked, id=35476, stack(0x000000e232f00000,0x000000e233000000) (1024K)]
  0x000002480962a270 JavaThread "Connection worker"                 [_thread_blocked, id=13944, stack(0x000000e233100000,0x000000e233200000) (1024K)]
  0x0000024809629be0 JavaThread "Connection worker"                 [_thread_blocked, id=22536, stack(0x000000e233200000,0x000000e233300000) (1024K)]
  0x000002480962fe50 JavaThread "Connection worker"                 [_thread_blocked, id=20952, stack(0x000000e233400000,0x000000e233500000) (1024K)]
  0x000002480962f130 JavaThread "Connection worker"                 [_thread_blocked, id=20316, stack(0x000000e233600000,0x000000e233700000) (1024K)]
  0x00000248096332d0 JavaThread "Connection worker"                 [_thread_blocked, id=30124, stack(0x000000e233c00000,0x000000e233d00000) (1024K)]
  0x00000248096304e0 JavaThread "Connection worker"                 [_thread_blocked, id=32404, stack(0x000000e233f00000,0x000000e234000000) (1024K)]
  0x00000248096325b0 JavaThread "Connection worker"                 [_thread_blocked, id=30156, stack(0x000000e233b00000,0x000000e233c00000) (1024K)]
  0x0000024809631f20 JavaThread "Connection worker"                 [_thread_blocked, id=30972, stack(0x000000e234400000,0x000000e234500000) (1024K)]
  0x0000024809636750 JavaThread "Connection worker"                 [_thread_blocked, id=11708, stack(0x000000e234600000,0x000000e234700000) (1024K)]
  0x0000024809635a30 JavaThread "Connection worker"                 [_thread_blocked, id=31676, stack(0x000000e234700000,0x000000e234800000) (1024K)]
  0x0000024809633ff0 JavaThread "Connection worker"                 [_thread_blocked, id=32432, stack(0x000000e234a00000,0x000000e234b00000) (1024K)]
  0x0000024809636de0 JavaThread "Connection worker"                 [_thread_blocked, id=26012, stack(0x000000e234c00000,0x000000e234d00000) (1024K)]
  0x0000024809637b00 JavaThread "Connection worker"                 [_thread_blocked, id=33104, stack(0x000000e234d00000,0x000000e234e00000) (1024K)]
  0x000002480963bca0 JavaThread "Connection worker"                 [_thread_blocked, id=33460, stack(0x000000e235100000,0x000000e235200000) (1024K)]
  0x000002480963d050 JavaThread "pool-352-thread-1"                 [_thread_blocked, id=28520, stack(0x000000e235700000,0x000000e235800000) (1024K)]
  0x000002480963af80 JavaThread "pool-353-thread-1"                 [_thread_blocked, id=33108, stack(0x000000e235800000,0x000000e235900000) (1024K)]
  0x000002480963d6e0 JavaThread "pool-355-thread-1"                 [_thread_blocked, id=24924, stack(0x000000e235a00000,0x000000e235b00000) (1024K)]
  0x000002480963c9c0 JavaThread "pool-357-thread-1"                 [_thread_blocked, id=10852, stack(0x000000e235c00000,0x000000e235d00000) (1024K)]
  0x000002480963dd70 JavaThread "pool-358-thread-1"                 [_thread_blocked, id=22716, stack(0x000000e235d00000,0x000000e235e00000) (1024K)]
  0x00000248096404d0 JavaThread "pool-359-thread-1"                 [_thread_blocked, id=24480, stack(0x000000e235e00000,0x000000e235f00000) (1024K)]
  0x0000024809641f10 JavaThread "Connection worker"                 [_thread_blocked, id=5312, stack(0x000000e236000000,0x000000e236100000) (1024K)]
  0x000002480963ea90 JavaThread "pool-360-thread-1"                 [_thread_blocked, id=24384, stack(0x000000e236100000,0x000000e236200000) (1024K)]
  0x0000024809641880 JavaThread "pool-361-thread-1"                 [_thread_blocked, id=6392, stack(0x000000e236500000,0x000000e236600000) (1024K)]
  0x0000024809645390 JavaThread "pool-363-thread-1"                 [_thread_blocked, id=19640, stack(0x000000e236900000,0x000000e236a00000) (1024K)]
  0x0000024809645a20 JavaThread "pool-364-thread-1"                 [_thread_blocked, id=35996, stack(0x000000e236a00000,0x000000e236b00000) (1024K)]
  0x0000024809644670 JavaThread "pool-365-thread-1"                 [_thread_blocked, id=36396, stack(0x000000e236b00000,0x000000e236c00000) (1024K)]
  0x0000024809644d00 JavaThread "Connection worker"                 [_thread_blocked, id=36284, stack(0x000000e236c00000,0x000000e236d00000) (1024K)]
  0x00000248096460b0 JavaThread "Connection worker"                 [_thread_blocked, id=33860, stack(0x000000e236d00000,0x000000e236e00000) (1024K)]
  0x0000024809643fe0 JavaThread "pool-366-thread-1"                 [_thread_blocked, id=29512, stack(0x000000e237000000,0x000000e237100000) (1024K)]
  0x00000248096432c0 JavaThread "pool-367-thread-1"                 [_thread_blocked, id=29716, stack(0x000000e237100000,0x000000e237200000) (1024K)]
  0x0000024809649530 JavaThread "pool-370-thread-1"                 [_thread_blocked, id=6292, stack(0x000000e237700000,0x000000e237800000) (1024K)]
  0x000002480964e3f0 JavaThread "Connection worker"                 [_thread_blocked, id=34276, stack(0x000000e237e00000,0x000000e237f00000) (1024K)]
  0x000002480964af70 JavaThread "Connection worker"                 [_thread_blocked, id=9060, stack(0x000000e238100000,0x000000e238200000) (1024K)]
  0x000002480964f110 JavaThread "Connection worker"                 [_thread_blocked, id=35436, stack(0x000000e238500000,0x000000e238600000) (1024K)]
  0x0000024809651870 JavaThread "Connection worker"                 [_thread_blocked, id=35596, stack(0x000000e238700000,0x000000e238800000) (1024K)]
  0x000002480964fe30 JavaThread "Connection worker"                 [_thread_blocked, id=28912, stack(0x000000e238e00000,0x000000e238f00000) (1024K)]
  0x0000024809650b50 JavaThread "Connection worker"                 [_thread_blocked, id=23560, stack(0x000000e239000000,0x000000e239100000) (1024K)]
  0x00000248096560a0 JavaThread "Connection worker"                 [_thread_blocked, id=36916, stack(0x000000e239700000,0x000000e239800000) (1024K)]
  0x0000024809655380 JavaThread "pool-375-thread-1"                 [_thread_blocked, id=36924, stack(0x000000e239800000,0x000000e239900000) (1024K)]
  0x0000024809655a10 JavaThread "Connection worker"                 [_thread_blocked, id=36928, stack(0x000000e239900000,0x000000e239a00000) (1024K)]
  0x000002480bb04890 JavaThread "Connection worker"                 [_thread_blocked, id=36948, stack(0x000000e239d00000,0x000000e239e00000) (1024K)]
  0x000002480bb055b0 JavaThread "pool-377-thread-1"                 [_thread_blocked, id=36952, stack(0x000000e239e00000,0x000000e239f00000) (1024K)]
  0x000002480bb04f20 JavaThread "Connection worker"                 [_thread_blocked, id=36956, stack(0x000000e239f00000,0x000000e23a000000) (1024K)]
  0x000002480bb05c40 JavaThread "Connection worker"                 [_thread_blocked, id=36964, stack(0x000000e23a100000,0x000000e23a200000) (1024K)]
  0x000002480bb04200 JavaThread "pool-379-thread-1"                 [_thread_blocked, id=36972, stack(0x000000e23a300000,0x000000e23a400000) (1024K)]
  0x000002480bb02e50 JavaThread "pool-380-thread-1"                 [_thread_blocked, id=36976, stack(0x000000e23a400000,0x000000e23a500000) (1024K)]
  0x000002480bb034e0 JavaThread "Connection worker"                 [_thread_blocked, id=36984, stack(0x000000e23a600000,0x000000e23a700000) (1024K)]
  0x000002480bb09de0 JavaThread "Connection worker"                 [_thread_blocked, id=37004, stack(0x000000e23ab00000,0x000000e23ac00000) (1024K)]
  0x000002480bb0df80 JavaThread "Connection worker"                 [_thread_blocked, id=37112, stack(0x000000e23b400000,0x000000e23b500000) (1024K)]
  0x000002480bb0c540 JavaThread "pool-387-thread-1"                 [_thread_blocked, id=37116, stack(0x000000e23b500000,0x000000e23b600000) (1024K)]
  0x000002480bb0b820 JavaThread "pool-390-thread-1"                 [_thread_blocked, id=37144, stack(0x000000e239300000,0x000000e239400000) (1024K)]
  0x000002480bb11400 JavaThread "pool-391-thread-1"                 [_thread_blocked, id=37152, stack(0x000000e23b800000,0x000000e23b900000) (1024K)]
  0x000002480bb0eca0 JavaThread "ProjectImportProgressReporter" daemon [_thread_blocked, id=37272, stack(0x000000e23c000000,0x000000e23c100000) (1024K)]
  0x000002480bb127b0 JavaThread "Connection worker"                 [_thread_blocked, id=37280, stack(0x000000e23c100000,0x000000e23c200000) (1024K)]
  0x000002480bb14f10 JavaThread "pool-395-thread-1"                 [_thread_blocked, id=37388, stack(0x000000e23c500000,0x000000e23c600000) (1024K)]
  0x000002480bb134d0 JavaThread "pool-398-thread-1"                 [_thread_blocked, id=37412, stack(0x000000e23c800000,0x000000e23c900000) (1024K)]
  0x000002480bb17670 JavaThread "pool-404-thread-1"                 [_thread_blocked, id=37596, stack(0x000000e23cf00000,0x000000e23d000000) (1024K)]
  0x000002480bb1aaf0 JavaThread "pool-406-thread-1"                 [_thread_blocked, id=37608, stack(0x000000e23d100000,0x000000e23d200000) (1024K)]
  0x000002480bb1bea0 JavaThread "pool-412-thread-1"                 [_thread_blocked, id=37788, stack(0x000000e23d900000,0x000000e23da00000) (1024K)]
  0x000002480bb1c530 JavaThread "pool-414-thread-1"                 [_thread_blocked, id=35052, stack(0x000000e23db00000,0x000000e23dc00000) (1024K)]
  0x000002480bb1ec90 JavaThread "pool-417-thread-1"                 [_thread_blocked, id=4892, stack(0x000000e23de00000,0x000000e23df00000) (1024K)]
  0x000002480bb1d250 JavaThread "pool-421-thread-1"                 [_thread_blocked, id=36352, stack(0x000000e23e200000,0x000000e23e300000) (1024K)]
  0x000002480bb1d8e0 JavaThread "pool-423-thread-1"                 [_thread_blocked, id=32840, stack(0x000000e23e400000,0x000000e23e500000) (1024K)]
  0x000002480bb1df70 JavaThread "pool-425-thread-1"                 [_thread_blocked, id=34580, stack(0x000000e23e600000,0x000000e23e700000) (1024K)]
  0x000002480bb24870 JavaThread "pool-426-thread-1"                 [_thread_blocked, id=34568, stack(0x000000e23e700000,0x000000e23e800000) (1024K)]
  0x000002480bb234c0 JavaThread "pool-429-thread-1"                 [_thread_blocked, id=36356, stack(0x000000e23ed00000,0x000000e23ee00000) (1024K)]
  0x000002480bb21a80 JavaThread "pool-430-thread-1"                 [_thread_blocked, id=31756, stack(0x000000e23ee00000,0x000000e23ef00000) (1024K)]
  0x000002480bb26fd0 JavaThread "pool-431-thread-1"                 [_thread_blocked, id=21612, stack(0x000000e23ef00000,0x000000e23f000000) (1024K)]
  0x000002480bb27cf0 JavaThread "pool-438-thread-1"                 [_thread_blocked, id=22264, stack(0x000000e23f800000,0x000000e23f900000) (1024K)]
  0x000002480baf0d90 JavaThread "Timer-912"                         [_thread_blocked, id=38468, stack(0x000000e241100000,0x000000e241200000) (1024K)]
  0x000002480bb07d10 JavaThread "Timer-913"                         [_thread_blocked, id=38640, stack(0x000000e233a00000,0x000000e233b00000) (1024K)]
  0x000002480baecbf0 JavaThread "Timer-914"                         [_thread_blocked, id=38832, stack(0x000000e232400000,0x000000e232500000) (1024K)]
  0x000002480baf3b80 JavaThread "Exec process"                      [_thread_in_native, id=37536, stack(0x000000e231600000,0x000000e231700000) (1024K)]
  0x000002480bae9e00 JavaThread "Timer-915"                         [_thread_blocked, id=39428, stack(0x000000e240100000,0x000000e240200000) (1024K)]
  0x000002480baf7d20 JavaThread "Timer-916"                         [_thread_blocked, id=39492, stack(0x000000e240900000,0x000000e240a00000) (1024K)]
  0x000002480bafb830 JavaThread "Connection worker"                 [_thread_in_native, id=39496, stack(0x000000e240f00000,0x000000e241000000) (1024K)]
  0x000002480bafecb0 JavaThread "pool-441-thread-1"                 [_thread_blocked, id=39812, stack(0x000000e241a00000,0x000000e241b00000) (1024K)]
  0x000002480bb00d80 JavaThread "Exec process"                      [_thread_in_native, id=40328, stack(0x000000e242100000,0x000000e242200000) (1024K)]
  0x0000024809db7900 JavaThread "Connection worker"                 [_thread_in_native, id=42632, stack(0x000000e23c200000,0x000000e23c300000) (1024K)]
  0x0000024809dba060 JavaThread "pool-444-thread-1"                 [_thread_blocked, id=42636, stack(0x000000e23d400000,0x000000e23d500000) (1024K)]
  0x0000024809db4b10 JavaThread "Connection worker"                 [_thread_in_native, id=35932, stack(0x000000e239400000,0x000000e239500000) (1024K)]
  0x0000024809dd1d00 JavaThread "pool-460-thread-1"                 [_thread_blocked, id=29304, stack(0x000000e23be00000,0x000000e23bf00000) (1024K)]
  0x0000024809dd3740 JavaThread "Connection worker"                 [_thread_in_native, id=41328, stack(0x000000e237f00000,0x000000e238000000) (1024K)]
  0x0000024809dd0950 JavaThread "Connection worker"                 [_thread_in_native, id=41796, stack(0x000000e233900000,0x000000e233a00000) (1024K)]
  0x0000024809d98640 JavaThread "pool-463-thread-1"                 [_thread_blocked, id=36296, stack(0x000000e23d200000,0x000000e23d300000) (1024K)]
  0x0000024809dd5810 JavaThread "pool-465-thread-1"                 [_thread_blocked, id=34868, stack(0x000000e238f00000,0x000000e239000000) (1024K)]
  0x0000024809d999f0 JavaThread "Connection worker"                 [_thread_in_native, id=33516, stack(0x000000e234300000,0x000000e234400000) (1024K)]
  0x0000024809da23c0 JavaThread "pool-472-thread-1"                 [_thread_blocked, id=32084, stack(0x000000e23a900000,0x000000e23aa00000) (1024K)]
  0x0000024809da6560 JavaThread "Connection worker"                 [_thread_in_native, id=12024, stack(0x000000e23a700000,0x000000e23a800000) (1024K)]
  0x0000024809da3770 JavaThread "pool-488-thread-1"                 [_thread_blocked, id=41088, stack(0x000000e23cc00000,0x000000e23cd00000) (1024K)]
  0x0000024809db4480 JavaThread "Connection worker"                 [_thread_in_native, id=29076, stack(0x000000e233800000,0x000000e233900000) (1024K)]
  0x0000024809db7270 JavaThread "pool-495-thread-1"                 [_thread_blocked, id=41792, stack(0x000000e231d00000,0x000000e231e00000) (1024K)]
  0x0000024809d96570 JavaThread "Connection worker"                 [_thread_in_native, id=43516, stack(0x000000e235900000,0x000000e235a00000) (1024K)]
  0x0000024809da7910 JavaThread "pool-505-thread-1"                 [_thread_blocked, id=43724, stack(0x000000e23bd00000,0x000000e23be00000) (1024K)]
  0x0000024809db8cb0 JavaThread "Connection worker"                 [_thread_in_native, id=41740, stack(0x000000e239a00000,0x000000e239b00000) (1024K)]
  0x0000024809da4b20 JavaThread "Connection worker"                 [_thread_in_native, id=37196, stack(0x000000e23a200000,0x000000e23a300000) (1024K)]
  0x0000024809dbd4e0 JavaThread "pool-509-thread-1"                 [_thread_blocked, id=39256, stack(0x000000e23b300000,0x000000e23b400000) (1024K)]
  0x0000024809dbc130 JavaThread "Connection worker"                 [_thread_in_native, id=39700, stack(0x000000e23bc00000,0x000000e23bd00000) (1024K)]
  0x0000024809dc30c0 JavaThread "pool-510-thread-1"                 [_thread_blocked, id=38256, stack(0x000000e23e300000,0x000000e23e400000) (1024K)]
  0x0000024809dc3750 JavaThread "pool-511-thread-1"                 [_thread_blocked, id=6812, stack(0x000000e23e800000,0x000000e23e900000) (1024K)]
  0x0000024809d9e8b0 JavaThread "Connection worker"                 [_thread_in_native, id=40192, stack(0x000000e238b00000,0x000000e238c00000) (1024K)]
  0x0000024809da8cc0 JavaThread "pool-516-thread-1"                 [_thread_blocked, id=43448, stack(0x000000e240400000,0x000000e240500000) (1024K)]
  0x0000024809dc6bd0 JavaThread "Connection worker"                 [_thread_in_native, id=37916, stack(0x000000e238200000,0x000000e238300000) (1024K)]
  0x0000024809d9ada0 JavaThread "pool-531-thread-1"                 [_thread_blocked, id=43404, stack(0x000000e23a800000,0x000000e23a900000) (1024K)]
  0x0000024809d9a710 JavaThread "Connection worker"                 [_thread_in_native, id=42380, stack(0x000000e237900000,0x000000e237a00000) (1024K)]
  0x0000024809dadb80 JavaThread "pool-549-thread-1"                 [_thread_blocked, id=36544, stack(0x000000e239b00000,0x000000e239c00000) (1024K)]
  0x000002480baed910 JavaThread "Connection worker"                 [_thread_in_native, id=34248, stack(0x000000e236e00000,0x000000e236f00000) (1024K)]
  0x000002480baee630 JavaThread "pool-553-thread-1"                 [_thread_blocked, id=35208, stack(0x000000e23fc00000,0x000000e23fd00000) (1024K)]
  0x000002480baf55c0 JavaThread "Connection worker"                 [_thread_blocked, id=37408, stack(0x000000e23d300000,0x000000e23d400000) (1024K)]
  0x000002480bafe620 JavaThread "pool-569-thread-1"                 [_thread_blocked, id=32028, stack(0x000000e241b00000,0x000000e241c00000) (1024K)]
  0x000002480bb11a90 JavaThread "Connection worker"                 [_thread_in_native, id=1216, stack(0x000000e237c00000,0x000000e237d00000) (1024K)]
  0x000002480bb0f330 JavaThread "pool-571-thread-1"                 [_thread_blocked, id=35036, stack(0x000000e238300000,0x000000e238400000) (1024K)]
  0x000002480baf5c50 JavaThread "Connection worker"                 [_thread_blocked, id=44808, stack(0x000000e237600000,0x000000e237700000) (1024K)]
  0x000002480baf83b0 JavaThread "pool-576-thread-1"                 [_thread_blocked, id=44828, stack(0x000000e23c700000,0x000000e23c800000) (1024K)]
  0x000002480bb00060 JavaThread "Exec process"                      [_thread_in_native, id=26780, stack(0x000000e23cd00000,0x000000e23ce00000) (1024K)]
  0x000002480bb07680 JavaThread "Exec process"                      [_thread_in_native, id=44384, stack(0x000000e240300000,0x000000e240400000) (1024K)]
  0x000002480baf0700 JavaThread "Connection worker"                 [_thread_blocked, id=35836, stack(0x000000e233000000,0x000000e233100000) (1024K)]
  0x000002480bb090c0 JavaThread "pool-587-thread-1"                 [_thread_blocked, id=20812, stack(0x000000e234800000,0x000000e234900000) (1024K)]
  0x000002480bafbec0 JavaThread "Connection worker"                 [_thread_in_native, id=44852, stack(0x000000e235600000,0x000000e235700000) (1024K)]
  0x000002480bb027c0 JavaThread "Connection worker"                 [_thread_blocked, id=41060, stack(0x000000e23ae00000,0x000000e23af00000) (1024K)]
  0x000002480bb06960 JavaThread "pool-590-thread-1"                 [_thread_blocked, id=8120, stack(0x000000e23b600000,0x000000e23b700000) (1024K)]
  0x000002480bb0a470 JavaThread "pool-591-thread-1"                 [_thread_blocked, id=33000, stack(0x000000e232b00000,0x000000e232c00000) (1024K)]
  0x000002480bb0ab00 JavaThread "Exec process"                      [_thread_in_native, id=39280, stack(0x000000e238900000,0x000000e238a00000) (1024K)]
  0x000002480bb0e610 JavaThread "Connection worker"                 [_thread_in_native, id=33352, stack(0x000000e234100000,0x000000e234200000) (1024K)]
  0x000002480bafa480 JavaThread "pool-595-thread-1"                 [_thread_blocked, id=35800, stack(0x000000e232300000,0x000000e232400000) (1024K)]
  0x000002480baef350 JavaThread "Connection worker"                 [_thread_in_native, id=44308, stack(0x000000e236600000,0x000000e236700000) (1024K)]
  0x000002480bafd270 JavaThread "pool-597-thread-1"                 [_thread_blocked, id=39220, stack(0x000000e23b200000,0x000000e23b300000) (1024K)]
  0x000002480bae9770 JavaThread "Connection worker"                 [_thread_blocked, id=44224, stack(0x000000e232000000,0x000000e232100000) (1024K)]
  0x000002480baf7000 JavaThread "pool-599-thread-1"                 [_thread_blocked, id=1128, stack(0x000000e237200000,0x000000e237300000) (1024K)]
  0x000002480bb155a0 JavaThread "Exec process"                      [_thread_in_native, id=43208, stack(0x000000e238d00000,0x000000e238e00000) (1024K)]
  0x000002480bb13b60 JavaThread "Exec process"                      [_thread_in_native, id=37532, stack(0x000000e23e900000,0x000000e23ea00000) (1024K)]
  0x000002480bb1f320 JavaThread "Exec process Thread 2"             [_thread_blocked, id=41736, stack(0x000000e23ff00000,0x000000e240000000) (1024K)]
  0x000002480bb15c30 JavaThread "Connection worker"                 [_thread_in_native, id=42296, stack(0x000000e237800000,0x000000e237900000) (1024K)]
  0x000002480bb1b180 JavaThread "Connection worker"                 [_thread_blocked, id=800, stack(0x000000e238000000,0x000000e238100000) (1024K)]
  0x000002480bb22110 JavaThread "pool-611-thread-1"                 [_thread_blocked, id=39864, stack(0x000000e23ac00000,0x000000e23ad00000) (1024K)]
  0x000002480baf1420 JavaThread "Exec process Thread 2"             [_thread_blocked, id=38400, stack(0x000000e23b100000,0x000000e23b200000) (1024K)]
  0x000002480bafc550 JavaThread "pool-614-thread-1"                 [_thread_blocked, id=40888, stack(0x000000e23df00000,0x000000e23e000000) (1024K)]
  0x000002480baf48a0 JavaThread "Connection worker"                 [_thread_in_Java, id=31040, stack(0x000000e239c00000,0x000000e239d00000) (1024K)]
  0x000002480baf7690 JavaThread "pool-619-thread-1"                 [_thread_blocked, id=35300, stack(0x000000e23c600000,0x000000e23c700000) (1024K)]
  0x000002480bb213f0 JavaThread "Exec process"                      [_thread_in_native, id=30740, stack(0x000000e23fe00000,0x000000e23ff00000) (1024K)]
  0x000002480bb0d8f0 JavaThread "Exec process Thread 2"             [_thread_blocked, id=35328, stack(0x000000e23b000000,0x000000e23b100000) (1024K)]
  0x0000024809db99d0 JavaThread "Connection worker"                 [_thread_blocked, id=45704, stack(0x000000e234500000,0x000000e234600000) (1024K)]
  0x0000024809dbfc40 JavaThread "pool-632-thread-1"                 [_thread_blocked, id=45956, stack(0x000000e238800000,0x000000e238900000) (1024K)]
  0x0000024809db0970 JavaThread "Connection worker"                 [_thread_blocked, id=46032, stack(0x000000e235200000,0x000000e235300000) (1024K)]
  0x0000024809dc0960 JavaThread "Connection worker"                 [_thread_blocked, id=45384, stack(0x000000e236f00000,0x000000e237000000) (1024K)]
  0x0000024809dc23a0 JavaThread "pool-638-thread-1"                 [_thread_blocked, id=45440, stack(0x000000e23bb00000,0x000000e23bc00000) (1024K)]
  0x0000024809dc2a30 JavaThread "pool-639-thread-1"                 [_thread_blocked, id=26124, stack(0x000000e23c400000,0x000000e23c500000) (1024K)]
  0x0000024809dc7260 JavaThread "Connection worker"                 [_thread_blocked, id=20940, stack(0x000000e239600000,0x000000e239700000) (1024K)]
  0x0000024809dc99c0 JavaThread "pool-642-thread-1"                 [_thread_blocked, id=45488, stack(0x000000e23ec00000,0x000000e23ed00000) (1024K)]
  0x0000024809dbce50 JavaThread "Connection worker"                 [_thread_in_native, id=45856, stack(0x000000e239200000,0x000000e239300000) (1024K)]
  0x0000024809db5ec0 JavaThread "pool-643-thread-1"                 [_thread_blocked, id=45556, stack(0x000000e234900000,0x000000e234a00000) (1024K)]
  0x0000024809db30d0 JavaThread "Connection worker"                 [_thread_in_native, id=45428, stack(0x000000e234f00000,0x000000e235000000) (1024K)]
  0x0000024809db3df0 JavaThread "Connection worker"                 [_thread_blocked, id=45540, stack(0x000000e235b00000,0x000000e235c00000) (1024K)]
  0x0000024809dbb410 JavaThread "Connection worker"                 [_thread_blocked, id=40444, stack(0x000000e237a00000,0x000000e237b00000) (1024K)]
  0x0000024809dc7f80 JavaThread "pool-644-thread-1"                 [_thread_blocked, id=24228, stack(0x000000e238400000,0x000000e238500000) (1024K)]
  0x0000024809dc8ca0 JavaThread "pool-645-thread-1"                 [_thread_blocked, id=45148, stack(0x000000e23ad00000,0x000000e23ae00000) (1024K)]
  0x0000024809dc9330 JavaThread "pool-646-thread-1"                 [_thread_blocked, id=43676, stack(0x000000e23d000000,0x000000e23d100000) (1024K)]
  0x0000024809db51a0 JavaThread "Connection worker"                 [_thread_blocked, id=42760, stack(0x000000e233700000,0x000000e233800000) (1024K)]
  0x0000024809db2a40 JavaThread "pool-648-thread-1"                 [_thread_blocked, id=45452, stack(0x000000e237400000,0x000000e237500000) (1024K)]
  0x0000024809dcba90 JavaThread "Connection worker"                 [_thread_blocked, id=44656, stack(0x000000e23dd00000,0x000000e23de00000) (1024K)]
  0x0000024809dcce40 JavaThread "Exec process"                      [_thread_in_native, id=45108, stack(0x000000e23f400000,0x000000e23f500000) (1024K)]
  0x0000024809dcc7b0 JavaThread "Exec process"                      [_thread_in_native, id=38592, stack(0x000000e23f900000,0x000000e23fa00000) (1024K)]
  0x0000024809dc3de0 JavaThread "Exec process"                      [_thread_in_native, id=32596, stack(0x000000e23c900000,0x000000e23ca00000) (1024K)]
  0x0000024809db23b0 JavaThread "Exec process"                      [_thread_in_native, id=36624, stack(0x000000e233300000,0x000000e233400000) (1024K)]
  0x0000024809db7f90 JavaThread "Exec process"                      [_thread_in_native, id=45988, stack(0x000000e233500000,0x000000e233600000) (1024K)]
  0x0000024809dba6f0 JavaThread "Connection worker"                 [_thread_blocked, id=40048, stack(0x000000e235400000,0x000000e235500000) (1024K)]
  0x0000024809db9340 JavaThread "Connection worker"                 [_thread_blocked, id=45048, stack(0x000000e238600000,0x000000e238700000) (1024K)]
  0x0000024809dc5eb0 JavaThread "pool-652-thread-1"                 [_thread_blocked, id=45032, stack(0x000000e23cb00000,0x000000e23cc00000) (1024K)]
  0x0000024809d97fb0 JavaThread "pool-654-thread-1"                 [_thread_blocked, id=41988, stack(0x000000e23f500000,0x000000e23f600000) (1024K)]
  0x0000024809d99360 JavaThread "Exec process Thread 2"             [_thread_blocked, id=27312, stack(0x000000e23f700000,0x000000e23f800000) (1024K)]
  0x0000024809db1690 JavaThread "Connection worker"                 [_thread_blocked, id=17488, stack(0x000000e232800000,0x000000e232900000) (1024K)]
  0x0000024809dbc7c0 JavaThread "Exec process Thread 2"             [_thread_blocked, id=40312, stack(0x000000e236800000,0x000000e236900000) (1024K)]
  0x0000024809dbdb70 JavaThread "Exec process Thread 2"             [_thread_blocked, id=37120, stack(0x000000e23aa00000,0x000000e23ab00000) (1024K)]
  0x0000024809dc4470 JavaThread "Exec process Thread 2"             [_thread_blocked, id=44228, stack(0x000000e23ce00000,0x000000e23cf00000) (1024K)]
  0x0000024809dc1d10 JavaThread "Exec process Thread 2"             [_thread_blocked, id=41704, stack(0x000000e23d700000,0x000000e23d800000) (1024K)]
  0x0000024809dcad70 JavaThread "pool-657-thread-1"                 [_thread_blocked, id=27388, stack(0x000000e23f600000,0x000000e23f700000) (1024K)]
  0x0000024809db8620 JavaThread "Exec process"                      [_thread_in_native, id=39400, stack(0x000000e236200000,0x000000e236300000) (1024K)]
  0x0000024809dcc120 JavaThread "Exec process Thread 2"             [_thread_blocked, id=45752, stack(0x000000e23bf00000,0x000000e23c000000) (1024K)]
  0x0000024809d9b430 JavaThread "Exec process"                      [_thread_in_native, id=37540, stack(0x000000e23e000000,0x000000e23e100000) (1024K)]
  0x0000024809d98cd0 JavaThread "Exec process"                      [_thread_in_native, id=30424, stack(0x000000e23f100000,0x000000e23f200000) (1024K)]
  0x0000024809d9ce70 JavaThread "Exec process"                      [_thread_in_native, id=45128, stack(0x000000e23fa00000,0x000000e23fb00000) (1024K)]
  0x0000024809db3760 JavaThread "Exec process Thread 2"             [_thread_blocked, id=38500, stack(0x000000e235500000,0x000000e235600000) (1024K)]
  0x0000024809dc02d0 JavaThread "Connection worker"                 [_thread_blocked, id=34384, stack(0x000000e236700000,0x000000e236800000) (1024K)]
  0x0000024809dc0ff0 JavaThread "Connection worker"                 [_thread_blocked, id=9712, stack(0x000000e237500000,0x000000e237600000) (1024K)]
  0x0000024809dbe200 JavaThread "Connection worker"                 [_thread_blocked, id=25420, stack(0x000000e239100000,0x000000e239200000) (1024K)]
  0x0000024809dc78f0 JavaThread "Exec process Thread 2"             [_thread_blocked, id=32920, stack(0x000000e23a500000,0x000000e23a600000) (1024K)]
  0x0000024809dc4b00 JavaThread "pool-660-thread-1"                 [_thread_blocked, id=42060, stack(0x000000e23b700000,0x000000e23b800000) (1024K)]
  0x0000024809db1d20 JavaThread "pool-662-thread-1"                 [_thread_blocked, id=45052, stack(0x000000e234200000,0x000000e234300000) (1024K)]
  0x0000024809dc6540 JavaThread "pool-663-thread-1"                 [_thread_blocked, id=43780, stack(0x000000e23ca00000,0x000000e23cb00000) (1024K)]
  0x0000024809dc1680 JavaThread "Connection worker"                 [_thread_blocked, id=36820, stack(0x000000e234000000,0x000000e234100000) (1024K)]
  0x0000024809dce1f0 JavaThread "Exec process Thread 2"             [_thread_blocked, id=36384, stack(0x000000e23b900000,0x000000e23ba00000) (1024K)]
  0x0000024809dca6e0 JavaThread "pool-664-thread-1"                 [_thread_blocked, id=45424, stack(0x000000e238a00000,0x000000e238b00000) (1024K)]
  0x0000024809db5830 JavaThread "Connection worker"                 [_thread_blocked, id=45952, stack(0x000000e233d00000,0x000000e233e00000) (1024K)]
  0x0000024809db6be0 JavaThread "Connection worker"                 [_thread_blocked, id=29200, stack(0x000000e232900000,0x000000e232a00000) (1024K)]
  0x0000024809dbad80 JavaThread "Connection worker"                 [_thread_blocked, id=33868, stack(0x000000e233e00000,0x000000e233f00000) (1024K)]
  0x0000024809dc8610 JavaThread "pool-667-thread-1"                 [_thread_blocked, id=32608, stack(0x000000e237d00000,0x000000e237e00000) (1024K)]
  0x0000024809dc5190 JavaThread "pool-668-thread-1"                 [_thread_blocked, id=45276, stack(0x000000e239500000,0x000000e239600000) (1024K)]
  0x0000024809dcb400 JavaThread "Exec process"                      [_thread_in_native, id=27288, stack(0x000000e23af00000,0x000000e23b000000) (1024K)]
  0x0000024809d9a080 JavaThread "Connection worker"                 [_thread_blocked, id=45836, stack(0x000000e235300000,0x000000e235400000) (1024K)]
  0x0000024809d96c00 JavaThread "pool-669-thread-1"                 [_thread_blocked, id=40180, stack(0x000000e23d500000,0x000000e23d600000) (1024K)]
  0x0000024809d9bac0 JavaThread "Connection worker"                 [_thread_in_native, id=35164, stack(0x000000e236300000,0x000000e236400000) (1024K)]
  0x0000024809d9f5d0 JavaThread "pool-670-thread-1"                 [_thread_blocked, id=38664, stack(0x000000e238c00000,0x000000e238d00000) (1024K)]
  0x0000024809d9c150 JavaThread "Exec process Thread 2"             [_thread_blocked, id=44460, stack(0x000000e23e500000,0x000000e23e600000) (1024K)]
  0x0000024809da02f0 JavaThread "Exec process"                      [_thread_blocked, id=44064, stack(0x000000e23f000000,0x000000e23f100000) (1024K)]
  0x0000024809da0980 JavaThread "Exec process"                      [_thread_blocked, id=44068, stack(0x000000e23ea00000,0x000000e23eb00000) (1024K)]
  0x0000024809d9d500 JavaThread "Exec process"                      [_thread_blocked, id=35440, stack(0x000000e23fb00000,0x000000e23fc00000) (1024K)]
  0x0000024809da1010 JavaThread "Exec process"                      [_thread_in_native, id=44504, stack(0x000000e234e00000,0x000000e234f00000) (1024K)]
  0x0000024809d9db90 JavaThread "Exec process"                      [_thread_blocked, id=40772, stack(0x000000e23a000000,0x000000e23a100000) (1024K)]
  0x0000024809dbef20 JavaThread "Connection worker"                 [_thread_in_native, id=45444, stack(0x000000e235000000,0x000000e235100000) (1024K)]
  0x0000024809dbbaa0 JavaThread "pool-671-thread-1"                 [_thread_blocked, id=26408, stack(0x000000e236400000,0x000000e236500000) (1024K)]
  0x0000024809dbe890 JavaThread "Connection worker"                 [_thread_in_native, id=46048, stack(0x000000e237300000,0x000000e237400000) (1024K)]
  0x0000024809db1000 JavaThread "Connection worker"                 [_thread_in_native, id=37704, stack(0x000000e234b00000,0x000000e234c00000) (1024K)]
Total: 1269

Other Threads:
  0x000002479888f910 VMThread "VM Thread"                           [id=18076, stack(0x000000e26eb00000,0x000000e26ec00000) (1024K)]
  0x00000247af17c950 WatcherThread "VM Periodic Task Thread"        [id=12296, stack(0x000000e26ea00000,0x000000e26eb00000) (1024K)]
  0x0000024798811fe0 WorkerThread "GC Thread#0"                     [id=3872, stack(0x000000e26e900000,0x000000e26ea00000) (1024K)]
  0x00000247f1f11e20 WorkerThread "GC Thread#1"                     [id=5300, stack(0x000000e26f600000,0x000000e26f700000) (1024K)]
  0x00000247f1f121d0 WorkerThread "GC Thread#2"                     [id=3152, stack(0x000000e26f700000,0x000000e26f800000) (1024K)]
  0x00000247f1f12580 WorkerThread "GC Thread#3"                     [id=4352, stack(0x000000e26f800000,0x000000e26f900000) (1024K)]
  0x00000247f1f16ae0 WorkerThread "GC Thread#4"                     [id=18696, stack(0x000000e26f900000,0x000000e26fa00000) (1024K)]
  0x00000247f1f16e90 WorkerThread "GC Thread#5"                     [id=19012, stack(0x000000e26fa00000,0x000000e26fb00000) (1024K)]
  0x00000247f1f17240 WorkerThread "GC Thread#6"                     [id=19124, stack(0x000000e26fb00000,0x000000e26fc00000) (1024K)]
  0x00000247f663fd90 WorkerThread "GC Thread#7"                     [id=14748, stack(0x000000e270500000,0x000000e270600000) (1024K)]
Total: 10

Threads with active compile tasks:
C2 CompilerThread0  6584446 25751       4       org.gradle.tooling.internal.adapter.ProtocolToModelAdapter$InvocationHandlerImpl::invoke (176 bytes)
Total: 1

VM state: not at safepoint (normal execution)

VM Mutex/Monitor currently owned by a thread: None

OutOfMemory and StackOverflow Exception counts:
OutOfMemoryError java_heap_errors=2
LinkageErrors=535

Heap address: 0x0000000080000000, size: 2048 MB, Compressed Oops mode: 32-bit

CDS archive(s) mapped at: [0x00000247b0000000-0x00000247b0ba0000-0x00000247b0ba0000), size 12189696, SharedBaseAddress: 0x00000247b0000000, ArchiveRelocationMode: 1.
Compressed class space mapped at: 0x00000247b1000000-0x00000247f1000000, reserved size: 1073741824
Narrow klass base: 0x00000247b0000000, Narrow klass shift: 0, Narrow klass range: 0x100000000

GC Precious Log:
 CardTable entry size: 512
 CPUs: 8 total, 8 available
 Memory: 16026M
 Large Page Support: Disabled
 NUMA Support: Disabled
 Compressed Oops: Enabled (32-bit)
 Alignments: Space 512K, Generation 512K, Heap 2M
 Heap Min Capacity: 100M
 Heap Initial Capacity: 100M
 Heap Max Capacity: 2G
 Pre-touch: Disabled
 Parallel Workers: 8

Heap:
 PSYoungGen      total 36864K, used 13333K [0x00000000d5580000, 0x00000000d7f00000, 0x0000000100000000)
  eden space 33792K, 33% used [0x00000000d5580000,0x00000000d60656c0,0x00000000d7680000)
  from space 3072K, 70% used [0x00000000d7680000,0x00000000d78a0020,0x00000000d7980000)
  to   space 2560K, 0% used [0x00000000d7c80000,0x00000000d7c80000,0x00000000d7f00000)
 ParOldGen       total 1064448K, used 1064347K [0x0000000080000000, 0x00000000c0f80000, 0x00000000d5580000)
  object space 1064448K, 99% used [0x0000000080000000,0x00000000c0f66ee8,0x00000000c0f80000)
 Metaspace       used 97553K, committed 99904K, reserved 1179648K
  class space    used 11812K, committed 12928K, reserved 1048576K

Card table byte_map: [0x0000024798190000,0x00000247985a0000] _byte_map_base: 0x0000024797d90000

Marking Bits: (ParMarkBitMap*) 0x00007ff9886644a0
 Begin Bits: [0x00000247aaca0000, 0x00000247acca0000)
 End Bits:   [0x00000247acca0000, 0x00000247aeca0000)

Polling page: 0x0000024796680000

Metaspace:

Usage:
  Non-class:     83.73 MB used.
      Class:     11.54 MB used.
       Both:     95.27 MB used.

Virtual space:
  Non-class space:      128.00 MB reserved,      84.94 MB ( 66%) committed,  2 nodes.
      Class space:        1.00 GB reserved,      12.62 MB (  1%) committed,  1 nodes.
             Both:        1.12 GB reserved,      97.56 MB (  8%) committed. 

Chunk freelists:
   Non-Class:  11.09 MB
       Class:  3.21 MB
        Both:  14.31 MB

MaxMetaspaceSize: unlimited
CompressedClassSpaceSize: 1.00 GB
Initial GC threshold: 21.00 MB
Current GC threshold: 155.12 MB
CDS: on
 - commit_granule_bytes: 65536.
 - commit_granule_words: 8192.
 - virtual_space_node_default_size: 8388608.
 - enlarge_chunks_in_place: 1.
 - use_allocation_guard: 0.


Internal statistics:

num_allocs_failed_limit: 9.
num_arena_births: 3440.
num_arena_deaths: 906.
num_vsnodes_births: 3.
num_vsnodes_deaths: 0.
num_space_committed: 1563.
num_space_uncommitted: 2.
num_chunks_returned_to_freelist: 1222.
num_chunks_taken_from_freelist: 8790.
num_chunk_merges: 428.
num_chunk_splits: 5087.
num_chunks_enlarged: 2797.
num_inconsistent_stats: 0.

CodeHeap 'non-profiled nmethods': size=120000Kb used=21413Kb max_used=21413Kb free=98586Kb
 bounds [0x00000247a34c0000, 0x00000247a49b0000, 0x00000247aa9f0000]
CodeHeap 'profiled nmethods': size=120000Kb used=34533Kb max_used=34533Kb free=85466Kb
 bounds [0x000002479b9f0000, 0x000002479dbb0000, 0x00000247a2f20000]
CodeHeap 'non-nmethods': size=5760Kb used=1477Kb max_used=1550Kb free=4282Kb
 bounds [0x00000247a2f20000, 0x00000247a3190000, 0x00000247a34c0000]
CodeCache: size=245760Kb, used=57423Kb, max_used=57496Kb, free=188334Kb
 total_blobs=17572, nmethods=16790, adapters=687, full_count=0
Compilation: enabled, stopped_count=0, restarted_count=0

Compilation events (20 events):
Event: 6579.674 Thread 0x00000247f1c05b20 25743       3       org.gradle.tooling.internal.consumer.connection.CancellationExceptionTransformer$1::transform (2 bytes)
Event: 6579.675 Thread 0x00000247f1c05b20 nmethod 25743 0x000002479dba2f10 code [0x000002479dba30a0, 0x000002479dba31b0]
Event: 6579.675 Thread 0x00000247f1c05b20 25744       3       org.gradle.tooling.internal.consumer.ConnectionExceptionTransformer::connectionFailureMessage (11 bytes)
Event: 6579.676 Thread 0x00000247f1c05b20 nmethod 25744 0x000002479dba3290 code [0x000002479dba3440, 0x000002479dba3618]
Event: 6579.797 Thread 0x00000247af26e930 nmethod 25741 0x00000247a49a0790 code [0x00000247a49a0b60, 0x00000247a49a3340]
Event: 6579.798 Thread 0x00000247af26e930 25742   !   4       org.gradle.api.internal.classpath.ManifestUtil::parseManifestClasspath (85 bytes)
Event: 6580.127 Thread 0x00000247af26e930 nmethod 25742 0x00000247a49a4890 code [0x00000247a49a4c00, 0x00000247a49a6f20]
Event: 6580.187 Thread 0x00000247f1c05b20 25745       3       org.gradle.process.internal.DefaultProcessForkOptions::getActualEnvironment (74 bytes)
Event: 6580.189 Thread 0x00000247f1c05b20 nmethod 25745 0x000002479dba3710 code [0x000002479dba3a00, 0x000002479dba4be8]
Event: 6580.665 Thread 0x00000247af26e930 25746       4       org.gradle.internal.service.DefaultServiceRegistry$FactoryMethodService::getMethod (46 bytes)
Event: 6580.666 Thread 0x00000247af26e930 nmethod 25746 0x00000247a49a8210 code [0x00000247a49a83a0, 0x00000247a49a8450]
Event: 6581.707 Thread 0x00000247f1c05b20 25747       3       org.gradle.launcher.daemon.registry.DaemonRegistryContent$Serializer::writeStopEvents (62 bytes)
Event: 6581.708 Thread 0x00000247f1c05b20 nmethod 25747 0x000002479dba5110 code [0x000002479dba5340, 0x000002479dba5ab0]
Event: 6581.783 Thread 0x00000247af26e930 25748 %     4       org.apache.commons.io.FilenameUtils::doNormalize @ 286 (530 bytes)
Event: 6581.802 Thread 0x00000247af26e930 nmethod 25748% 0x00000247a49a8510 code [0x00000247a49a8700, 0x00000247a49a9100]
Event: 6582.205 Thread 0x00000247f1c05b20 25749       3       org.gradle.internal.io.StreamByteBuffer::<init> (8 bytes)
Event: 6582.207 Thread 0x00000247f1c05b20 nmethod 25749 0x000002479dba5d10 code [0x000002479dba5ec0, 0x000002479dba6000]
Event: 6582.629 Thread 0x00000247f1c05b20 25750   !   3       org.gradle.cache.internal.filelock.LockInfoAccess::tryLock (39 bytes)
Event: 6582.630 Thread 0x00000247f1c05b20 nmethod 25750 0x000002479dba6090 code [0x000002479dba6280, 0x000002479dba66e8]
Event: 6582.921 Thread 0x00000247af26e930 25751       4       org.gradle.tooling.internal.adapter.ProtocolToModelAdapter$InvocationHandlerImpl::invoke (176 bytes)

GC Heap History (20 events):
Event: 6569.487 GC heap after
{Heap after GC invocations=17405 (full 8):
 PSYoungGen      total 31744K, used 2480K [0x00000000d5580000, 0x00000000d7700000, 0x0000000100000000)
  eden space 29184K, 0% used [0x00000000d5580000,0x00000000d5580000,0x00000000d7200000)
  from space 2560K, 96% used [0x00000000d7200000,0x00000000d746c010,0x00000000d7480000)
  to   space 2560K, 0% used [0x00000000d7480000,0x00000000d7480000,0x00000000d7700000)
 ParOldGen       total 1062912K, used 1062631K [0x0000000080000000, 0x00000000c0e00000, 0x00000000d5580000)
  object space 1062912K, 99% used [0x0000000080000000,0x00000000c0db9d98,0x00000000c0e00000)
 Metaspace       used 97524K, committed 99904K, reserved 1179648K
  class space    used 11812K, committed 12928K, reserved 1048576K
}
Event: 6571.081 GC heap before
{Heap before GC invocations=17406 (full 8):
 PSYoungGen      total 31744K, used 31664K [0x00000000d5580000, 0x00000000d7700000, 0x0000000100000000)
  eden space 29184K, 100% used [0x00000000d5580000,0x00000000d7200000,0x00000000d7200000)
  from space 2560K, 96% used [0x00000000d7200000,0x00000000d746c010,0x00000000d7480000)
  to   space 2560K, 0% used [0x00000000d7480000,0x00000000d7480000,0x00000000d7700000)
 ParOldGen       total 1062912K, used 1062631K [0x0000000080000000, 0x00000000c0e00000, 0x00000000d5580000)
  object space 1062912K, 99% used [0x0000000080000000,0x00000000c0db9d98,0x00000000c0e00000)
 Metaspace       used 97526K, committed 99904K, reserved 1179648K
  class space    used 11812K, committed 12928K, reserved 1048576K
}
Event: 6571.086 GC heap after
{Heap after GC invocations=17406 (full 8):
 PSYoungGen      total 31232K, used 2544K [0x00000000d5580000, 0x00000000d7800000, 0x0000000100000000)
  eden space 28672K, 0% used [0x00000000d5580000,0x00000000d5580000,0x00000000d7180000)
  from space 2560K, 99% used [0x00000000d7480000,0x00000000d76fc010,0x00000000d7700000)
  to   space 3072K, 0% used [0x00000000d7180000,0x00000000d7180000,0x00000000d7480000)
 ParOldGen       total 1062912K, used 1062891K [0x0000000080000000, 0x00000000c0e00000, 0x00000000d5580000)
  object space 1062912K, 99% used [0x0000000080000000,0x00000000c0dfae08,0x00000000c0e00000)
 Metaspace       used 97526K, committed 99904K, reserved 1179648K
  class space    used 11812K, committed 12928K, reserved 1048576K
}
Event: 6572.651 GC heap before
{Heap before GC invocations=17407 (full 8):
 PSYoungGen      total 31232K, used 31216K [0x00000000d5580000, 0x00000000d7800000, 0x0000000100000000)
  eden space 28672K, 100% used [0x00000000d5580000,0x00000000d7180000,0x00000000d7180000)
  from space 2560K, 99% used [0x00000000d7480000,0x00000000d76fc010,0x00000000d7700000)
  to   space 3072K, 0% used [0x00000000d7180000,0x00000000d7180000,0x00000000d7480000)
 ParOldGen       total 1062912K, used 1062891K [0x0000000080000000, 0x00000000c0e00000, 0x00000000d5580000)
  object space 1062912K, 99% used [0x0000000080000000,0x00000000c0dfae08,0x00000000c0e00000)
 Metaspace       used 97545K, committed 99904K, reserved 1179648K
  class space    used 11812K, committed 12928K, reserved 1048576K
}
Event: 6573.681 GC heap after
{Heap after GC invocations=17407 (full 8):
 PSYoungGen      total 31744K, used 2768K [0x00000000d5580000, 0x00000000d7a00000, 0x0000000100000000)
  eden space 28672K, 0% used [0x00000000d5580000,0x00000000d5580000,0x00000000d7180000)
  from space 3072K, 90% used [0x00000000d7180000,0x00000000d7434010,0x00000000d7480000)
  to   space 3072K, 0% used [0x00000000d7700000,0x00000000d7700000,0x00000000d7a00000)
 ParOldGen       total 1063424K, used 1063003K [0x0000000080000000, 0x00000000c0e80000, 0x00000000d5580000)
  object space 1063424K, 99% used [0x0000000080000000,0x00000000c0e16e48,0x00000000c0e80000)
 Metaspace       used 97545K, committed 99904K, reserved 1179648K
  class space    used 11812K, committed 12928K, reserved 1048576K
}
Event: 6574.551 GC heap before
{Heap before GC invocations=17408 (full 8):
 PSYoungGen      total 31744K, used 31440K [0x00000000d5580000, 0x00000000d7a00000, 0x0000000100000000)
  eden space 28672K, 100% used [0x00000000d5580000,0x00000000d7180000,0x00000000d7180000)
  from space 3072K, 90% used [0x00000000d7180000,0x00000000d7434010,0x00000000d7480000)
  to   space 3072K, 0% used [0x00000000d7700000,0x00000000d7700000,0x00000000d7a00000)
 ParOldGen       total 1063424K, used 1063003K [0x0000000080000000, 0x00000000c0e80000, 0x00000000d5580000)
  object space 1063424K, 99% used [0x0000000080000000,0x00000000c0e16e48,0x00000000c0e80000)
 Metaspace       used 97546K, committed 99904K, reserved 1179648K
  class space    used 11812K, committed 12928K, reserved 1048576K
}
Event: 6574.573 GC heap after
{Heap after GC invocations=17408 (full 8):
 PSYoungGen      total 34304K, used 2672K [0x00000000d5580000, 0x00000000d7a00000, 0x0000000100000000)
  eden space 31232K, 0% used [0x00000000d5580000,0x00000000d5580000,0x00000000d7400000)
  from space 3072K, 86% used [0x00000000d7700000,0x00000000d799c010,0x00000000d7a00000)
  to   space 3072K, 0% used [0x00000000d7400000,0x00000000d7400000,0x00000000d7700000)
 ParOldGen       total 1063424K, used 1063003K [0x0000000080000000, 0x00000000c0e80000, 0x00000000d5580000)
  object space 1063424K, 99% used [0x0000000080000000,0x00000000c0e16e48,0x00000000c0e80000)
 Metaspace       used 97546K, committed 99904K, reserved 1179648K
  class space    used 11812K, committed 12928K, reserved 1048576K
}
Event: 6575.941 GC heap before
{Heap before GC invocations=17409 (full 8):
 PSYoungGen      total 34304K, used 33904K [0x00000000d5580000, 0x00000000d7a00000, 0x0000000100000000)
  eden space 31232K, 100% used [0x00000000d5580000,0x00000000d7400000,0x00000000d7400000)
  from space 3072K, 86% used [0x00000000d7700000,0x00000000d799c010,0x00000000d7a00000)
  to   space 3072K, 0% used [0x00000000d7400000,0x00000000d7400000,0x00000000d7700000)
 ParOldGen       total 1063424K, used 1063003K [0x0000000080000000, 0x00000000c0e80000, 0x00000000d5580000)
  object space 1063424K, 99% used [0x0000000080000000,0x00000000c0e16e48,0x00000000c0e80000)
 Metaspace       used 97546K, committed 99904K, reserved 1179648K
  class space    used 11812K, committed 12928K, reserved 1048576K
}
Event: 6575.948 GC heap after
{Heap after GC invocations=17409 (full 8):
 PSYoungGen      total 34304K, used 2592K [0x00000000d5580000, 0x00000000d7c00000, 0x0000000100000000)
  eden space 31232K, 0% used [0x00000000d5580000,0x00000000d5580000,0x00000000d7400000)
  from space 3072K, 84% used [0x00000000d7400000,0x00000000d7688000,0x00000000d7700000)
  to   space 3072K, 0% used [0x00000000d7900000,0x00000000d7900000,0x00000000d7c00000)
 ParOldGen       total 1063424K, used 1063091K [0x0000000080000000, 0x00000000c0e80000, 0x00000000d5580000)
  object space 1063424K, 99% used [0x0000000080000000,0x00000000c0e2ce48,0x00000000c0e80000)
 Metaspace       used 97546K, committed 99904K, reserved 1179648K
  class space    used 11812K, committed 12928K, reserved 1048576K
}
Event: 6577.820 GC heap before
{Heap before GC invocations=17410 (full 8):
 PSYoungGen      total 34304K, used 33824K [0x00000000d5580000, 0x00000000d7c00000, 0x0000000100000000)
  eden space 31232K, 100% used [0x00000000d5580000,0x00000000d7400000,0x00000000d7400000)
  from space 3072K, 84% used [0x00000000d7400000,0x00000000d7688000,0x00000000d7700000)
  to   space 3072K, 0% used [0x00000000d7900000,0x00000000d7900000,0x00000000d7c00000)
 ParOldGen       total 1063424K, used 1063091K [0x0000000080000000, 0x00000000c0e80000, 0x00000000d5580000)
  object space 1063424K, 99% used [0x0000000080000000,0x00000000c0e2ce48,0x00000000c0e80000)
 Metaspace       used 97546K, committed 99904K, reserved 1179648K
  class space    used 11812K, committed 12928K, reserved 1048576K
}
Event: 6577.826 GC heap after
{Heap after GC invocations=17410 (full 8):
 PSYoungGen      total 35328K, used 2288K [0x00000000d5580000, 0x00000000d7b80000, 0x0000000100000000)
  eden space 32768K, 0% used [0x00000000d5580000,0x00000000d5580000,0x00000000d7580000)
  from space 2560K, 89% used [0x00000000d7900000,0x00000000d7b3c010,0x00000000d7b80000)
  to   space 2560K, 0% used [0x00000000d7680000,0x00000000d7680000,0x00000000d7900000)
 ParOldGen       total 1063424K, used 1063211K [0x0000000080000000, 0x00000000c0e80000, 0x00000000d5580000)
  object space 1063424K, 99% used [0x0000000080000000,0x00000000c0e4ae48,0x00000000c0e80000)
 Metaspace       used 97546K, committed 99904K, reserved 1179648K
  class space    used 11812K, committed 12928K, reserved 1048576K
}
Event: 6578.838 GC heap before
{Heap before GC invocations=17411 (full 8):
 PSYoungGen      total 35328K, used 35056K [0x00000000d5580000, 0x00000000d7b80000, 0x0000000100000000)
  eden space 32768K, 100% used [0x00000000d5580000,0x00000000d7580000,0x00000000d7580000)
  from space 2560K, 89% used [0x00000000d7900000,0x00000000d7b3c010,0x00000000d7b80000)
  to   space 2560K, 0% used [0x00000000d7680000,0x00000000d7680000,0x00000000d7900000)
 ParOldGen       total 1063424K, used 1063211K [0x0000000080000000, 0x00000000c0e80000, 0x00000000d5580000)
  object space 1063424K, 99% used [0x0000000080000000,0x00000000c0e4ae48,0x00000000c0e80000)
 Metaspace       used 97548K, committed 99904K, reserved 1179648K
  class space    used 11812K, committed 12928K, reserved 1048576K
}
Event: 6578.845 GC heap after
{Heap after GC invocations=17411 (full 8):
 PSYoungGen      total 36352K, used 2544K [0x00000000d5580000, 0x00000000d7d00000, 0x0000000100000000)
  eden space 33792K, 0% used [0x00000000d5580000,0x00000000d5580000,0x00000000d7680000)
  from space 2560K, 99% used [0x00000000d7680000,0x00000000d78fc010,0x00000000d7900000)
  to   space 3072K, 0% used [0x00000000d7a00000,0x00000000d7a00000,0x00000000d7d00000)
 ParOldGen       total 1063424K, used 1063323K [0x0000000080000000, 0x00000000c0e80000, 0x00000000d5580000)
  object space 1063424K, 99% used [0x0000000080000000,0x00000000c0e66e48,0x00000000c0e80000)
 Metaspace       used 97548K, committed 99904K, reserved 1179648K
  class space    used 11812K, committed 12928K, reserved 1048576K
}
Event: 6579.979 GC heap before
{Heap before GC invocations=17412 (full 8):
 PSYoungGen      total 36352K, used 36336K [0x00000000d5580000, 0x00000000d7d00000, 0x0000000100000000)
  eden space 33792K, 100% used [0x00000000d5580000,0x00000000d7680000,0x00000000d7680000)
  from space 2560K, 99% used [0x00000000d7680000,0x00000000d78fc010,0x00000000d7900000)
  to   space 3072K, 0% used [0x00000000d7a00000,0x00000000d7a00000,0x00000000d7d00000)
 ParOldGen       total 1063424K, used 1063323K [0x0000000080000000, 0x00000000c0e80000, 0x00000000d5580000)
  object space 1063424K, 99% used [0x0000000080000000,0x00000000c0e66e48,0x00000000c0e80000)
 Metaspace       used 97549K, committed 99904K, reserved 1179648K
  class space    used 11812K, committed 12928K, reserved 1048576K
}
Event: 6579.986 GC heap after
{Heap after GC invocations=17412 (full 8):
 PSYoungGen      total 36864K, used 2736K [0x00000000d5580000, 0x00000000d7d00000, 0x0000000100000000)
  eden space 33792K, 0% used [0x00000000d5580000,0x00000000d5580000,0x00000000d7680000)
  from space 3072K, 89% used [0x00000000d7a00000,0x00000000d7cac010,0x00000000d7d00000)
  to   space 3072K, 0% used [0x00000000d7700000,0x00000000d7700000,0x00000000d7a00000)
 ParOldGen       total 1063424K, used 1063415K [0x0000000080000000, 0x00000000c0e80000, 0x00000000d5580000)
  object space 1063424K, 99% used [0x0000000080000000,0x00000000c0e7de58,0x00000000c0e80000)
 Metaspace       used 97549K, committed 99904K, reserved 1179648K
  class space    used 11812K, committed 12928K, reserved 1048576K
}
Event: 6581.834 GC heap before
{Heap before GC invocations=17413 (full 8):
 PSYoungGen      total 36864K, used 36528K [0x00000000d5580000, 0x00000000d7d00000, 0x0000000100000000)
  eden space 33792K, 100% used [0x00000000d5580000,0x00000000d7680000,0x00000000d7680000)
  from space 3072K, 89% used [0x00000000d7a00000,0x00000000d7cac010,0x00000000d7d00000)
  to   space 3072K, 0% used [0x00000000d7700000,0x00000000d7700000,0x00000000d7a00000)
 ParOldGen       total 1063424K, used 1063415K [0x0000000080000000, 0x00000000c0e80000, 0x00000000d5580000)
  object space 1063424K, 99% used [0x0000000080000000,0x00000000c0e7de58,0x00000000c0e80000)
 Metaspace       used 97552K, committed 99904K, reserved 1179648K
  class space    used 11812K, committed 12928K, reserved 1048576K
}
Event: 6581.840 GC heap after
{Heap after GC invocations=17413 (full 8):
 PSYoungGen      total 36864K, used 3008K [0x00000000d5580000, 0x00000000d7c80000, 0x0000000100000000)
  eden space 33792K, 0% used [0x00000000d5580000,0x00000000d5580000,0x00000000d7680000)
  from space 3072K, 97% used [0x00000000d7700000,0x00000000d79f0020,0x00000000d7a00000)
  to   space 2560K, 0% used [0x00000000d7a00000,0x00000000d7a00000,0x00000000d7c80000)
 ParOldGen       total 1063424K, used 1063415K [0x0000000080000000, 0x00000000c0e80000, 0x00000000d5580000)
  object space 1063424K, 99% used [0x0000000080000000,0x00000000c0e7de58,0x00000000c0e80000)
 Metaspace       used 97552K, committed 99904K, reserved 1179648K
  class space    used 11812K, committed 12928K, reserved 1048576K
}
Event: 6582.513 GC heap before
{Heap before GC invocations=17414 (full 8):
 PSYoungGen      total 36864K, used 36800K [0x00000000d5580000, 0x00000000d7c80000, 0x0000000100000000)
  eden space 33792K, 100% used [0x00000000d5580000,0x00000000d7680000,0x00000000d7680000)
  from space 3072K, 97% used [0x00000000d7700000,0x00000000d79f0020,0x00000000d7a00000)
  to   space 2560K, 0% used [0x00000000d7a00000,0x00000000d7a00000,0x00000000d7c80000)
 ParOldGen       total 1063424K, used 1063415K [0x0000000080000000, 0x00000000c0e80000, 0x00000000d5580000)
  object space 1063424K, 99% used [0x0000000080000000,0x00000000c0e7de58,0x00000000c0e80000)
 Metaspace       used 97552K, committed 99904K, reserved 1179648K
  class space    used 11812K, committed 12928K, reserved 1048576K
}
Event: 6582.521 GC heap after
{Heap after GC invocations=17414 (full 8):
 PSYoungGen      total 36352K, used 2528K [0x00000000d5580000, 0x00000000d7c80000, 0x0000000100000000)
  eden space 33792K, 0% used [0x00000000d5580000,0x00000000d5580000,0x00000000d7680000)
  from space 2560K, 98% used [0x00000000d7a00000,0x00000000d7c78020,0x00000000d7c80000)
  to   space 3072K, 0% used [0x00000000d7680000,0x00000000d7680000,0x00000000d7980000)
 ParOldGen       total 1063936K, used 1063899K [0x0000000080000000, 0x00000000c0f00000, 0x00000000d5580000)
  object space 1063936K, 99% used [0x0000000080000000,0x00000000c0ef6ec8,0x00000000c0f00000)
 Metaspace       used 97552K, committed 99904K, reserved 1179648K
  class space    used 11812K, committed 12928K, reserved 1048576K
}
Event: 6583.397 GC heap before
{Heap before GC invocations=17415 (full 8):
 PSYoungGen      total 36352K, used 36320K [0x00000000d5580000, 0x00000000d7c80000, 0x0000000100000000)
  eden space 33792K, 100% used [0x00000000d5580000,0x00000000d7680000,0x00000000d7680000)
  from space 2560K, 98% used [0x00000000d7a00000,0x00000000d7c78020,0x00000000d7c80000)
  to   space 3072K, 0% used [0x00000000d7680000,0x00000000d7680000,0x00000000d7980000)
 ParOldGen       total 1063936K, used 1063899K [0x0000000080000000, 0x00000000c0f00000, 0x00000000d5580000)
  object space 1063936K, 99% used [0x0000000080000000,0x00000000c0ef6ec8,0x00000000c0f00000)
 Metaspace       used 97552K, committed 99904K, reserved 1179648K
  class space    used 11812K, committed 12928K, reserved 1048576K
}

Dll operation events (20 events):
Event: 1.293 Attempting to load shared library C:\Users\Yogesh\.vscode\extensions\redhat.java-1.56.0-win32-x64\jre\21.0.12.1-win32-x86_64\bin\jimage.dll
Event: 1.293 Loaded shared library C:\Users\Yogesh\.vscode\extensions\redhat.java-1.56.0-win32-x64\jre\21.0.12.1-win32-x86_64\bin\jimage.dll
Event: 2.032 Attempting to load shared library c:\Users\Yogesh\.vscode\extensions\redhat.java-1.56.0-win32-x64\jre\21.0.12.1-win32-x86_64\bin\verify.dll
Event: 2.160 Loaded shared library c:\Users\Yogesh\.vscode\extensions\redhat.java-1.56.0-win32-x64\jre\21.0.12.1-win32-x86_64\bin\verify.dll
Event: 16.414 Attempting to load shared library C:\Users\Yogesh\AppData\Roaming\Code\User\globalStorage\redhat.java\1.56.0\config_win\org.eclipse.equinox.launcher\org.eclipse.equinox.launcher.win32.win32.x86_64_1.3.100.v20260804-1928\eclipse_11924.dll
Event: 16.416 Loaded shared library C:\Users\Yogesh\AppData\Roaming\Code\User\globalStorage\redhat.java\1.56.0\config_win\org.eclipse.equinox.launcher\org.eclipse.equinox.launcher.win32.win32.x86_64_1.3.100.v20260804-1928\eclipse_11924.dll
Event: 32.936 Attempting to load shared library C:\Users\Yogesh\AppData\Local\Temp\jna--1641292823\jna10850331965527501537.dll
Event: 33.129 Loaded shared library C:\Users\Yogesh\AppData\Local\Temp\jna--1641292823\jna10850331965527501537.dll
Event: 44.676 Attempting to load shared library C:\Users\Yogesh\.vscode\extensions\redhat.java-1.56.0-win32-x64\jre\21.0.12.1-win32-x86_64\bin\sunmscapi.dll
Event: 44.761 Loaded shared library C:\Users\Yogesh\.vscode\extensions\redhat.java-1.56.0-win32-x64\jre\21.0.12.1-win32-x86_64\bin\sunmscapi.dll
Event: 47.810 Attempting to load shared library C:\Users\Yogesh\.vscode\extensions\redhat.java-1.56.0-win32-x64\jre\21.0.12.1-win32-x86_64\bin\extnet.dll
Event: 47.977 Loaded shared library C:\Users\Yogesh\.vscode\extensions\redhat.java-1.56.0-win32-x64\jre\21.0.12.1-win32-x86_64\bin\extnet.dll
Event: 159.380 Attempting to load shared library C:\Users\Yogesh\.gradle\native\c067742578af261105cb4f569cf0c3c89f3d7b1fecec35dd04571415982c5e48\windows-amd64\native-platform.dll
Event: 159.381 Loaded shared library C:\Users\Yogesh\.gradle\native\c067742578af261105cb4f569cf0c3c89f3d7b1fecec35dd04571415982c5e48\windows-amd64\native-platform.dll
Event: 195.437 Attempting to load shared library C:\Users\Yogesh\.vscode\extensions\redhat.java-1.56.0-win32-x64\jre\21.0.12.1-win32-x86_64\bin\management.dll
Event: 195.440 Loaded shared library C:\Users\Yogesh\.vscode\extensions\redhat.java-1.56.0-win32-x64\jre\21.0.12.1-win32-x86_64\bin\management.dll
Event: 195.447 Attempting to load shared library C:\Users\Yogesh\.vscode\extensions\redhat.java-1.56.0-win32-x64\jre\21.0.12.1-win32-x86_64\bin\management_ext.dll
Event: 195.448 Loaded shared library C:\Users\Yogesh\.vscode\extensions\redhat.java-1.56.0-win32-x64\jre\21.0.12.1-win32-x86_64\bin\management_ext.dll
Event: 3182.974 Attempting to load shared library C:\Users\Yogesh\.gradle\native\c067742578af261105cb4f569cf0c3c89f3d7b1fecec35dd04571415982c5e48\windows-amd64-min\native-platform.dll
Event: 3182.983 Loaded shared library C:\Users\Yogesh\.gradle\native\c067742578af261105cb4f569cf0c3c89f3d7b1fecec35dd04571415982c5e48\windows-amd64-min\native-platform.dll

Deoptimization events (20 events):
Event: 6568.757 Thread 0x0000024809dbfc40 Uncommon trap: trap_request=0xffffff45 fr.pc=0x00000247a48ce8f0 relative=0x00000000000002f0
Event: 6568.757 Thread 0x0000024809dbfc40 Uncommon trap: reason=unstable_if action=reinterpret pc=0x00000247a48ce8f0 method=org.gradle.internal.time.MonotonicClock.syncIsDue(JJJ)Z @ 19 c2
Event: 6568.757 Thread 0x0000024809dbfc40 DEOPT PACKING pc=0x00000247a48ce8f0 sp=0x000000e2388ff070
Event: 6568.757 Thread 0x0000024809dbfc40 DEOPT UNPACKING pc=0x00000247a2f76da2 sp=0x000000e2388fef58 mode 2
Event: 6578.783 Thread 0x0000024809db6be0 Uncommon trap: trap_request=0xffffffbe fr.pc=0x00000247a499fa14 relative=0x0000000000000dd4
Event: 6578.783 Thread 0x0000024809db6be0 Uncommon trap: reason=profile_predicate action=maybe_recompile pc=0x00000247a499fa14 method=org.gradle.util.internal.GUtil.addToMap(Ljava/util/Map;Ljava/util/Map;)V @ 18 c2
Event: 6578.783 Thread 0x0000024809db6be0 DEOPT PACKING pc=0x00000247a499fa14 sp=0x000000e2329fe3c0
Event: 6578.783 Thread 0x0000024809db6be0 DEOPT UNPACKING pc=0x00000247a2f76da2 sp=0x000000e2329fe3b0 mode 2
Event: 6579.652 Thread 0x0000024809d96c00 Uncommon trap: trap_request=0xffffff45 fr.pc=0x00000247a391819c relative=0x000000000000031c
Event: 6579.652 Thread 0x0000024809d96c00 Uncommon trap: reason=unstable_if action=reinterpret pc=0x00000247a391819c method=com.esotericsoftware.kryo.io.Input.require(I)I @ 180 c2
Event: 6579.652 Thread 0x0000024809d96c00 DEOPT PACKING pc=0x00000247a391819c sp=0x000000e2353fe3e0
Event: 6579.653 Thread 0x0000024809d96c00 DEOPT UNPACKING pc=0x00000247a2f76da2 sp=0x000000e2353fe250 mode 2
Event: 6580.666 Thread 0x0000024809d9bac0 Uncommon trap: trap_request=0xffffffbe fr.pc=0x00000247a499fa14 relative=0x0000000000000dd4
Event: 6580.666 Thread 0x0000024809d9bac0 Uncommon trap: reason=profile_predicate action=maybe_recompile pc=0x00000247a499fa14 method=org.gradle.util.internal.GUtil.addToMap(Ljava/util/Map;Ljava/util/Map;)V @ 18 c2
Event: 6580.666 Thread 0x0000024809d9bac0 DEOPT PACKING pc=0x00000247a499fa14 sp=0x000000e2363fe600
Event: 6580.667 Thread 0x0000024809d9bac0 DEOPT UNPACKING pc=0x00000247a2f76da2 sp=0x000000e2363fe5f0 mode 2
Event: 6582.926 Thread 0x0000024809dbef20 Uncommon trap: trap_request=0xffffffbe fr.pc=0x00000247a499fa14 relative=0x0000000000000dd4
Event: 6582.926 Thread 0x0000024809dbef20 Uncommon trap: reason=profile_predicate action=maybe_recompile pc=0x00000247a499fa14 method=org.gradle.util.internal.GUtil.addToMap(Ljava/util/Map;Ljava/util/Map;)V @ 18 c2
Event: 6582.926 Thread 0x0000024809dbef20 DEOPT PACKING pc=0x00000247a499fa14 sp=0x000000e2350fe5f0
Event: 6582.926 Thread 0x0000024809dbef20 DEOPT UNPACKING pc=0x00000247a2f76da2 sp=0x000000e2350fe5e0 mode 2

Classes loaded (20 events):
Event: 3698.726 Loading class java/util/stream/ReduceOps$CountingSink$OfRef
Event: 3698.730 Loading class java/util/stream/ReduceOps$CountingSink
Event: 3698.733 Loading class java/util/stream/ReduceOps$CountingSink done
Event: 3698.733 Loading class java/util/stream/ReduceOps$CountingSink$OfRef done
Event: 3700.151 Loading class java/util/stream/ReduceOps$1
Event: 3700.153 Loading class java/util/stream/ReduceOps$1 done
Event: 3700.153 Loading class java/util/stream/ReduceOps$1ReducingSink
Event: 3700.153 Loading class java/util/stream/ReduceOps$1ReducingSink done
Event: 3705.830 Loading class java/io/SequenceInputStream
Event: 3705.832 Loading class java/io/SequenceInputStream done
Event: 3725.614 Loading class java/nio/channels/CompletionHandler
Event: 3725.624 Loading class java/nio/channels/CompletionHandler done
Event: 3943.049 Loading class java/net/DatagramPacket
Event: 3943.059 Loading class java/net/DatagramPacket done
Event: 5548.083 Loading class com/sun/org/apache/xerces/internal/xni/grammars/XMLGrammarPool
Event: 5548.086 Loading class com/sun/org/apache/xerces/internal/xni/grammars/XMLGrammarPool done
Event: 6289.356 Loading class java/util/zip/DataFormatException
Event: 6289.365 Loading class java/util/zip/DataFormatException done
Event: 6420.036 Loading class sun/net/ConnectionResetException
Event: 6420.047 Loading class sun/net/ConnectionResetException done

Classes unloaded (20 events):
Event: 4569.630 Thread 0x000002479888f910 Unloading class 0x00000247b166c400 'jdk/internal/reflect/GeneratedSerializationConstructorAccessor246'
Event: 4569.630 Thread 0x000002479888f910 Unloading class 0x00000247b166c000 'jdk/internal/reflect/GeneratedSerializationConstructorAccessor245'
Event: 4569.630 Thread 0x000002479888f910 Unloading class 0x00000247b1672400 'jdk/internal/reflect/GeneratedSerializationConstructorAccessor243'
Event: 4569.631 Thread 0x000002479888f910 Unloading class 0x00000247b1672000 'jdk/internal/reflect/GeneratedSerializationConstructorAccessor242'
Event: 4569.631 Thread 0x000002479888f910 Unloading class 0x00000247b168cc00 'jdk/internal/reflect/GeneratedSerializationConstructorAccessor241'
Event: 4569.631 Thread 0x000002479888f910 Unloading class 0x00000247b168c800 'jdk/internal/reflect/GeneratedSerializationConstructorAccessor240'
Event: 4569.631 Thread 0x000002479888f910 Unloading class 0x00000247b16cc400 'jdk/internal/reflect/GeneratedSerializationConstructorAccessor239'
Event: 4569.631 Thread 0x000002479888f910 Unloading class 0x00000247b16cc000 'jdk/internal/reflect/GeneratedSerializationConstructorAccessor238'
Event: 4569.632 Thread 0x000002479888f910 Unloading class 0x00000247b17f2400 'jdk/internal/reflect/GeneratedSerializationConstructorAccessor237'
Event: 4569.632 Thread 0x000002479888f910 Unloading class 0x00000247b17f2000 'jdk/internal/reflect/GeneratedSerializationConstructorAccessor236'
Event: 4569.632 Thread 0x000002479888f910 Unloading class 0x00000247b1829c00 'jdk/internal/reflect/GeneratedSerializationConstructorAccessor235'
Event: 4569.632 Thread 0x000002479888f910 Unloading class 0x00000247b1829800 'jdk/internal/reflect/GeneratedSerializationConstructorAccessor234'
Event: 4569.632 Thread 0x000002479888f910 Unloading class 0x00000247b182bc00 'jdk/internal/reflect/GeneratedSerializationConstructorAccessor233'
Event: 4569.632 Thread 0x000002479888f910 Unloading class 0x00000247b182b800 'jdk/internal/reflect/GeneratedSerializationConstructorAccessor232'
Event: 4569.632 Thread 0x000002479888f910 Unloading class 0x00000247b183a400 'jdk/internal/reflect/GeneratedSerializationConstructorAccessor231'
Event: 4569.632 Thread 0x000002479888f910 Unloading class 0x00000247b183a000 'jdk/internal/reflect/GeneratedSerializationConstructorAccessor230'
Event: 4569.632 Thread 0x000002479888f910 Unloading class 0x00000247b108ac00 'java/lang/invoke/LambdaForm$MH+0x00000247b108ac00'
Event: 4569.634 Thread 0x000002479888f910 Unloading class 0x00000247b108c000 'java/lang/invoke/LambdaForm$BMH+0x00000247b108c000'
Event: 4569.634 Thread 0x000002479888f910 Unloading class 0x00000247b168c400 'java/lang/invoke/LambdaForm$MH+0x00000247b168c400'
Event: 4569.635 Thread 0x000002479888f910 Unloading class 0x00000247b16c1800 'java/lang/invoke/LambdaForm$MH+0x00000247b16c1800'

Classes redefined (0 events):
No events

Internal exceptions (20 events):
Event: 6563.988 Thread 0x0000024809db9340 Exception <a 'java/io/IOException'{0x00000000d5b1d988}: Connection reset by peer> (0x00000000d5b1d988) 
thrown [s\src\hotspot\share\prims\jni.cpp, line 539]
Event: 6564.926 Thread 0x00000248071ad3b0 Exception <a 'sun/nio/fs/WindowsException'{0x00000000d66c52c8}> (0x00000000d66c52c8) 
thrown [s\src\hotspot\share\prims\jni.cpp, line 520]
Event: 6565.129 Thread 0x0000024807bddad0 Exception <a 'sun/nio/fs/WindowsException'{0x00000000d6b66628}> (0x00000000d6b66628) 
thrown [s\src\hotspot\share\prims\jni.cpp, line 520]
Event: 6573.685 Thread 0x0000024809d9a080 Exception <a 'java/io/IOException'{0x00000000d55be348}: CreateProcess error=1455, The paging file is too small for this operation to complete> (0x00000000d55be348) 
thrown [s\src\hotspot\share\prims\jni.cpp, line 539]
Event: 6573.848 Thread 0x0000024807af01b0 Exception <a 'sun/nio/fs/WindowsException'{0x00000000d58420c0}> (0x00000000d58420c0) 
thrown [s\src\hotspot\share\prims\jni.cpp, line 520]
Event: 6573.849 Thread 0x0000024807168d10 Exception <a 'sun/nio/fs/WindowsException'{0x00000000d581c868}> (0x00000000d581c868) 
thrown [s\src\hotspot\share\prims\jni.cpp, line 520]
Event: 6573.850 Thread 0x000002480730d290 Exception <a 'sun/nio/fs/WindowsException'{0x00000000d58bf498}> (0x00000000d58bf498) 
thrown [s\src\hotspot\share\prims\jni.cpp, line 520]
Event: 6575.392 Thread 0x0000024809dc1680 Exception <a 'java/io/IOException'{0x00000000d5c47cb0}> (0x00000000d5c47cb0) 
thrown [s\src\hotspot\share\prims\jni.cpp, line 520]
Event: 6575.590 Thread 0x000002480730d290 Exception <a 'sun/nio/fs/WindowsException'{0x00000000d7268b00}> (0x00000000d7268b00) 
thrown [s\src\hotspot\share\prims\jni.cpp, line 520]
Event: 6577.653 Thread 0x0000024809dbad80 Exception <a 'java/io/IOException'{0x00000000d6b94828}> (0x00000000d6b94828) 
thrown [s\src\hotspot\share\prims\jni.cpp, line 520]
Event: 6577.655 Thread 0x0000024809dbef20 Exception <a 'java/io/IOException'{0x00000000d6c8a960}> (0x00000000d6c8a960) 
thrown [s\src\hotspot\share\prims\jni.cpp, line 520]
Event: 6577.856 Thread 0x000002480baea490 Exception <a 'sun/net/ConnectionResetException'{0x00000000d55e9f50}: Connection reset> (0x00000000d55e9f50) 
thrown [s\src\hotspot\share\prims\jni.cpp, line 539]
Event: 6577.862 Thread 0x0000024807bddad0 Exception <a 'sun/nio/fs/WindowsException'{0x00000000d55fd8f8}> (0x00000000d55fd8f8) 
thrown [s\src\hotspot\share\prims\jni.cpp, line 520]
Event: 6577.906 Thread 0x000002480baea490 Exception <a 'java/io/IOException'{0x00000000d56c4ec8}: Connection reset by peer> (0x00000000d56c4ec8) 
thrown [s\src\hotspot\share\prims\jni.cpp, line 539]
Event: 6577.918 Thread 0x000002480784d1f0 Exception <a 'sun/nio/fs/WindowsException'{0x00000000d56a9aa0}> (0x00000000d56a9aa0) 
thrown [s\src\hotspot\share\prims\jni.cpp, line 520]
Event: 6577.946 Thread 0x00000248085405e0 Exception <a 'sun/nio/fs/WindowsException'{0x00000000d58b2ff0}> (0x00000000d58b2ff0) 
thrown [s\src\hotspot\share\prims\jni.cpp, line 520]
Event: 6579.652 Thread 0x0000024809d96c00 Exception <a 'sun/net/ConnectionResetException'{0x00000000d7339260}: Connection reset> (0x00000000d7339260) 
thrown [s\src\hotspot\share\prims\jni.cpp, line 539]
Event: 6579.672 Thread 0x0000024809d96c00 Exception <a 'java/io/IOException'{0x00000000d7445540}: Connection reset by peer> (0x00000000d7445540) 
thrown [s\src\hotspot\share\prims\jni.cpp, line 539]
Event: 6582.060 Thread 0x0000024809634680 Exception <a 'java/io/IOException'{0x00000000d5fec3d8}> (0x00000000d5fec3d8) 
thrown [s\src\hotspot\share\prims\jni.cpp, line 520]
Event: 6582.881 Thread 0x0000024809d9e220 Exception <a 'java/io/IOException'{0x00000000d6316248}: CreateProcess error=1455, The paging file is too small for this operation to complete> (0x00000000d6316248) 
thrown [s\src\hotspot\share\prims\jni.cpp, line 539]

ZGC Phase Switch (0 events):
No events

VM Operations (20 events):
Event: 6571.086 Executing safepoint VM operation: ParallelGCFailedAllocation (Allocation Failure) done
Event: 6571.758 Executing safepoint VM operation: ParallelGCFailedAllocation (Allocation Failure)
Event: 6573.683 Executing safepoint VM operation: ParallelGCFailedAllocation (Allocation Failure) done
Event: 6574.551 Executing safepoint VM operation: ParallelGCFailedAllocation (Allocation Failure)
Event: 6574.573 Executing safepoint VM operation: ParallelGCFailedAllocation (Allocation Failure) done
Event: 6575.664 Executing safepoint VM operation: ParallelGCFailedAllocation (Allocation Failure)
Event: 6575.948 Executing safepoint VM operation: ParallelGCFailedAllocation (Allocation Failure) done
Event: 6576.999 Executing safepoint VM operation: ParallelGCFailedAllocation (Allocation Failure)
Event: 6577.826 Executing safepoint VM operation: ParallelGCFailedAllocation (Allocation Failure) done
Event: 6578.785 Executing safepoint VM operation: ParallelGCFailedAllocation (Allocation Failure)
Event: 6578.846 Executing safepoint VM operation: ParallelGCFailedAllocation (Allocation Failure) done
Event: 6579.846 Executing safepoint VM operation: Cleanup
Event: 6579.971 Executing safepoint VM operation: Cleanup done
Event: 6579.979 Executing safepoint VM operation: ParallelGCFailedAllocation (Allocation Failure)
Event: 6579.986 Executing safepoint VM operation: ParallelGCFailedAllocation (Allocation Failure) done
Event: 6581.834 Executing safepoint VM operation: ParallelGCFailedAllocation (Allocation Failure)
Event: 6581.840 Executing safepoint VM operation: ParallelGCFailedAllocation (Allocation Failure) done
Event: 6582.513 Executing safepoint VM operation: ParallelGCFailedAllocation (Allocation Failure)
Event: 6582.521 Executing safepoint VM operation: ParallelGCFailedAllocation (Allocation Failure) done
Event: 6583.397 Executing safepoint VM operation: ParallelGCFailedAllocation (Allocation Failure)

Memory protections (0 events):
No events

Nmethod flushes (20 events):
Event: 4570.171 Thread 0x000002479888f910 flushing  nmethod 0x000002479d2c5b90
Event: 4570.171 Thread 0x000002479888f910 flushing  nmethod 0x000002479d32bf10
Event: 4570.171 Thread 0x000002479888f910 flushing  nmethod 0x000002479d346610
Event: 4570.172 Thread 0x000002479888f910 flushing  nmethod 0x000002479d34ba90
Event: 4570.173 Thread 0x000002479888f910 flushing  nmethod 0x000002479d35ea10
Event: 4570.173 Thread 0x000002479888f910 flushing  nmethod 0x000002479d35fd10
Event: 4570.173 Thread 0x000002479888f910 flushing  nmethod 0x000002479d364190
Event: 4570.174 Thread 0x000002479888f910 flushing  nmethod 0x000002479d3a8190
Event: 4570.174 Thread 0x000002479888f910 flushing  nmethod 0x000002479d3db190
Event: 4570.174 Thread 0x000002479888f910 flushing  nmethod 0x000002479d462390
Event: 4570.174 Thread 0x000002479888f910 flushing  nmethod 0x000002479d4c1010
Event: 4570.174 Thread 0x000002479888f910 flushing  nmethod 0x000002479d4d3390
Event: 4570.174 Thread 0x000002479888f910 flushing  nmethod 0x000002479d50d290
Event: 4570.174 Thread 0x000002479888f910 flushing  nmethod 0x000002479d513a90
Event: 4570.175 Thread 0x000002479888f910 flushing  nmethod 0x000002479d514990
Event: 4570.175 Thread 0x000002479888f910 flushing  nmethod 0x000002479d576210
Event: 4570.175 Thread 0x000002479888f910 flushing  nmethod 0x000002479d5af790
Event: 4570.175 Thread 0x000002479888f910 flushing  nmethod 0x000002479d5f3310
Event: 4570.175 Thread 0x000002479888f910 flushing  nmethod 0x000002479d753210
Event: 4570.175 Thread 0x000002479888f910 flushing  nmethod 0x000002479d793810

Events (20 events):
Event: 6581.786 Thread 0x0000024809db1000 Thread added: 0x0000024809d9c7e0
Event: 6581.878 Thread 0x0000024809d97290 Thread added: 0x0000024809da0980
Event: 6581.878 Thread 0x0000024809d97290 Thread added: 0x0000024809d9fc60
Event: 6581.896 Thread 0x0000024809dc0ff0 Thread added: 0x0000024809da02f0
Event: 6581.937 Thread 0x0000024809da0980 Thread exited: 0x0000024809da0980
Event: 6581.945 Thread 0x0000024809dc02d0 Thread added: 0x0000024809da0980
Event: 6582.029 Thread 0x0000024809dbad80 Thread added: 0x0000024809d9d500
Event: 6582.060 Thread 0x000002480bb062d0 Thread exited: 0x000002480bb062d0
Event: 6582.063 Thread 0x0000024809634680 Thread exited: 0x0000024809634680
Event: 6582.128 Thread 0x0000024809db6be0 Thread added: 0x0000024809da1010
Event: 6582.206 Thread 0x000002480964af70 Thread added: 0x0000024809d9db90
Event: 6582.881 Thread 0x0000024809d9e220 Thread exited: 0x0000024809d9e220
Event: 6582.881 Thread 0x0000024809dbbaa0 Thread exited: 0x0000024809dbbaa0
Event: 6582.882 Thread 0x0000024809dbef20 Thread exited: 0x0000024809dbef20
Event: 6582.903 Thread 0x0000024807bddad0 Thread added: 0x0000024809dbef20
Event: 6582.926 Thread 0x0000024809dbef20 Thread added: 0x0000024809dbbaa0
Event: 6583.201 Thread 0x0000024809d97920 Thread exited: 0x0000024809d97920
Event: 6583.201 Thread 0x0000024809dcdb60 Thread exited: 0x0000024809dcdb60
Event: 6583.202 Thread 0x0000024809dbf5b0 Thread exited: 0x0000024809dbf5b0
Event: 6583.202 Thread 0x0000024809dbe890 Thread exited: 0x0000024809dbe890


Dynamic libraries:
0x00007ff79ef50000 - 0x00007ff79ef5e000 	c:\Users\Yogesh\.vscode\extensions\redhat.java-1.56.0-win32-x64\jre\21.0.12.1-win32-x86_64\bin\java.exe
0x00007ffa30580000 - 0x00007ffa307e6000 	C:\WINDOWS\SYSTEM32\ntdll.dll
0x00007ffa2f230000 - 0x00007ffa2f2f9000 	C:\WINDOWS\System32\KERNEL32.DLL
0x00007ffa2d9b0000 - 0x00007ffa2ddaf000 	C:\WINDOWS\System32\KERNELBASE.dll
0x00007ffa2d850000 - 0x00007ffa2d99c000 	C:\WINDOWS\System32\ucrtbase.dll
0x00007ff9f7d70000 - 0x00007ff9f7d88000 	c:\Users\Yogesh\.vscode\extensions\redhat.java-1.56.0-win32-x64\jre\21.0.12.1-win32-x86_64\bin\jli.dll
0x00007ff9f7d90000 - 0x00007ff9f7dae000 	c:\Users\Yogesh\.vscode\extensions\redhat.java-1.56.0-win32-x64\jre\21.0.12.1-win32-x86_64\bin\VCRUNTIME140.dll
0x00007ffa2ff20000 - 0x00007ffa300e6000 	C:\WINDOWS\System32\USER32.dll
0x00007ffa2de70000 - 0x00007ffa2de97000 	C:\WINDOWS\System32\win32u.dll
0x00007ffa0e270000 - 0x00007ffa0e501000 	C:\WINDOWS\WinSxS\amd64_microsoft.windows.common-controls_6595b64144ccf1df_6.0.26100.8972_none_3e0da176e32f9d4b\COMCTL32.dll
0x00007ffa30330000 - 0x00007ffa3035b000 	C:\WINDOWS\System32\GDI32.dll
0x00007ffa2e3c0000 - 0x00007ffa2e469000 	C:\WINDOWS\System32\msvcrt.dll
0x00007ffa2df60000 - 0x00007ffa2e089000 	C:\WINDOWS\System32\gdi32full.dll
0x00007ffa2ddc0000 - 0x00007ffa2de63000 	C:\WINDOWS\System32\msvcp_win.dll
0x00007ffa300f0000 - 0x00007ffa30122000 	C:\WINDOWS\System32\IMM32.DLL
0x00007ff9f7d60000 - 0x00007ff9f7d6c000 	c:\Users\Yogesh\.vscode\extensions\redhat.java-1.56.0-win32-x64\jre\21.0.12.1-win32-x86_64\bin\vcruntime140_1.dll
0x00007ff9b6bc0000 - 0x00007ff9b6c4d000 	c:\Users\Yogesh\.vscode\extensions\redhat.java-1.56.0-win32-x64\jre\21.0.12.1-win32-x86_64\bin\msvcp140.dll
0x00007ff9879a0000 - 0x00007ff988742000 	c:\Users\Yogesh\.vscode\extensions\redhat.java-1.56.0-win32-x64\jre\21.0.12.1-win32-x86_64\bin\server\jvm.dll
0x00007ffa2f6a0000 - 0x00007ffa2f75c000 	C:\WINDOWS\System32\ADVAPI32.dll
0x00007ffa2ec90000 - 0x00007ffa2ed3a000 	C:\WINDOWS\System32\sechost.dll
0x00007ffa30130000 - 0x00007ffa30248000 	C:\WINDOWS\System32\RPCRT4.dll
0x00007ffa2e540000 - 0x00007ffa2e5c2000 	C:\WINDOWS\System32\WS2_32.dll
0x00007ffa2d610000 - 0x00007ffa2d66e000 	C:\WINDOWS\SYSTEM32\POWRPROF.dll
0x00007ffa210a0000 - 0x00007ffa210d6000 	C:\WINDOWS\SYSTEM32\WINMM.dll
0x00007ffa22970000 - 0x00007ffa2297b000 	C:\WINDOWS\SYSTEM32\VERSION.dll
0x00007ffa2d5f0000 - 0x00007ffa2d605000 	C:\WINDOWS\SYSTEM32\UMPDC.dll
0x00007ffa2c480000 - 0x00007ffa2c49b000 	C:\WINDOWS\SYSTEM32\kernel.appcore.dll
0x00007ff9f7d50000 - 0x00007ff9f7d5a000 	c:\Users\Yogesh\.vscode\extensions\redhat.java-1.56.0-win32-x64\jre\21.0.12.1-win32-x86_64\bin\jimage.dll
0x00007ffa2ad30000 - 0x00007ffa2af72000 	C:\WINDOWS\SYSTEM32\DBGHELP.DLL
0x00007ffa2f300000 - 0x00007ffa2f685000 	C:\WINDOWS\System32\combase.dll
0x00007ffa2e8b0000 - 0x00007ffa2e989000 	C:\WINDOWS\System32\OLEAUT32.dll
0x00007ffa0aa10000 - 0x00007ffa0aa4b000 	C:\WINDOWS\SYSTEM32\dbgcore.DLL
0x00007ffa2d790000 - 0x00007ffa2d83c000 	C:\WINDOWS\System32\bcryptPrimitives.dll
0x00007ff9b6b40000 - 0x00007ff9b6b4f000 	c:\Users\Yogesh\.vscode\extensions\redhat.java-1.56.0-win32-x64\jre\21.0.12.1-win32-x86_64\bin\instrument.dll
0x00007ff9f4f30000 - 0x00007ff9f4f50000 	c:\Users\Yogesh\.vscode\extensions\redhat.java-1.56.0-win32-x64\jre\21.0.12.1-win32-x86_64\bin\java.dll
0x00007ffa2f770000 - 0x00007ffa2fef8000 	C:\WINDOWS\System32\SHELL32.dll
0x00007ffa2b210000 - 0x00007ffa2baab000 	C:\WINDOWS\SYSTEM32\windows.storage.dll
0x00007ffa2e7b0000 - 0x00007ffa2e8a9000 	C:\WINDOWS\System32\SHCORE.dll
0x00007ffa2e5d0000 - 0x00007ffa2e636000 	C:\WINDOWS\System32\shlwapi.dll
0x00007ffa2d6b0000 - 0x00007ffa2d6d9000 	C:\WINDOWS\SYSTEM32\profapi.dll
0x00007ff9b5440000 - 0x00007ff9b5458000 	c:\Users\Yogesh\.vscode\extensions\redhat.java-1.56.0-win32-x64\jre\21.0.12.1-win32-x86_64\bin\zip.dll
0x00007ff9f4f90000 - 0x00007ff9f4fa0000 	C:\Users\Yogesh\.vscode\extensions\redhat.java-1.56.0-win32-x64\jre\21.0.12.1-win32-x86_64\bin\net.dll
0x00007ffa246f0000 - 0x00007ffa24818000 	C:\WINDOWS\SYSTEM32\WINHTTP.dll
0x00007ffa2ca30000 - 0x00007ffa2ca9c000 	C:\WINDOWS\system32\mswsock.dll
0x00007ff9918e0000 - 0x00007ff9918f6000 	C:\Users\Yogesh\.vscode\extensions\redhat.java-1.56.0-win32-x64\jre\21.0.12.1-win32-x86_64\bin\nio.dll
0x00007ff9b5430000 - 0x00007ff9b5440000 	c:\Users\Yogesh\.vscode\extensions\redhat.java-1.56.0-win32-x64\jre\21.0.12.1-win32-x86_64\bin\verify.dll
0x00007ff9b55e0000 - 0x00007ff9b5625000 	C:\Users\Yogesh\AppData\Roaming\Code\User\globalStorage\redhat.java\1.56.0\config_win\org.eclipse.equinox.launcher\org.eclipse.equinox.launcher.win32.win32.x86_64_1.3.100.v20260804-1928\eclipse_11924.dll
0x00007ffa303a0000 - 0x00007ffa30539000 	C:\WINDOWS\System32\ole32.dll
0x00007ffa2cd20000 - 0x00007ffa2cd3b000 	C:\WINDOWS\SYSTEM32\CRYPTSP.dll
0x00007ffa2c3c0000 - 0x00007ffa2c3f9000 	C:\WINDOWS\system32\rsaenh.dll
0x00007ffa2cae0000 - 0x00007ffa2cb12000 	C:\WINDOWS\SYSTEM32\USERENV.dll
0x00007ffa2d680000 - 0x00007ffa2d6aa000 	C:\WINDOWS\SYSTEM32\bcrypt.dll
0x00007ffa2cd40000 - 0x00007ffa2cd4c000 	C:\WINDOWS\SYSTEM32\CRYPTBASE.dll
0x00007ffa2be00000 - 0x00007ffa2be33000 	C:\WINDOWS\SYSTEM32\IPHLPAPI.DLL
0x00007ffa2f690000 - 0x00007ffa2f69a000 	C:\WINDOWS\System32\NSI.dll
0x00007ff988870000 - 0x00007ff9888b9000 	C:\Users\Yogesh\AppData\Local\Temp\jna--1641292823\jna10850331965527501537.dll
0x00007ffa2e3b0000 - 0x00007ffa2e3b8000 	C:\WINDOWS\System32\PSAPI.DLL
0x00007ffa253d0000 - 0x00007ffa253ed000 	C:\WINDOWS\SYSTEM32\dhcpcsvc6.DLL
0x00007ffa252a0000 - 0x00007ffa252c5000 	C:\WINDOWS\SYSTEM32\dhcpcsvc.DLL
0x00007ffa27610000 - 0x00007ffa2761e000 	C:\Users\Yogesh\.vscode\extensions\redhat.java-1.56.0-win32-x64\jre\21.0.12.1-win32-x86_64\bin\sunmscapi.dll
0x00007ffa2e090000 - 0x00007ffa2e20e000 	C:\WINDOWS\System32\CRYPT32.dll
0x00007ffa2cf60000 - 0x00007ffa2cf90000 	C:\WINDOWS\SYSTEM32\ncrypt.dll
0x00007ffa2cf10000 - 0x00007ffa2cf4f000 	C:\WINDOWS\SYSTEM32\NTASN1.dll
0x00007ffa2be40000 - 0x00007ffa2bf98000 	C:\WINDOWS\SYSTEM32\DNSAPI.dll
0x00007ffa2c810000 - 0x00007ffa2c81d000 	C:\WINDOWS\SYSTEM32\DSPARSE.dll
0x00007ffa238a0000 - 0x00007ffa238ab000 	C:\Windows\System32\rasadhlp.dll
0x00007ffa25560000 - 0x00007ffa255e6000 	C:\WINDOWS\System32\fwpuclnt.dll
0x00007ffa19de0000 - 0x00007ffa19de9000 	C:\Users\Yogesh\.vscode\extensions\redhat.java-1.56.0-win32-x64\jre\21.0.12.1-win32-x86_64\bin\extnet.dll
0x00007ff98ffb0000 - 0x00007ff98ffd7000 	C:\Users\Yogesh\.gradle\native\c067742578af261105cb4f569cf0c3c89f3d7b1fecec35dd04571415982c5e48\windows-amd64\native-platform.dll
0x00007ff9b5460000 - 0x00007ff9b546a000 	C:\Users\Yogesh\.vscode\extensions\redhat.java-1.56.0-win32-x64\jre\21.0.12.1-win32-x86_64\bin\management.dll
0x00007ff9b41c0000 - 0x00007ff9b41cc000 	C:\Users\Yogesh\.vscode\extensions\redhat.java-1.56.0-win32-x64\jre\21.0.12.1-win32-x86_64\bin\management_ext.dll
0x00007ffa29cc0000 - 0x00007ffa29d5f000 	C:\WINDOWS\system32\apphelp.dll
0x00007ff9b2180000 - 0x00007ff9b2188000 	C:\WINDOWS\system32\wshunix.dll
0x00007ff9f9210000 - 0x00007ff9f9237000 	C:\Users\Yogesh\.gradle\native\c067742578af261105cb4f569cf0c3c89f3d7b1fecec35dd04571415982c5e48\windows-amd64-min\native-platform.dll
0x00007ffa00810000 - 0x00007ffa00828000 	C:\WINDOWS\system32\napinsp.dll
0x00007ffa00710000 - 0x00007ffa00723000 	C:\WINDOWS\System32\winrnr.dll
0x00007ffa006e0000 - 0x00007ffa00702000 	C:\WINDOWS\system32\nlansp_c.dll
0x00007ffa006c0000 - 0x00007ffa006d6000 	C:\WINDOWS\system32\wshbth.dll

JVMTI agents:
c:\Users\Yogesh\.vscode\extensions\redhat.java-1.56.0-win32-x64\lombok\lombok-1.18.39-4050.jar path:c:\Users\Yogesh\.vscode\extensions\redhat.java-1.56.0-win32-x64\jre\21.0.12.1-win32-x86_64\bin\instrument.dll, loaded, initialized, instrumentlib options:none

dbghelp: loaded successfully - version: 4.0.5 - missing functions: none
symbol engine: initialized successfully - sym options: 0x614 - pdb path: .;c:\Users\Yogesh\.vscode\extensions\redhat.java-1.56.0-win32-x64\jre\21.0.12.1-win32-x86_64\bin;C:\WINDOWS\SYSTEM32;C:\WINDOWS\WinSxS\amd64_microsoft.windows.common-controls_6595b64144ccf1df_6.0.26100.8972_none_3e0da176e32f9d4b;c:\Users\Yogesh\.vscode\extensions\redhat.java-1.56.0-win32-x64\jre\21.0.12.1-win32-x86_64\bin\server;C:\Users\Yogesh\AppData\Roaming\Code\User\globalStorage\redhat.java\1.56.0\config_win\org.eclipse.equinox.launcher\org.eclipse.equinox.launcher.win32.win32.x86_64_1.3.100.v20260804-1928;C:\Users\Yogesh\AppData\Local\Temp\jna--1641292823;C:\Users\Yogesh\.gradle\native\c067742578af261105cb4f569cf0c3c89f3d7b1fecec35dd04571415982c5e48\windows-amd64;C:\Users\Yogesh\.gradle\native\c067742578af261105cb4f569cf0c3c89f3d7b1fecec35dd04571415982c5e48\windows-amd64-min

VM Arguments:
jvm_args: --add-modules=ALL-SYSTEM --add-opens=java.base/java.util=ALL-UNNAMED --add-opens=java.base/java.lang=ALL-UNNAMED --add-opens=java.base/sun.nio.fs=ALL-UNNAMED -Declipse.application=org.eclipse.jdt.ls.core.id1 -Dosgi.bundles.defaultStartLevel=4 -Declipse.product=org.eclipse.jdt.ls.core.product -Djava.import.generatesMetadataFilesAtProjectRoot=false -Dm2e.project.cache.size=50 -DDetectVMInstallationsJob.disabled=true -Dfile.encoding=utf8 -XX:+UseParallelGC -XX:GCTimeRatio=4 -XX:AdaptiveSizePolicyWeight=90 -Dsun.zip.disableMemoryMapping=true -Xmx2G -Xms100m -Xlog:disable -javaagent:c:\Users\Yogesh\.vscode\extensions\redhat.java-1.56.0-win32-x64\lombok\lombok-1.18.39-4050.jar -XX:+HeapDumpOnOutOfMemoryError -XX:HeapDumpPath=c:\Users\Yogesh\AppData\Roaming\Code\User\workspaceStorage\960a2e004a4bfed2f4c3b86f6fae402b\redhat.java -Daether.dependencyCollector.impl=bf 
java_command: c:\Users\Yogesh\.vscode\extensions\redhat.java-1.56.0-win32-x64\server\plugins\org.eclipse.equinox.launcher_1.8.0.v20260804-1928.jar -configuration c:\Users\Yogesh\AppData\Roaming\Code\User\globalStorage\redhat.java\1.56.0\config_win -data c:\Users\Yogesh\AppData\Roaming\Code\User\workspaceStorage\960a2e004a4bfed2f4c3b86f6fae402b\redhat.java\jdt_ws --pipe=\\.\pipe\lsp-30397e2d84bc1e2a1feebdd08f815a68-sock
java_class_path (initial): c:\Users\Yogesh\.vscode\extensions\redhat.java-1.56.0-win32-x64\server\plugins\org.eclipse.equinox.launcher_1.8.0.v20260804-1928.jar
Launcher Type: SUN_STANDARD

[Global flags]
    uintx AdaptiveSizePolicyWeight                 = 90                                        {product} {command line}
     intx CICompilerCount                          = 4                                         {product} {ergonomic}
    uintx GCTimeRatio                              = 4                                         {product} {command line}
     bool HeapDumpOnOutOfMemoryError               = true                                   {manageable} {command line}
    ccstr HeapDumpPath                             = c:\Users\Yogesh\AppData\Roaming\Code\User\workspaceStorage\960a2e004a4bfed2f4c3b86f6fae402b\redhat.java         {manageable} {command line}
   size_t InitialHeapSize                          = 104857600                                 {product} {command line}
   size_t MaxHeapSize                              = 2147483648                                {product} {command line}
   size_t MaxNewSize                               = 715653120                                 {product} {ergonomic}
   size_t MinHeapDeltaBytes                        = 524288                                    {product} {ergonomic}
   size_t MinHeapSize                              = 104857600                                 {product} {command line}
   size_t NewSize                                  = 34603008                                  {product} {ergonomic}
    uintx NonNMethodCodeHeapSize                   = 5839372                                {pd product} {ergonomic}
    uintx NonProfiledCodeHeapSize                  = 122909434                              {pd product} {ergonomic}
   size_t OldSize                                  = 70254592                                  {product} {ergonomic}
    uintx ProfiledCodeHeapSize                     = 122909434                              {pd product} {ergonomic}
    uintx ReservedCodeCacheSize                    = 251658240                              {pd product} {ergonomic}
     bool SegmentedCodeCache                       = true                                      {product} {ergonomic}
   size_t SoftMaxHeapSize                          = 2147483648                             {manageable} {ergonomic}
     bool UseCompressedOops                        = true                           {product lp64_product} {ergonomic}
     bool UseLargePagesIndividualAllocation        = false                                  {pd product} {ergonomic}
     bool UseParallelGC                            = true                                      {product} {command line}

Logging:
Log output configuration:
 #0: stdout all=off uptime,level,tags foldmultilines=false
 #1: stderr all=off uptime,level,tags foldmultilines=false

Release file:
JAVA_VERSION="21.0.12.1" 
MODULES="java.base java.compiler java.datatransfer java.xml java.prefs java.desktop java.instrument java.logging java.management java.security.sasl java.naming java.rmi java.management.rmi java.net.http java.scripting java.security.jgss java.transaction.xa java.sql java.sql.rowset java.xml.crypto java.se java.smartcardio jdk.accessibility jdk.internal.jvmstat jdk.attach jdk.charsets jdk.internal.opt jdk.zipfs jdk.compiler jdk.crypto.ec jdk.crypto.cryptoki jdk.crypto.mscapi jdk.dynalink jdk.internal.ed jdk.editpad jdk.hotspot.agent jdk.httpserver jdk.internal.le jdk.internal.vm.ci jdk.internal.vm.compiler jdk.internal.vm.compiler.management jdk.jartool jdk.javadoc jdk.jcmd jdk.management jdk.management.agent jdk.jconsole jdk.jdeps jdk.jdwp.agent jdk.jdi jdk.jfr jdk.jshell jdk.jsobject jdk.jstatd jdk.localedata jdk.management.jfr jdk.naming.dns jdk.naming.rmi jdk.net jdk.nio.mapmode jdk.random jdk.sctp jdk.security.auth jdk.security.jgss jdk.unsupported jdk.unsupported.desktop jdk.xml.dom" 

Environment Variables:
JAVA_HOME=C:\Program Files\Microsoft\jdk-17.0.8.7-hotspot\
PATH=C:\Program Files\Microsoft\jdk-17.0.8.7-hotspot\bin;C:\Program Files\Common Files\Oracle\Java\javapath;C:\WINDOWS\system32;C:\WINDOWS;C:\WINDOWS\System32\Wbem;C:\WINDOWS\System32\WindowsPowerShell\v1.0\;C:\WINDOWS\System32\OpenSSH\;C:\Program Files\nodejs\;C:\Users\Yogesh\AppData\Local\Android\Sdk\platform-tools;C:\ProgramData\chocolatey\bin;C:\Users\Yogesh\Desktop\SqlLite\sqlite-tools-win-x64-3450000;C:\Program Files\Git\cmd;C:\Program Files\Git\bin;C:\Users\Yogesh\AppData\Local\Android\Sdk\cmdline-tools\latest\bin;C:\Software\cmake-3.31.0-rc2-windows-x86_64\cmake-3.31.0-rc2-windows-x86_64\bin;C:\Users\Yogesh\Downloads\apache-maven-3.9.9\bin;C:\Program Files\MySQL\MySQL Shell 8.0\bin\;C:\Users\Yogesh\AppData\Local\Android\Sdk\tools;C:\Users\Yogesh\AppData\Local\Microsoft\WindowsApps;C:\Users\Yogesh\AppData\Roaming\npm;C:\Users\Yogesh\AppData\Local\Programs\Microsoft VS Code\bin;C:\Users\Yogesh\AppData\Local\GitHubDesktop\bin;
USERNAME=Yogesh
OS=Windows_NT
PROCESSOR_IDENTIFIER=Intel64 Family 6 Model 140 Stepping 1, GenuineIntel
TMP=C:\Users\Yogesh\AppData\Local\Temp
TEMP=C:\Users\Yogesh\AppData\Local\Temp




Periodic native trim disabled

---------------  S Y S T E M  ---------------

OS:
 Windows 11 , 64 bit Build 26100 (10.0.26100.9168)
OS uptime: 0 days 1:51 hours
Hyper-V role detected

CPU: total 8 (initial active 8) (4 cores per cpu, 2 threads per core) family 6 model 140 stepping 1 microcode 0xb4, cx8, cmov, fxsr, ht, mmx, 3dnowpref, sse, sse2, sse3, ssse3, sse4.1, sse4.2, popcnt, lzcnt, tsc, tscinvbit, avx, avx2, aes, erms, clmul, bmi1, bmi2, adx, avx512f, avx512dq, avx512cd, avx512bw, avx512vl, sha, fma, vzeroupper, avx512_vpopcntdq, avx512_vpclmulqdq, avx512_vaes, avx512_vnni, clflush, clflushopt, clwb, avx512_vbmi2, avx512_vbmi, hv, rdtscp, rdpid, fsrm, gfni, avx512_bitalg, f16c, cet_ibt, cet_ss, avx512_ifma
Processor Information for the first 8 processors :
  Max Mhz: 2401, Current Mhz: 2400, Mhz Limit: 2376

Memory: 4k page, system-wide physical 16026M (154M free)
TotalPageFile size 65178M (AvailPageFile size 23M)
current process WorkingSet (physical memory assigned to process): 306M, peak: 1069M
current process commit charge ("private bytes"): 1809M, peak: 1949M

vm_info: OpenJDK 64-Bit Server VM (21.0.12.1+1-LTS) for windows-amd64 JRE (21.0.12.1+1-LTS), built on 2026-08-18T00:00:00Z by "admin" with MS VC++ 17.12 (VS2022)

END.
